Gene_set,Term,Overlap,P-value,Adjusted P-value,Old P-value,Old Adjusted P-value,Odds Ratio,Combined Score,Genes
GO_Biological_Process_2023,Positive Regulation Of Interleukin-23 Production (GO:0032747),3/6,0.00020539878934542187,0.2853256755851087,0,0,44.44090909090909,377.32807863956987,IFNG;MYD88;IL17RA
GO_Biological_Process_2023,Regulation Of Establishment Of Cell Polarity (GO:2000114),4/17,0.0004494509528463325,0.2853256755851087,0,0,13.69826528824251,105.57915813858776,PLEKHG3;SHTN1;ROCK1;KIF20B
GO_Biological_Process_2023,Regulation Of Interleukin-23 Production (GO:0032667),3/8,0.000556366468450267,0.2853256755851087,0,0,26.66181818181818,199.805888114817,IFNG;MYD88;IL17RA
GO_Biological_Process_2023,Regulation Of Establishment Or Maintenance Of Cell Polarity (GO:0032878),4/18,0.0005678122897216093,0.2853256755851087,0,0,12.719166937845753,95.0594881256334,PLEKHG3;SHTN1;ROCK1;KIF20B
GO_Biological_Process_2023,Regulation Of Anoikis (GO:2000209),4/21,0.0010536973624747,0.3736735163764439,0,0,10.473000133994372,71.79712879446298,BRMS1;CEACAM6;BCL2;PDK4
GO_Biological_Process_2023,Regulation Of Intracellular Protein Transport (GO:0033157),5/36,0.0011154433324669,0.3736735163764439,0,0,7.190307850935336,48.88333197976806,TENM1;IFI27;PDCD10;KIF20B;CEP290
GO_Biological_Process_2023,Macrophage Activation Involved In Immune Response (GO:0002281),3/11,0.0015599924571061,0.4479406912547545,0,0,16.661079545454545,107.68179490253536,GRN;TYROBP;IFNG
GO_Biological_Process_2023,Negative Regulation Of Multicellular Organismal Process (GO:0051241),13/231,0.0020143135258163,0.5060962733613474,0,0,2.681960742479198,16.648209150760216,TLE3;GRN;SPI1;SLC11A1;PTCH1;TFE3;CYP51A1;SMAD6;TWSG1;BRMS1;GPNMB;IFNG;NFIB
GO_Biological_Process_2023,T Cell Proliferation (GO:0042098),3/14,0.0032754973112495,0.5903087501451929,0,0,12.115289256198349,69.31502960585817,TNFSF14;SLC11A1;LILRB1
GO_Biological_Process_2023,Contractile Actin Filament Bundle Assembly (GO:0030038),3/14,0.0032754973112495,0.5903087501451929,0,0,12.115289256198349,69.31502960585817,PDCD10;ZYX;SORBS1
GO_Biological_Process_2023,Stress Fiber Assembly (GO:0043149),3/14,0.0032754973112495,0.5903087501451929,0,0,12.115289256198349,69.31502960585817,PDCD10;ZYX;SORBS1
GO_Biological_Process_2023,Regulation Of Amyloid-Beta Clearance (GO:1900221),3/15,0.0040276266535729,0.5903087501451929,0,0,11.105113636363637,61.24001530454503,ROCK1;IFNG;CYP51A1
GO_Biological_Process_2023,Positive Regulation Of Phosphate Metabolic Process (GO:0045937),4/30,0.0041238476174656,0.5903087501451929,0,0,6.844576835465218,37.58335691974536,ROCK1;IFNG;FZD7;ILK
GO_Biological_Process_2023,Interferon-Mediated Signaling Pathway (GO:0140888),5/49,0.0044614778915834,0.5903087501451929,0,0,5.06252594437526,27.399783628293747,IFITM3;IFITM2;IFI27;IFNG;MYD88
GO_Biological_Process_2023,Regulation Of Protein Autophosphorylation (GO:0031952),4/31,0.0046532345870359,0.5903087501451929,0,0,6.590736522399393,35.39352510150364,MOB1B;ERRFI1;GPNMB;PDGFC
GO_Biological_Process_2023,Myeloid Leukocyte Differentiation (GO:0002573),6/71,0.0048596468400701,0.5903087501451929,0,0,4.117303291674001,21.93200798506933,SPI1;TYROBP;IFNG;SNX10;MMP9;OSCAR
GO_Biological_Process_2023,Embryonic Axis Specification (GO:0000578),3/17,0.0058249893173358,0.5903087501451929,0,0,9.517694805194806,48.974232434153805,PTCH1;SMAD6;CXXC4
GO_Biological_Process_2023,Myeloid Cell Activation Involved In Immune Response (GO:0002275),3/17,0.0058249893173358,0.5903087501451929,0,0,9.517694805194806,48.974232434153805,TYROBP;IFNG;LILRA2
GO_Biological_Process_2023,Regulation Of Epidermal Cell Differentiation (GO:0045604),3/18,0.0068764283405532,0.5903087501451929,0,0,8.882727272727273,44.23292525735861,ERRFI1;ROCK1;SGPP1
GO_Biological_Process_2023,Neutrophil Activation (GO:0042119),3/18,0.0068764283405532,0.5903087501451929,0,0,8.882727272727273,44.23292525735861,PREX1;TYROBP;LILRA2
GO_Biological_Process_2023,Regulation Of Osteoclast Development (GO:2001204),2/6,0.0069217522410086,0.5903087501451929,0,0,22.16893424036281,110.24802376349496,TYROBP;LILRB1
GO_Biological_Process_2023,Regulation Of Prostaglandin Biosynthetic Process (GO:0031392),2/6,0.0069217522410086,0.5903087501451929,0,0,22.16893424036281,110.24802376349496,PTGS2;PIBF1
GO_Biological_Process_2023,Lymphoid Progenitor Cell Differentiation (GO:0002320),2/6,0.0069217522410086,0.5903087501451929,0,0,22.16893424036281,110.24802376349496,SPI1;LIG4
GO_Biological_Process_2023,Positive Regulation Of Intracellular Protein Transport (GO:0090316),8/126,0.0070484626883008,0.5903087501451929,0,0,3.029651276056887,15.011757697111712,TENM1;TCAF1;IFNG;PDCD10;KIF20B;ECT2;ATG13;CEP290
GO_Biological_Process_2023,Positive Regulation Of Cell Migration (GO:0030335),13/272,0.0079203495100467,0.6151931701707172,0,0,2.2526174014546108,10.89888369982395,GRN;SEMA3C;ADAM10;CXCL16;FGR;SHTN1;GPNMB;IFNG;PDCD10;CEACAM6;PDGFC;KIF20B;S100A11
GO_Biological_Process_2023,Type I Interferon-Mediated Signaling Pathway (GO:0060337),4/37,0.0088028211915264,0.6151931701707172,0,0,5.390764133360944,25.512777873012958,IFITM3;IFITM2;IFI27;MYD88
GO_Biological_Process_2023,Microglial Cell Activation (GO:0001774),3/20,0.0092977005652587,0.6151931701707172,0,0,7.836898395721925,36.66091790977367,GRN;TYROBP;IFNG
GO_Biological_Process_2023,Regulation Of Lipoprotein Metabolic Process (GO:0050746),2/7,0.0095490489629795,0.6151931701707172,0,0,17.734240362811793,82.48751541537345,RB1CC1;ATG13
GO_Biological_Process_2023,Histone Lysine Demethylation (GO:0070076),2/7,0.0095490489629795,0.6151931701707172,0,0,17.734240362811793,82.48751541537345,KDM6B;JMJD1C
GO_Biological_Process_2023,Cellular Response To Type I Interferon (GO:0071357),4/38,0.0096699441211474,0.6151931701707172,0,0,5.23194425834115,24.26959116746347,IFITM3;IFITM2;IFI27;MYD88
GO_Biological_Process_2023,Positive Regulation Of Autophagy (GO:0010508),7/107,0.0097633141802156,0.6151931701707172,0,0,3.123830275229358,14.460595726454876,IFNG;ROCK1;RB1CC1;TFEB;IKBKG;ATG13;TRIM23
GO_Biological_Process_2023,Regulation Of NIK/NF-kappaB Signaling (GO:1901222),6/83,0.0102749511131418,0.6151931701707172,0,0,3.4735058991351897,15.901870747784615,ADGRG3;PPM1B;SPI1;TNFSF14;ILK;SASH1
GO_Biological_Process_2023,Positive Regulation Of Intracellular Transport (GO:0032388),4/39,0.0105906880478193,0.6151931701707172,0,0,5.082199804751058,23.11272739045141,TENM1;PDCD10;KIF20B;CEP290
GO_Biological_Process_2023,Cellular Response To Cadmium Ion (GO:0071276),3/22,0.0121568971818684,0.6151931701707172,0,0,7.011244019138756,30.91859474129331,NCF1;SLC11A1;MMP9
GO_Biological_Process_2023,Regulation Of Cell Population Proliferation (GO:0042127),27/766,0.0122566682597612,0.6151931701707172,0,0,1.6527206724263557,7.274756028289123,TENM1;NUDT6;CXCL5;GPNMB;ADAMTS1;PDCD10;NACC2;RB1CC1;PDGFC;CYP1B1;S100A11;MINAR1;TIPIN;TNFRSF9;RHOG;ADAM10;SMAD6;S100B;ATG13;IFNG;CEACAM6;FES;ALDH1A2;BCL2;SPDYA;PTPN6;KIF20B
GO_Biological_Process_2023,Cyclooxygenase Pathway (GO:0019371),2/8,0.0125466204289188,0.6151931701707172,0,0,14.77777777777778,64.70160264230924,PTGDS;PTGS2
GO_Biological_Process_2023,Immune Response-Inhibiting Cell Surface Receptor Signaling Pathway (GO:0002767),2/8,0.0125466204289188,0.6151931701707172,0,0,14.77777777777778,64.70160264230924,LILRB1;KIR2DL1
GO_Biological_Process_2023,Positive Regulation Of Smooth Muscle Cell Apoptotic Process (GO:0034393),2/8,0.0125466204289188,0.6151931701707172,0,0,14.77777777777778,64.70160264230924,IFNG;E2F3
GO_Biological_Process_2023,Acylglycerol Metabolic Process (GO:0006639),4/41,0.0125976613849687,0.6151931701707172,0,0,4.806993781936835,21.02696412505096,ABHD2;APOBR;DGKK;DGKH
GO_Biological_Process_2023,Positive Regulation Of Cellular Process (GO:0048522),22/594,0.0135252025214956,0.6151931701707172,0,0,1.7344235337109446,7.463572183653368,GRN;TIPIN;EGR2;TFE3;HBE1;RHOG;ADAM10;CST7;LILRA2;S100B;CXCL5;CXCL16;IFNG;PDCD10;CEACAM6;PDGFC;RPS6KA1;BCL2;SPDYA;RICTOR;PTPN6;KIF20B
GO_Biological_Process_2023,Lipid Modification (GO:0030258),4/42,0.0136860511244937,0.6151931701707172,0,0,4.680254166167126,20.08474037586773,MBOAT7;DGKK;SGPP1;DGKH
GO_Biological_Process_2023,Positive Regulation Of p38MAPK Cascade (GO:1900745),3/24,0.0154659820092541,0.6151931701707172,0,0,6.342857142857143,26.44408421374505,SPI1;NCF1;SASH1
GO_Biological_Process_2023,Regulation Of Inflammatory Response To Wounding (GO:0106014),2/9,0.0158968498609713,0.6151931701707172,0,0,12.666018788467769,52.45801800234691,GRN;PTPN6
GO_Biological_Process_2023,Regulation Of Protein Lipidation (GO:1903059),2/9,0.0158968498609713,0.6151931701707172,0,0,12.666018788467769,52.45801800234691,RB1CC1;ATG13
GO_Biological_Process_2023,Lipid Phosphorylation (GO:0046834),2/9,0.0158968498609713,0.6151931701707172,0,0,12.666018788467769,52.45801800234691,DGKK;DGKH
GO_Biological_Process_2023,Negative Regulation Of Transforming Growth Factor Beta Production (GO:0071635),2/9,0.0158968498609713,0.6151931701707172,0,0,12.666018788467769,52.45801800234691,TYROBP;LILRB1
GO_Biological_Process_2023,Positive Regulation Of Keratinocyte Migration (GO:0051549),2/9,0.0158968498609713,0.6151931701707172,0,0,12.666018788467769,52.45801800234691,IQSEC1;MMP9
GO_Biological_Process_2023,Peptidyl-Tyrosine Phosphorylation (GO:0018108),5/67,0.016374635535146,0.6151931701707172,0,0,3.5894461629105905,14.759880710663577,FGR;CLK1;FES;PTPN6;PIBF1
GO_Biological_Process_2023,Regulation Of Synapse Organization (GO:0050807),3/25,0.0172917925382144,0.6151931701707172,0,0,6.054235537190083,24.5652018152134,TANC1;SLITRK4;MDGA1
GO_Biological_Process_2023,Osteoclast Differentiation (GO:0030316),3/25,0.0172917925382144,0.6151931701707172,0,0,6.054235537190083,24.5652018152134,TYROBP;SNX10;OSCAR
GO_Biological_Process_2023,Positive Regulation Of Release Of Cytochrome C From Mitochondria (GO:0090200),3/25,0.0172917925382144,0.6151931701707172,0,0,6.054235537190083,24.5652018152134,PLAUR;PMAIP1;MMP9
GO_Biological_Process_2023,Defense Response To Symbiont (GO:0140546),8/148,0.0174540839331328,0.6151931701707172,0,0,2.550673234811166,10.325588511444218,IFITM3;IFITM2;IFI27;BCL2;PMAIP1;LILRB1;MYD88;APOBEC3B
GO_Biological_Process_2023,Negative Regulation Of Cytokine Production (GO:0001818),9/178,0.0179623347994446,0.6151931701707172,0,0,2.3790254410601803,9.562440956082892,TWSG1;TYROBP;IFNG;GPNMB;SLC11A1;INHBB;LILRB1;PTPN6;PIBF1
GO_Biological_Process_2023,T Cell Differentiation (GO:0030217),4/46,0.0186279787235247,0.6151931701707172,0,0,4.233647901073869,16.863003141710834,SPI1;USP44;LEPR;LIG4
GO_Biological_Process_2023,Regulation Of Epidermal Growth Factor-Activated Receptor Activity (GO:0007176),3/26,0.0192326544649573,0.6151931701707172,0,0,5.790711462450593,22.87994464389325,ERRFI1;NCF1;SOCS6
GO_Biological_Process_2023,Regulation Of Keratinocyte Differentiation (GO:0045616),3/26,0.0192326544649573,0.6151931701707172,0,0,5.790711462450593,22.87994464389325,ERRFI1;ROCK1;SGPP1
GO_Biological_Process_2023,Positive Regulation Of Protein Transport (GO:0051222),5/70,0.0194554414270755,0.6151931701707172,0,0,3.4232525465402177,13.486343237387446,TENM1;PDCD10;KIF20B;CEP290;EXPH5
GO_Biological_Process_2023,Regulation Of Cysteine-Type Endopeptidase Activity Involved In Apoptotic Signaling Pathway (GO:2001267),2/10,0.0195827161590506,0.6151931701707172,0,0,11.082199546485262,43.58748692261313,PLAUR;MMP9
GO_Biological_Process_2023,Cellular Response To Cholesterol (GO:0071397),2/10,0.0195827161590506,0.6151931701707172,0,0,11.082199546485262,43.58748692261313,GRAMD1C;PTCH1
GO_Biological_Process_2023,Negative Regulation Of Alpha-Beta T Cell Activation (GO:0046636),2/10,0.0195827161590506,0.6151931701707172,0,0,11.082199546485262,43.58748692261313,TWSG1;LILRB1
GO_Biological_Process_2023,Negative Regulation Of Interferon-Beta Production (GO:0032688),2/10,0.0195827161590506,0.6151931701707172,0,0,11.082199546485262,43.58748692261313,PPM1B;LILRB1
GO_Biological_Process_2023,Protein Prenylation (GO:0018342),2/10,0.0195827161590506,0.6151931701707172,0,0,11.082199546485262,43.58748692261313,PTAR1;CHML
GO_Biological_Process_2023,Response To Cytokine (GO:0034097),7/125,0.0213747549699089,0.6151931701707172,0,0,2.644864717773286,10.1709455707041,IFITM3;IFITM2;SLC11A1;ALDH1A2;BCL2;MYD88;CXCL16
GO_Biological_Process_2023,Regulation Of Intrinsic Apoptotic Signaling Pathway (GO:2001242),4/48,0.0214634335471574,0.6151931701707172,0,0,4.04079519569269,15.522329078800048,PLAUR;BCL2;PMAIP1;MMP9
GO_Biological_Process_2023,Positive Regulation Of Protein Phosphorylation (GO:0001934),15/377,0.0215417620998614,0.6151931701707172,0,0,1.858347963029896,7.131896832290941,TENM1;SH2D3C;PLAUR;ILK;INHBB;MMP9;MOB1B;TWSG1;GPNMB;PDCD10;RB1CC1;PDGFC;SPDYA;LEPR;STOX1
GO_Biological_Process_2023,Negative Regulation Of Cell Population Proliferation (GO:0008285),15/379,0.0224558558770966,0.6151931701707172,0,0,1.8479446954914245,7.015174782314433,MINAR1;TENM1;SMAD6;NUDT6;ATG13;GPNMB;IFNG;ADAMTS1;NACC2;RB1CC1;ALDH1A2;CYP1B1;E2F3;PTPN6;S100A11
GO_Biological_Process_2023,Heterophilic Cell-Cell Adhesion Via Plasma Membrane Cell Adhesion Molecules (GO:0007157),4/49,0.022974721149671,0.6151931701707172,0,0,3.9507972665148063,14.907783328511549,TENM1;ALCAM;VCAM1;CEACAM6
GO_Biological_Process_2023,Regulation Of Keratinocyte Migration (GO:0051547),2/11,0.023587776257887,0.6151931701707172,0,0,9.850340136054422,36.90948706351587,IQSEC1;MMP9
GO_Biological_Process_2023,Cytidine To Uridine Editing (GO:0016554),2/11,0.023587776257887,0.6151931701707172,0,0,9.850340136054422,36.90948706351587,RBM47;APOBEC3B
GO_Biological_Process_2023,Intrinsic Apoptotic Signaling Pathway In Response To Oxidative Stress (GO:0008631),2/11,0.023587776257887,0.6151931701707172,0,0,9.850340136054422,36.90948706351587,PDCD10;CYP1B1
GO_Biological_Process_2023,Neutrophil Activation Involved In Immune Response (GO:0002283),2/11,0.023587776257887,0.6151931701707172,0,0,9.850340136054422,36.90948706351587,TYROBP;LILRA2
GO_Biological_Process_2023,Defense Response To Virus (GO:0051607),9/189,0.0253200555335503,0.6151931701707172,0,0,2.2323732718894007,8.206557952823662,IFITM3;IFITM2;IFI27;USP44;BCL2;PMAIP1;LILRB1;MYD88;APOBEC3B
GO_Biological_Process_2023,Heterotypic Cell-Cell Adhesion (GO:0034113),3/29,0.0257482033757152,0.6151931701707172,0,0,5.121765734265734,18.74254049281913,DSP;VCAM1;NINJ1
GO_Biological_Process_2023,Positive Regulation Of Interleukin-6 Production (GO:0032755),5/76,0.0267030969606108,0.6151931701707172,0,0,3.1329989066821016,11.35077899873324,TYROBP;IFNG;LILRA2;MYD88;IL17RA
GO_Biological_Process_2023,Rho Protein Signal Transduction (GO:0007266),4/52,0.027889359389639,0.6151931701707172,0,0,3.7033029612756265,13.25601015617123,EPS8;SHTN1;ROCK1;RHOG
GO_Biological_Process_2023,Astrocyte Activation (GO:0048143),2/12,0.0278961479866934,0.6151931701707172,0,0,8.86485260770975,31.72967142607472,GRN;IFNG
GO_Biological_Process_2023,Endothelium Development (GO:0003158),2/12,0.0278961479866934,0.6151931701707172,0,0,8.86485260770975,31.72967142607472,KDM6B;PDCD10
GO_Biological_Process_2023,Negative Regulation Of Epidermal Growth Factor-Activated Receptor Activity (GO:0007175),2/12,0.0278961479866934,0.6151931701707172,0,0,8.86485260770975,31.72967142607472,ERRFI1;SOCS6
GO_Biological_Process_2023,Positive Regulation Of Myeloid Leukocyte Mediated Immunity (GO:0002888),2/12,0.0278961479866934,0.6151931701707172,0,0,8.86485260770975,31.72967142607472,SPI1;TYROBP
GO_Biological_Process_2023,Positive Regulation Of Neuron Migration (GO:2001224),2/12,0.0278961479866934,0.6151931701707172,0,0,8.86485260770975,31.72967142607472,SHTN1;KIF20B
GO_Biological_Process_2023,Quaternary Ammonium Group Transport (GO:0015697),2/12,0.0278961479866934,0.6151931701707172,0,0,8.86485260770975,31.72967142607472,SLC44A2;SLC6A20
GO_Biological_Process_2023,Regulation Of Potassium Ion Transport (GO:0043266),3/30,0.0281509139989188,0.6151931701707172,0,0,4.931818181818182,17.607456226405866,GNB2;KCNIP4;KCNA5
GO_Biological_Process_2023,Positive Regulation Of Protein Modification Process (GO:0031401),10/225,0.028861813189206,0.6151931701707172,0,0,2.077662602717654,7.365804048366356,MOB1B;BRMS1;GPNMB;FAM161A;IFNG;RB1CC1;LEPR;PLAUR;ILK;MMP9
GO_Biological_Process_2023,Positive Regulation Of Stress-Activated MAPK Cascade (GO:0032874),6/105,0.0293544586007768,0.6151931701707172,0,0,2.6985645933014357,9.52137468756939,SPI1;NCF1;PDCD10;FZD7;TPD52L1;SASH1
GO_Biological_Process_2023,Negative Regulation Of Viral Genome Replication (GO:0045071),4/53,0.0296559647530429,0.6151931701707172,0,0,3.627539398447306,12.762017343389154,IFITM3;IFITM2;RESF1;APOBEC3B
GO_Biological_Process_2023,Peptidyl-Tyrosine Modification (GO:0018212),4/54,0.0314873538911285,0.6151931701707172,0,0,3.554806378132118,12.293122204432724,FGR;CLK1;FES;PTPN6
GO_Biological_Process_2023,Regulation Of Nitrogen Compound Metabolic Process (GO:0051171),2/13,0.0324924933708032,0.6151931701707172,0,0,8.058544629973202,27.61458710392552,PM20D2;IFNG
GO_Biological_Process_2023,Immune Response-Regulating Cell Surface Receptor Signaling Pathway (GO:0002768),2/13,0.0324924933708032,0.6151931701707172,0,0,8.058544629973202,27.61458710392552,FGR;LILRB1
GO_Biological_Process_2023,Negative Regulation Of Interleukin-12 Production (GO:0032695),2/13,0.0324924933708032,0.6151931701707172,0,0,8.058544629973202,27.61458710392552,LILRB1;PIBF1
GO_Biological_Process_2023,Negative Regulation Of Neuroinflammatory Response (GO:0150079),2/13,0.0324924933708032,0.6151931701707172,0,0,8.058544629973202,27.61458710392552,GRN;CST7
GO_Biological_Process_2023,Positive Regulation Of Brown Fat Cell Differentiation (GO:0090336),2/13,0.0324924933708032,0.6151931701707172,0,0,8.058544629973202,27.61458710392552,TFE3;PTGS2
GO_Biological_Process_2023,Positive Regulation Of Protein Deacetylation (GO:0090312),2/13,0.0324924933708032,0.6151931701707172,0,0,8.058544629973202,27.61458710392552,BRMS1;IFNG
GO_Biological_Process_2023,Protein Localization To Plasma Membrane (GO:0072659),7/137,0.0330419399730985,0.6151931701707172,0,0,2.3992413549753,8.181359316231777,HYCC2;ROCK1;RAB3D;PTCH1;FCHO2;KCNIP4;ASB3
GO_Biological_Process_2023,Regulation Of Cell Migration (GO:0030334),16/434,0.0332671058871625,0.6151931701707172,0,0,1.7156751790056364,5.838762060961357,PLEKHG3;GRN;TCAF1;ROCK1;SEMA3C;ADAM10;CXCL16;ADGRG3;FGR;BRMS1;GPNMB;PDCD10;CEACAM6;PDGFC;CYP1B1;SASH1
GO_Biological_Process_2023,Mitochondrial Membrane Organization (GO:0007006),3/32,0.0333004696299902,0.6151931701707172,0,0,4.591222570532915,15.62018295567034,APOOL;BCL2;PMAIP1
GO_Biological_Process_2023,Cell-Matrix Adhesion (GO:0007160),6/109,0.0343604368360687,0.6151931701707172,0,0,2.593232765324032,8.74139728853584,COL17A1;VCAM1;ZYX;ILK;SORBS1;NID2
GO_Biological_Process_2023,Regulation Of Cation Channel Activity (GO:2001257),4/56,0.0353454929393507,0.6151931701707172,0,0,3.4177326090765727,11.424059678367945,CACNB4;HOMER1;CABP5;MMP9
GO_Biological_Process_2023,Positive Regulation Of Epidermal Growth Factor Receptor Signaling Pathway (GO:0045742),3/33,0.0360460137704995,0.6151931701707172,0,0,4.437954545454545,14.74714098236972,NCF1;PLAUR;MMP9
GO_Biological_Process_2023,Regulation Of Establishment Of Protein Localization (GO:0070201),2/14,0.037362002411105,0.6151931701707172,0,0,7.386621315192744,24.28057082390696,CEP290;CTSD
GO_Biological_Process_2023,Regulation Of Mast Cell Degranulation (GO:0043304),2/14,0.037362002411105,0.6151931701707172,0,0,7.386621315192744,24.28057082390696,FGR;FES
GO_Biological_Process_2023,Regulation Of Microglial Cell Activation (GO:1903978),2/14,0.037362002411105,0.6151931701707172,0,0,7.386621315192744,24.28057082390696,GRN;CST7
GO_Biological_Process_2023,Regulation Of Sequestering Of Triglyceride (GO:0010889),2/14,0.037362002411105,0.6151931701707172,0,0,7.386621315192744,24.28057082390696,OSBPL8;PLIN3
GO_Biological_Process_2023,Histone mRNA Catabolic Process (GO:0071044),2/14,0.037362002411105,0.6151931701707172,0,0,7.386621315192744,24.28057082390696,UPF1;DCP2
GO_Biological_Process_2023,Negative Regulation Of Single Stranded Viral RNA Replication Via Double Stranded DNA Intermediate (GO:0045869),2/14,0.037362002411105,0.6151931701707172,0,0,7.386621315192744,24.28057082390696,RESF1;APOBEC3B
GO_Biological_Process_2023,Prostanoid Biosynthetic Process (GO:0046457),2/14,0.037362002411105,0.6151931701707172,0,0,7.386621315192744,24.28057082390696,PTGS2;PTGDS
GO_Biological_Process_2023,Positive Regulation Of Interleukin-1 Beta Production (GO:0032731),4/57,0.0373726081719569,0.6151931701707172,0,0,3.353075170842825,11.0209452943627,TYROBP;IFNG;LILRA2;MYD88
GO_Biological_Process_2023,Regulation Of Calcium Ion Transport (GO:0051924),4/57,0.0373726081719569,0.6151931701707172,0,0,3.353075170842825,11.0209452943627,HOMER1;BCL2;LILRB1;LILRA2
GO_Biological_Process_2023,Positive Regulation Of Neuron Death (GO:1901216),3/34,0.0389042851325965,0.6151931701707172,0,0,4.294574780058651,13.942984975050429,GRN;TYROBP;IFNG
GO_Biological_Process_2023,Regulation Of Neuron Death (GO:1901214),4/58,0.0394652398076858,0.6151931701707172,0,0,3.29081245254366,10.637008266737167,TYROBP;IFNG;GPNMB;IKBKG
GO_Biological_Process_2023,Regulation Of Phagocytosis (GO:0050764),4/58,0.0394652398076858,0.6151931701707172,0,0,3.29081245254366,10.637008266737167,FGR;IFNG;SLC11A1;SIRPB1
GO_Biological_Process_2023,Regulation Of Angiogenesis (GO:0045765),9/205,0.0395023277511928,0.6151931701707172,0,0,2.048445876046271,6.619339151295182,MINAR1;GRN;GPNMB;ROCK1;PDCD10;ADAMTS1;NINJ1;CYP1B1;SASH1
GO_Biological_Process_2023,Integrin-Mediated Signaling Pathway (GO:0007229),5/85,0.0404557468472897,0.6151931701707172,0,0,2.779252283105023,8.9145811353602,FGR;ADAMTS1;ZYX;ILK;ADAM10
GO_Biological_Process_2023,Regulation Of Interleukin-6 Production (GO:0032675),6/114,0.0413517220123581,0.6151931701707172,0,0,2.4725400457665905,7.876625472027221,TYROBP;IFNG;PTPN6;LILRA2;MYD88;IL17RA
GO_Biological_Process_2023,Regulation Of Dephosphorylation (GO:0035303),2/15,0.0424903773232109,0.6151931701707172,0,0,6.818070818070818,21.534724258259285,PPP1R17;ROCK1
GO_Biological_Process_2023,T Cell Homeostasis (GO:0043029),2/15,0.0424903773232109,0.6151931701707172,0,0,6.818070818070818,21.534724258259285,TNFSF14;PMAIP1
GO_Biological_Process_2023,Cellular Response To Sterol (GO:0036315),2/15,0.0424903773232109,0.6151931701707172,0,0,6.818070818070818,21.534724258259285,GRAMD1C;PTCH1
GO_Biological_Process_2023,Defense Response To Protozoan (GO:0042832),2/15,0.0424903773232109,0.6151931701707172,0,0,6.818070818070818,21.534724258259285,SLC11A1;MYD88
GO_Biological_Process_2023,Negative Regulation Of Epithelial Cell Differentiation (GO:0030857),2/15,0.0424903773232109,0.6151931701707172,0,0,6.818070818070818,21.534724258259285,IFNG;MMP9
GO_Biological_Process_2023,Negative Regulation Of Immune Effector Process (GO:0002698),2/15,0.0424903773232109,0.6151931701707172,0,0,6.818070818070818,21.534724258259285,GRN;LILRB1
GO_Biological_Process_2023,Negative Regulation Of Macrophage Activation (GO:0043031),2/15,0.0424903773232109,0.6151931701707172,0,0,6.818070818070818,21.534724258259285,GRN;CST7
GO_Biological_Process_2023,Positive Regulation Of Cell Activation (GO:0050867),2/15,0.0424903773232109,0.6151931701707172,0,0,6.818070818070818,21.534724258259285,RPS6KA1;LILRA2
GO_Biological_Process_2023,Protein Localization To Microtubule Organizing Center (GO:1905508),2/15,0.0424903773232109,0.6151931701707172,0,0,6.818070818070818,21.534724258259285,SNX10;PIBF1
GO_Biological_Process_2023,Neuron Projection Morphogenesis (GO:0048812),7/146,0.0441556528619511,0.6151931701707172,0,0,2.242855257078741,6.997785382451587,SHTN1;ALCAM;ROCK1;SLITRK4;KIF20B;S100B;ZDHHC17
GO_Biological_Process_2023,Positive Regulation Of Cellular Catabolic Process (GO:0031331),7/146,0.0441556528619511,0.6151931701707172,0,0,2.242855257078741,6.997785382451587,UPF1;IFNG;ROCK1;RB1CC1;TFEB;ATG13;TRIM23
GO_Biological_Process_2023,Positive Regulation Of Intracellular Signal Transduction (GO:1902533),18/525,0.0456073791489576,0.6151931701707172,0,0,1.5913679081099896,4.913644016239084,OSBPL8;NCF1;ROCK1;TNFSF14;SLC44A2;LPAR1;ILK;S100B;ZDHHC17;FGR;PDGFC;PMAIP1;RICTOR;PTPN6;IKBKG;ECT2;MYD88;SASH1
GO_Biological_Process_2023,Negative Regulation Of Neuron Death (GO:1901215),5/88,0.0458390584993224,0.6151931701707172,0,0,2.678384771964571,8.256439106073474,GRN;GPNMB;BCL2;LIG4;IKBKG
GO_Biological_Process_2023,Positive Regulation Of Protein Serine/Threonine Kinase Activity (GO:0071902),6/117,0.0459472436174419,0.6151931701707172,0,0,2.4053435586616363,7.409086962085037,TENM1;IFNG;PDCD10;PDGFC;SPDYA;TPD52L1
GO_Biological_Process_2023,Regulation Of Small GTPase Mediated Signal Transduction (GO:0051056),6/118,0.0475468027677103,0.6151931701707172,0,0,2.3837446878064728,7.260983412857008,SYDE2;PLEKHG3;PREX1;ARHGEF17;RASGRF1;ECT2
GO_Biological_Process_2023,Positive Regulation Of Peptidyl-Serine Phosphorylation (GO:0033138),5/89,0.0477237662322215,0.6151931701707172,0,0,2.6463633398564905,8.051099362626516,TENM1;IFNG;PDCD10;SH2D3C;STOX1
GO_Biological_Process_2023,Regulation Of Fibrinolysis (GO:0051917),2/16,0.047863817174397,0.6151931701707172,0,0,6.330741820537739,19.241627837561904,THBD;PLAUR
GO_Biological_Process_2023,Regulation Of Natural Killer Cell Activation (GO:0032814),2/16,0.047863817174397,0.6151931701707172,0,0,6.330741820537739,19.241627837561904,TYROBP;PIBF1
GO_Biological_Process_2023,Regulation Of Transforming Growth Factor Beta Production (GO:0071634),2/16,0.047863817174397,0.6151931701707172,0,0,6.330741820537739,19.241627837561904,LILRB1;PTGS2
GO_Biological_Process_2023,Extrinsic Apoptotic Signaling Pathway In Absence Of Ligand (GO:0097192),2/16,0.047863817174397,0.6151931701707172,0,0,6.330741820537739,19.241627837561904,BCL2A1;BCL2
GO_Biological_Process_2023,Innate Immune Response-Activating Signaling Pathway (GO:0002758),2/16,0.047863817174397,0.6151931701707172,0,0,6.330741820537739,19.241627837561904,LACC1;LILRA2
GO_Biological_Process_2023,Negative Regulation Of RNA Biosynthetic Process (GO:1902679),2/16,0.047863817174397,0.6151931701707172,0,0,6.330741820537739,19.241627837561904,RESF1;APOBEC3B
GO_Biological_Process_2023,Negative Regulation Of Anoikis (GO:2000811),2/16,0.047863817174397,0.6151931701707172,0,0,6.330741820537739,19.241627837561904,CEACAM6;PDK4
GO_Biological_Process_2023,Negative Regulation Of Interleukin-10 Production (GO:0032693),2/16,0.047863817174397,0.6151931701707172,0,0,6.330741820537739,19.241627837561904,TYROBP;LILRB1
GO_Biological_Process_2023,Regulation Of p38MAPK Cascade (GO:1900744),3/37,0.0481447277219598,0.6151931701707172,0,0,3.915040106951872,11.876445031200442,SPI1;NCF1;SASH1
GO_Biological_Process_2023,Positive Regulation Of Exocytosis (GO:0045921),3/37,0.0481447277219598,0.6151931701707172,0,0,3.915040106951872,11.876445031200442,IFNG;RAB3D;EXPH5
GO_Biological_Process_2023,Fat Cell Differentiation (GO:0045444),4/62,0.0484911133877305,0.6151931701707172,0,0,3.063231482208782,9.27048634054249,OSBPL8;EGR2;INHBB;SMAD6
GO_Biological_Process_2023,G1/S Transition Of Mitotic Cell Cycle (GO:0000082),4/63,0.0509110214754222,0.6151931701707172,0,0,3.011157870352496,8.966252061846852,SPDYA;E2F3;BACH1;CDK14
GO_Biological_Process_2023,Central Nervous System Development (GO:0007417),11/283,0.0514078095779107,0.6151931701707172,0,0,1.8053427968409583,5.35819456033977,EGR2;PPP1R17;NFIB;PTCH1;PDGFC;LIG4;SERPINI1;JRKL;JARID2;S100B;MDGA1
GO_Biological_Process_2023,G2/M Transition Of Mitotic Cell Cycle (GO:0000086),3/38,0.051442570498904,0.6151931701707172,0,0,3.802987012987013,11.284562403499198,TPD52L1;BACH1;CDK14
GO_Biological_Process_2023,Negative Regulation Of Type I Interferon Production (GO:0032480),3/38,0.051442570498904,0.6151931701707172,0,0,3.802987012987013,11.284562403499198,PPM1B;TYROBP;LILRB1
GO_Biological_Process_2023,Positive Regulation Of MAP Kinase Activity (GO:0043406),5/91,0.0516290795209819,0.6151931701707172,0,0,2.58455452904322,7.659767260291773,TENM1;PDCD10;PDGFC;TPD52L1;SASH1
GO_Biological_Process_2023,Regulation Of Actin Cytoskeleton Organization (GO:0032956),5/91,0.0516290795209819,0.6151931701707172,0,0,2.58455452904322,7.659767260291773,EPS8;ROCK1;RHOG;TWF1;RICTOR
GO_Biological_Process_2023,Positive Regulation Of Interleukin-1 Production (GO:0032732),4/64,0.0533959761318143,0.6151931701707172,0,0,2.960820045558086,8.675261621803564,TYROBP;IFNG;LILRA2;MYD88
GO_Biological_Process_2023,Rac Protein Signal Transduction (GO:0016601),2/17,0.0534690029934403,0.6151931701707172,0,0,5.908390022675737,17.303625206655973,EPS8;RHOG
GO_Biological_Process_2023,Base Conversion Or Substitution Editing (GO:0016553),2/17,0.0534690029934403,0.6151931701707172,0,0,5.908390022675737,17.303625206655973,RBM47;APOBEC3B
GO_Biological_Process_2023,Regulation Of Single Stranded Viral RNA Replication Via Double Stranded DNA Intermediate (GO:0045091),2/17,0.0534690029934403,0.6151931701707172,0,0,5.908390022675737,17.303625206655973,RESF1;APOBEC3B
GO_Biological_Process_2023,Response To Interferon-Alpha (GO:0035455),2/17,0.0534690029934403,0.6151931701707172,0,0,5.908390022675737,17.303625206655973,IFITM3;IFITM2
GO_Biological_Process_2023,Leukocyte Tethering Or Rolling (GO:0050901),2/17,0.0534690029934403,0.6151931701707172,0,0,5.908390022675737,17.303625206655973,VCAM1;ROCK1
GO_Biological_Process_2023,Prostaglandin Biosynthetic Process (GO:0001516),2/17,0.0534690029934403,0.6151931701707172,0,0,5.908390022675737,17.303625206655973,PTGS2;PTGDS
GO_Biological_Process_2023,Protein Localization To Centrosome (GO:0071539),2/17,0.0534690029934403,0.6151931701707172,0,0,5.908390022675737,17.303625206655973,SNX10;PIBF1
GO_Biological_Process_2023,Regulation Of Brown Fat Cell Differentiation (GO:0090335),2/17,0.0534690029934403,0.6151931701707172,0,0,5.908390022675737,17.303625206655973,TFE3;PTGS2
GO_Biological_Process_2023,Positive Regulation Of Cytokine Production (GO:0001819),12/320,0.0538822357496937,0.6151931701707172,0,0,1.740048814294754,5.082603298303446,FGR;LACC1;TYROBP;IFNG;SLC11A1;CYP1B1;LILRB1;LILRA2;PTGS2;PIBF1;MYD88;IL17RA
GO_Biological_Process_2023,Protein Phosphorylation (GO:0006468),17/500,0.0543218126769787,0.6151931701707172,0,0,1.5759192838188552,4.590384062824015,ROCK1;MAST3;NEK7;ADAM10;ILK;ATG13;CLK1;FGR;MEX3B;FES;RB1CC1;RPS6KA1;GRK6;PDK4;RICTOR;PTPN6;CDK14
GO_Biological_Process_2023,Regulation Of Mitochondrial Membrane Potential (GO:0051881),3/39,0.0548468981604146,0.6151931701707172,0,0,3.697159090909091,10.733627932470789,BCL2;PMAIP1;STOX1
GO_Biological_Process_2023,Regulation Of Monoatomic Cation Transmembrane Transport (GO:1904062),3/39,0.0548468981604146,0.6151931701707172,0,0,3.697159090909091,10.733627932470789,HOMER1;GNB2;KCNIP4
GO_Biological_Process_2023,Negative Regulation Of Lymphocyte Proliferation (GO:0050672),3/39,0.0548468981604146,0.6151931701707172,0,0,3.697159090909091,10.733627932470789,TYROBP;GPNMB;LILRB1
GO_Biological_Process_2023,Positive Regulation Of Cytokinesis (GO:0032467),3/39,0.0548468981604146,0.6151931701707172,0,0,3.697159090909091,10.733627932470789,MAP10;ECT2;KIF20B
GO_Biological_Process_2023,Phosphorylation (GO:0016310),15/429,0.0559802385563297,0.6151931701707172,0,0,1.620530272247054,4.671594229969651,ROCK1;NEK7;ADAM10;ILK;ATG13;FGR;MEX3B;RB1CC1;RPS6KA1;GRK6;PDK4;RICTOR;DGKK;CDK14;DGKH
GO_Biological_Process_2023,Positive Regulation Of Cell Motility (GO:2000147),9/221,0.0582987898696443,0.6151931701707172,0,0,1.8922811059907836,5.378192051888504,FGR;GRN;GPNMB;SEMA3C;PDCD10;CEACAM6;PDGFC;ADAM10;CXCL16
GO_Biological_Process_2023,Negative Regulation Of Immune Response (GO:0050777),4/66,0.0585599946520324,0.6151931701707172,0,0,2.8650157983687268,8.130065360458998,FGR;SPI1;TRAFD1;LILRB1
GO_Biological_Process_2023,3'-UTR-mediated mRNA Stabilization (GO:0070935),2/18,0.0592930832716991,0.6151931701707172,0,0,5.538832199546485,15.648655568406603,RBM47;MYD88
GO_Biological_Process_2023,Actin Filament Capping (GO:0051693),2/18,0.0592930832716991,0.6151931701707172,0,0,5.538832199546485,15.648655568406603,EPS8;TWF1
GO_Biological_Process_2023,Regulation Of Mitochondrial Membrane Permeability (GO:0046902),2/18,0.0592930832716991,0.6151931701707172,0,0,5.538832199546485,15.648655568406603,BCL2;PMAIP1
GO_Biological_Process_2023,Autophagy Of Nucleus (GO:0044804),2/18,0.0592930832716991,0.6151931701707172,0,0,5.538832199546485,15.648655568406603,RB1CC1;ATG13
GO_Biological_Process_2023,Barbed-End Actin Filament Capping (GO:0051016),2/18,0.0592930832716991,0.6151931701707172,0,0,5.538832199546485,15.648655568406603,EPS8;TWF1
GO_Biological_Process_2023,Response To Cholesterol (GO:0070723),2/18,0.0592930832716991,0.6151931701707172,0,0,5.538832199546485,15.648655568406603,GRAMD1C;PTCH1
GO_Biological_Process_2023,Intracellular Lipid Transport (GO:0032365),2/18,0.0592930832716991,0.6151931701707172,0,0,5.538832199546485,15.648655568406603,GRAMD1C;SGPP1
GO_Biological_Process_2023,Negative Regulation Of Viral Entry Into Host Cell (GO:0046597),2/18,0.0592930832716991,0.6151931701707172,0,0,5.538832199546485,15.648655568406603,IFITM3;IFITM2
GO_Biological_Process_2023,Positive Regulation Of NLRP3 Inflammasome Complex Assembly (GO:1900227),2/18,0.0592930832716991,0.6151931701707172,0,0,5.538832199546485,15.648655568406603,NEK7;MYD88
GO_Biological_Process_2023,Positive Regulation Of Cyclin-Dependent Protein Kinase Activity (GO:1904031),2/18,0.0592930832716991,0.6151931701707172,0,0,5.538832199546485,15.648655568406603,SPDYA;STOX1
GO_Biological_Process_2023,Positive Regulation Of Cytokine Production Involved In Inflammatory Response (GO:1900017),2/18,0.0592930832716991,0.6151931701707172,0,0,5.538832199546485,15.648655568406603,MYD88;IL17RA
GO_Biological_Process_2023,Positive Regulation Of Nervous System Process (GO:0031646),2/18,0.0592930832716991,0.6151931701707172,0,0,5.538832199546485,15.648655568406603,EGR2;CST7
GO_Biological_Process_2023,Positive Regulation Of Osteoclast Differentiation (GO:0045672),2/18,0.0592930832716991,0.6151931701707172,0,0,5.538832199546485,15.648655568406603,TYROBP;IFNG
GO_Biological_Process_2023,Nervous System Development (GO:0007399),15/433,0.0596588134395104,0.6151931701707172,0,0,1.6046874301301255,4.523795819125596,TENM1;EGR2;PPP1R17;LPAR1;LIG4;JRKL;S100B;ALDH1A2;PDGFC;NINJ1;ADORA1;SERPINI1;JARID2;ECT2;MDGA1
GO_Biological_Process_2023,Positive Regulation Of Epithelial Cell Migration (GO:0010634),5/95,0.0599839749561651,0.6151931701707172,0,0,2.469178082191781,6.947471644227802,GRN;IFNG;IQSEC1;MMP9;SASH1
GO_Biological_Process_2023,Extrinsic Apoptotic Signaling Pathway (GO:0097191),4/67,0.0612384327134763,0.6151931701707172,0,0,2.819394728278555,7.874513936966015,IFI27;IFNG;BCL2A1;BCL2
GO_Biological_Process_2023,Regulation Of Microtubule-Based Process (GO:0032886),3/41,0.0619686620380461,0.6151931701707172,0,0,3.502212918660287,9.740097061187114,MAP10;ROCK1;TRIM36
GO_Biological_Process_2023,Regulation Of Release Of Cytochrome C From Mitochondria (GO:0090199),3/41,0.0619686620380461,0.6151931701707172,0,0,3.502212918660287,9.740097061187114,PLAUR;PMAIP1;MMP9
GO_Biological_Process_2023,Regulation Of Defense Response (GO:0031347),5/97,0.064433131662318,0.6151931701707172,0,0,2.4152521342068693,6.622928841025137,FGR;LACC1;GRN;PTGS2;MYD88
GO_Biological_Process_2023,Regulation Of Cellular Response To Growth Factor Stimulus (GO:0090287),2/19,0.0653236598396216,0.6151931701707172,0,0,5.212751767373616,14.222477046557737,TWSG1;ZDHHC17
GO_Biological_Process_2023,Regulation Of Neuroinflammatory Response (GO:0150077),2/19,0.0653236598396216,0.6151931701707172,0,0,5.212751767373616,14.222477046557737,PTGS2;MMP9
GO_Biological_Process_2023,Regulation Of Tissue Remodeling (GO:0034103),2/19,0.0653236598396216,0.6151931701707172,0,0,5.212751767373616,14.222477046557737,GPNMB;LEPR
GO_Biological_Process_2023,Release Of Cytochrome C From Mitochondria (GO:0001836),2/19,0.0653236598396216,0.6151931701707172,0,0,5.212751767373616,14.222477046557737,BCL2A1;BCL2
GO_Biological_Process_2023,Leukocyte Adhesion To Vascular Endothelial Cell (GO:0061756),2/19,0.0653236598396216,0.6151931701707172,0,0,5.212751767373616,14.222477046557737,VCAM1;ROCK1
GO_Biological_Process_2023,Negative Regulation Of Telomere Maintenance Via Telomerase (GO:0032211),2/19,0.0653236598396216,0.6151931701707172,0,0,5.212751767373616,14.222477046557737,TENM1;DCP2
GO_Biological_Process_2023,Neuron Apoptotic Process (GO:0051402),2/19,0.0653236598396216,0.6151931701707172,0,0,5.212751767373616,14.222477046557737,BCL2;LIG4
GO_Biological_Process_2023,Phosphatidylinositol Biosynthetic Process (GO:0006661),5/98,0.0667253706513995,0.6151931701707172,0,0,2.389158933569009,6.467859458989503,CDS1;HYCC2;PIGA;MBOAT7;SOCS6
GO_Biological_Process_2023,Phagocytosis (GO:0006909),4/69,0.0667862838928424,0.6151931701707172,0,0,2.732363763798844,7.394480066406586,TYROBP;SLC11A1;ADORA1;MYD88
GO_Biological_Process_2023,Positive Regulation Of Phosphatidylinositol 3-Kinase Signaling (GO:0014068),4/69,0.0667862838928424,0.6151931701707172,0,0,2.732363763798844,7.394480066406586,FGR;NCF1;PDGFC;PTPN6
GO_Biological_Process_2023,Apoptotic Process (GO:0006915),9/228,0.0680725246492086,0.6151931701707172,0,0,1.8311343980809287,4.920590667501869,IFI27;TNFSF14;IFNG;PLAGL1;BCL2;LIG4;PMAIP1;IKBKG;MYD88
GO_Biological_Process_2023,Positive Regulation Of Cell Division (GO:0051781),3/43,0.0694964916422295,0.6151931701707172,0,0,3.3267613636363635,8.870739339608988,MAP10;ECT2;KIF20B
GO_Biological_Process_2023,Regulation Of Phosphatase Activity (GO:0010921),2/20,0.071548774170072,0.6151931701707172,0,0,4.9229024943310655,12.983544424266295,PPP1R17;ROCK1
GO_Biological_Process_2023,Hydrogen Peroxide Catabolic Process (GO:0042744),2/20,0.071548774170072,0.6151931701707172,0,0,4.9229024943310655,12.983544424266295,GPX3;HBE1
GO_Biological_Process_2023,Negative Regulation Of Viral Life Cycle (GO:1903901),2/20,0.071548774170072,0.6151931701707172,0,0,4.9229024943310655,12.983544424266295,IFITM3;IFITM2
GO_Biological_Process_2023,Peripheral Nervous System Development (GO:0007422),2/20,0.071548774170072,0.6151931701707172,0,0,4.9229024943310655,12.983544424266295,EGR2;SERPINI1
GO_Biological_Process_2023,Regulation Of Protein Phosphorylation (GO:0001932),10/265,0.0716618046131454,0.6151931701707172,0,0,1.7481320472761852,4.607721877851051,MOB1B;FGR;GPNMB;RB1CC1;LEPR;PLAUR;TWF1;ILK;ECT2;MMP9
GO_Biological_Process_2023,Negative Regulation Of Intracellular Signal Transduction (GO:1902532),9/231,0.0725576745081384,0.6151931701707172,0,0,1.8061091044962008,4.7380988042313446,MINAR1;ADGRG3;PPM1B;SPI1;MGRN1;RPS6KA1;BCL2;PLAUR;MMP9
GO_Biological_Process_2023,Transforming Growth Factor Beta Receptor Signaling Pathway (GO:0007179),4/72,0.0755786491478732,0.6151931701707172,0,0,2.611416320514538,6.744195358982338,TWSG1;USP9Y;ZYX;SMAD6
GO_Biological_Process_2023,Activation Of GTPase Activity (GO:0090630),5/102,0.0763422562322599,0.6151931701707172,0,0,2.290166172386198,5.89151815368515,SYDE2;TBC1D8B;RASGRF1;RHOG;ECT2
GO_Biological_Process_2023,Regulation Of Cellular Metabolic Process (GO:0031323),3/45,0.0774156705426009,0.6151931701707172,0,0,3.1680194805194803,8.105587111051868,MBOAT7;PDK4;CYP1B1
GO_Biological_Process_2023,Negative Regulation Of Response To Biotic Stimulus (GO:0002832),3/45,0.0774156705426009,0.6151931701707172,0,0,3.1680194805194803,8.105587111051868,PPM1B;TRAFD1;LILRA2
GO_Biological_Process_2023,Regulation Of Lipopolysaccharide-Mediated Signaling Pathway (GO:0031664),2/21,0.0779568941119893,0.6151931701707172,0,0,4.663563671082468,11.899545540483071,LILRA2;SASH1
GO_Biological_Process_2023,Regulation Of Membrane Protein Ectodomain Proteolysis (GO:0051043),2/21,0.0779568941119893,0.6151931701707172,0,0,4.663563671082468,11.899545540483071,ROCK1;IFNG
GO_Biological_Process_2023,Response To Cadmium Ion (GO:0046686),2/21,0.0779568941119893,0.6151931701707172,0,0,4.663563671082468,11.899545540483071,NCF1;MMP9
GO_Biological_Process_2023,Macrophage Differentiation (GO:0030225),2/21,0.0779568941119893,0.6151931701707172,0,0,4.663563671082468,11.899545540483071,IFNG;MMP9
GO_Biological_Process_2023,Modulation By Host Of Viral Genome Replication (GO:0044827),2/21,0.0779568941119893,0.6151931701707172,0,0,4.663563671082468,11.899545540483071,IFI27;ZBED1
GO_Biological_Process_2023,Positive Regulation Of G2/M Transition Of Mitotic Cell Cycle (GO:0010971),2/21,0.0779568941119893,0.6151931701707172,0,0,4.663563671082468,11.899545540483071,RRM2B;STOX1
GO_Biological_Process_2023,Cellular Response To Reactive Oxygen Species (GO:0034614),4/73,0.0786328376051066,0.6151931701707172,0,0,2.5734376547489357,6.544164164636424,NCF1;CYP1B1;ECT2;MMP9
GO_Biological_Process_2023,Positive Regulation Of Apoptotic Process (GO:0043065),10/270,0.0788910587465243,0.6151931701707172,0,0,1.7140699946704565,4.353201936341418,GRN;BRMS1;BCL2A1;BCL2;CYP1B1;PMAIP1;LILRB1;ECT2;TPD52L1;CTSD
GO_Biological_Process_2023,B Cell Receptor Signaling Pathway (GO:0050853),3/46,0.0815171409885819,0.6151931701707172,0,0,3.094186046511628,7.756944838144933,LAT2;BCL2;SH2B2
GO_Biological_Process_2023,Regulation Of Epidermal Growth Factor Receptor Signaling Pathway (GO:0042058),3/46,0.0815171409885819,0.6151931701707172,0,0,3.094186046511628,7.756944838144933,ERRFI1;PLAUR;MMP9
GO_Biological_Process_2023,Regulation Of Interleukin-10 Production (GO:0032653),3/46,0.0815171409885819,0.6151931701707172,0,0,3.094186046511628,7.756944838144933,TYROBP;LILRB1;PIBF1
GO_Biological_Process_2023,Positive Regulation Of Phosphatase Activity (GO:0010922),2/22,0.0845369008541881,0.6151931701707172,0,0,4.43015873015873,10.94500459897134,ROCK1;IFNG
GO_Biological_Process_2023,Positive Regulation Of Protein Autophosphorylation (GO:0031954),2/22,0.0845369008541881,0.6151931701707172,0,0,4.43015873015873,10.94500459897134,GPNMB;PDGFC
GO_Biological_Process_2023,Insulin Receptor Signaling Pathway (GO:0008286),3/47,0.0857104909573181,0.6151931701707172,0,0,3.0237086776859505,7.42858714415298,PDK4;SORBS1;SH2B2
GO_Biological_Process_2023,Positive Regulation Of Cell Growth (GO:0030307),5/106,0.0866666956883617,0.6151931701707172,0,0,2.199014421990144,5.378097909943813,SHTN1;RPS6KA1;BCL2;RICTOR;CXCL16
GO_Biological_Process_2023,Regulation Of Ras Protein Signal Transduction (GO:0046578),4/76,0.0881571831738138,0.6151931701707172,0,0,2.4658314350797266,5.988601778877711,EPS8;SYDE2;PDCD10;RASGRF1
GO_Biological_Process_2023,Cellular Defense Response (GO:0006968),3/48,0.0899936315083943,0.6151931701707172,0,0,2.9563636363636365,7.118972038461701,TYROBP;NCF1;LSP1
GO_Biological_Process_2023,Negative Regulation Of Cellular Process (GO:0048523),17/537,0.0903449004343885,0.6151931701707172,0,0,1.46094709281329,3.5122931560260984,MINAR1;SUZ12;TENM1;ADAM10;LILRB1;SMAD6;ATG13;NUDT6;GPNMB;ADAMTS1;NACC2;RB1CC1;ALDH1A2;CYP1B1;PTPN6;S100A11;APOBEC3B
GO_Biological_Process_2023,Regulation Of Toll-Like Receptor 4 Signaling Pathway (GO:0034143),2/23,0.0912780764222012,0.6151931701707172,0,0,4.218982831227729,10.099589466432365,NINJ1;LILRA2
GO_Biological_Process_2023,Diacylglycerol Metabolic Process (GO:0046339),2/23,0.0912780764222012,0.6151931701707172,0,0,4.218982831227729,10.099589466432365,DGKK;DGKH
GO_Biological_Process_2023,Histone mRNA Metabolic Process (GO:0008334),2/23,0.0912780764222012,0.6151931701707172,0,0,4.218982831227729,10.099589466432365,UPF1;DCP2
GO_Biological_Process_2023,Immune Response-Activating Cell Surface Receptor Signaling Pathway (GO:0002429),2/23,0.0912780764222012,0.6151931701707172,0,0,4.218982831227729,10.099589466432365,LILRA2;SH2B2
GO_Biological_Process_2023,Negative Regulation Of Epidermal Growth Factor Receptor Signaling Pathway (GO:0042059),2/23,0.0912780764222012,0.6151931701707172,0,0,4.218982831227729,10.099589466432365,ERRFI1;SOCS6
GO_Biological_Process_2023,Negative Regulation Of Lymphocyte Activation (GO:0051250),2/23,0.0912780764222012,0.6151931701707172,0,0,4.218982831227729,10.099589466432365,GPNMB;PIBF1
GO_Biological_Process_2023,Negative Regulation Of Protein Tyrosine Kinase Activity (GO:0061099),2/23,0.0912780764222012,0.6151931701707172,0,0,4.218982831227729,10.099589466432365,ERRFI1;SOCS6
GO_Biological_Process_2023,Positive Regulation Of Cell-Substrate Junction Organization (GO:0150117),2/23,0.0912780764222012,0.6151931701707172,0,0,4.218982831227729,10.099589466432365,ROCK1;IQSEC1
GO_Biological_Process_2023,Positive Regulation Of Neuron Apoptotic Process (GO:0043525),2/23,0.0912780764222012,0.6151931701707172,0,0,4.218982831227729,10.099589466432365,GRN;TYROBP
GO_Biological_Process_2023,Actomyosin Structure Organization (GO:0031032),4/77,0.0914503375015911,0.6151931701707172,0,0,2.431928105594908,5.817072838974466,ROCK1;PDCD10;ZYX;SORBS1
GO_Biological_Process_2023,Cell Morphogenesis Involved In Neuron Differentiation (GO:0048667),4/77,0.0914503375015911,0.6151931701707172,0,0,2.431928105594908,5.817072838974466,SHTN1;SLITRK4;S100B;ZDHHC17
GO_Biological_Process_2023,Glycerophospholipid Biosynthetic Process (GO:0046474),5/108,0.0920893819955315,0.6151931701707172,0,0,2.156093452143459,5.142273461549132,CDS1;SLC44A2;MBOAT7;FAR1;DGKH
GO_Biological_Process_2023,Negative Regulation Of Cysteine-Type Endopeptidase Activity Involved In Apoptotic Process (GO:0043154),3/49,0.0943644333096985,0.6151931701707172,0,0,2.8919466403162057,6.826703334841827,RPS6KA1;PLAUR;MMP9
GO_Biological_Process_2023,Positive Regulation Of Nervous System Development (GO:0051962),3/49,0.0943644333096985,0.6151931701707172,0,0,2.8919466403162057,6.826703334841827,IFNG;SLITRK4;LIG4
GO_Biological_Process_2023,Cellular Response To Nutrient Levels (GO:0031669),4/78,0.094801492374668,0.6151931701707172,0,0,2.3989410823123807,5.651833527551496,PDK4;TFEB;RICTOR;INHBB
GO_Biological_Process_2023,Negative Regulation Of Developmental Process (GO:0051093),5/109,0.0948648136420846,0.6151931701707172,0,0,2.135252019669828,5.0291642388221085,SUZ12;SPI1;BRMS1;ROCK1;NFIB
GO_Biological_Process_2023,Positive Regulation Of I-kappaB kinase/NF-kappaB Signaling (GO:0043123),7/175,0.0949386753504174,0.6151931701707172,0,0,1.8529243119266052,4.362754982090262,SLC44A2;LPAR1;IKBKG;ECT2;S100B;ZDHHC17;MYD88
GO_Biological_Process_2023,Protein Localization To Cell Periphery (GO:1990778),6/142,0.0962332949136388,0.6151931701707172,0,0,1.9606609234082648,4.589867773624914,HYCC2;ROCK1;RAB3D;PTCH1;FCHO2;KCNIP4
GO_Biological_Process_2023,Extracellular Matrix Organization (GO:0030198),7/176,0.0971036049691306,0.6151931701707172,0,0,1.8418652624721783,4.295187020323894,COL17A1;ADAMTS1;COL23A1;CYP1B1;ADAM10;NID2;MMP9
GO_Biological_Process_2023,Regulation Of Cytokine Production Involved In Immune Response (GO:0002718),2/24,0.0981700913617299,0.6151931701707172,0,0,4.027004741290456,9.34689416863258,LACC1;LILRB1
GO_Biological_Process_2023,Negative Regulation Of Ion Transmembrane Transporter Activity (GO:0032413),2/24,0.0981700913617299,0.6151931701707172,0,0,4.027004741290456,9.34689416863258,HECW2;MMP9
GO_Biological_Process_2023,Outflow Tract Septum Morphogenesis (GO:0003148),2/24,0.0981700913617299,0.6151931701707172,0,0,4.027004741290456,9.34689416863258,SEMA3C;SMAD6
GO_Biological_Process_2023,Positive Regulation Of ERBB Signaling Pathway (GO:1901186),2/24,0.0981700913617299,0.6151931701707172,0,0,4.027004741290456,9.34689416863258,PLAUR;MMP9
GO_Biological_Process_2023,Positive Regulation Of Cell Cycle G2/M Phase Transition (GO:1902751),2/24,0.0981700913617299,0.6151931701707172,0,0,4.027004741290456,9.34689416863258,RRM2B;STOX1
GO_Biological_Process_2023,Positive Regulation Of Vascular Endothelial Growth Factor Production (GO:0010575),2/24,0.0981700913617299,0.6151931701707172,0,0,4.027004741290456,9.34689416863258,CYP1B1;PTGS2
GO_Biological_Process_2023,Regulation Of Actin Nucleation (GO:0051125),2/24,0.0981700913617299,0.6151931701707172,0,0,4.027004741290456,9.34689416863258,WASHC4;WASHC2A
GO_Biological_Process_2023,Positive Regulation Of Protein Localization To Membrane (GO:1905477),4/79,0.0982098939500431,0.6151931701707172,0,0,2.366833712984054,5.492588669440049,TCAF1;IFNG;RHOG;SORBS1
GO_Biological_Process_2023,Regulation Of Interleukin-12 Production (GO:0032655),3/50,0.0988207313023241,0.6151931701707172,0,0,2.8302707930367506,6.550514195007979,IFNG;LILRB1;PIBF1
GO_Biological_Process_2023,Positive Regulation Of Cell Death (GO:0010942),3/50,0.0988207313023241,0.6151931701707172,0,0,2.8302707930367506,6.550514195007979,TYROBP;IFNG;HBE1
GO_Biological_Process_2023,Positive Regulation Of Fat Cell Differentiation (GO:0045600),3/50,0.0988207313023241,0.6151931701707172,0,0,2.8302707930367506,6.550514195007979,CDS1;TFE3;PTGS2
GO_Biological_Process_2023,Mitotic Cell Cycle Phase Transition (GO:0044772),5/111,0.1005421905626786,0.6151931701707172,0,0,2.0947488584474887,4.812010643292692,EPS8;SPDYA;E2F3;TPD52L1;CDK14
GO_Biological_Process_2023,Response To Type II Interferon (GO:0034341),4/80,0.1016747618584819,0.6151931701707172,0,0,2.3355712744275268,5.339060275218584,IFITM3;IFITM2;SLC11A1;CXCL16
GO_Biological_Process_2023,Regulation Of Smoothened Signaling Pathway (GO:0008589),3/51,0.1033603292146849,0.6151931701707172,0,0,2.771164772727273,6.289252820468426,IFT81;MGRN1;PTCH1
GO_Biological_Process_2023,Regulation Of Telomere Maintenance Via Telomerase (GO:0032210),3/51,0.1033603292146849,0.6151931701707172,0,0,2.771164772727273,6.289252820468426,TENM1;NEK7;DCP2
GO_Biological_Process_2023,Positive Regulation Of Leukocyte Mediated Cytotoxicity (GO:0001912),3/51,0.1033603292146849,0.6151931701707172,0,0,2.771164772727273,6.289252820468426,SPI1;TYROBP;HLA-C
GO_Biological_Process_2023,Positive Regulation Of Protein Localization To Cell Periphery (GO:1904377),3/51,0.1033603292146849,0.6151931701707172,0,0,2.771164772727273,6.289252820468426,IFNG;RHOG;SORBS1
GO_Biological_Process_2023,Positive Regulation Of Protein Localization To Plasma Membrane (GO:1903078),3/51,0.1033603292146849,0.6151931701707172,0,0,2.771164772727273,6.289252820468426,IFNG;RHOG;SORBS1
GO_Biological_Process_2023,Positive Regulation Of Protein Kinase Activity (GO:0045860),6/145,0.1036918960292157,0.6151931701707172,0,0,1.9180481701595244,4.34693263175693,IFNG;PDCD10;SLC11A1;SPDYA;ECT2;STOX1
GO_Biological_Process_2023,Activation Of Protein Kinase Activity (GO:0032147),4/81,0.1051952904683718,0.6151931701707172,0,0,2.305120847262077,5.19098634243624,OSBPL8;SLC11A1;ECT2;PIBF1
GO_Biological_Process_2023,Positive Regulation Of Growth (GO:0045927),4/81,0.1051952904683718,0.6151931701707172,0,0,2.305120847262077,5.19098634243624,RPS6KA1;BCL2;RICTOR;CXCL16
GO_Biological_Process_2023,Regulation Of Postsynapse Organization (GO:0099175),2/25,0.1052029929144234,0.6151931701707172,0,0,3.8517203983042494,8.673548690103654,TANC1;HOMER1
GO_Biological_Process_2023,Negative Regulation Of Signaling Receptor Activity (GO:2000272),2/25,0.1052029929144234,0.6151931701707172,0,0,3.8517203983042494,8.673548690103654,ERRFI1;SOCS6
GO_Biological_Process_2023,Negative Regulation Of Smoothened Signaling Pathway (GO:0045879),2/25,0.1052029929144234,0.6151931701707172,0,0,3.8517203983042494,8.673548690103654,MGRN1;PTCH1
GO_Biological_Process_2023,Negative Regulation Of Telomere Maintenance Via Telomere Lengthening (GO:1904357),2/25,0.1052029929144234,0.6151931701707172,0,0,3.8517203983042494,8.673548690103654,TENM1;DCP2
GO_Biological_Process_2023,Positive Regulation Of Glucose Import (GO:0046326),2/25,0.1052029929144234,0.6151931701707172,0,0,3.8517203983042494,8.673548690103654,OSBPL8;SORBS1
GO_Biological_Process_2023,Regulation Of Circadian Sleep/Wake Cycle (GO:0042749),1/5,0.105961056197431,0.6151931701707172,0,0,11.059389140271492,24.824829946098845,PTGDS
GO_Biological_Process_2023,"Regulation Of Circadian Sleep/Wake Cycle, Sleep (GO:0045187)",1/5,0.105961056197431,0.6151931701707172,0,0,11.059389140271492,24.824829946098845,PTGDS
GO_Biological_Process_2023,Regulation Of Fat Cell Proliferation (GO:0070344),1/5,0.105961056197431,0.6151931701707172,0,0,11.059389140271492,24.824829946098845,E2F3
GO_Biological_Process_2023,Regulation Of Focal Adhesion Disassembly (GO:0120182),1/5,0.105961056197431,0.6151931701707172,0,0,11.059389140271492,24.824829946098845,IQSEC1
GO_Biological_Process_2023,TORC2 Signaling (GO:0038203),1/5,0.105961056197431,0.6151931701707172,0,0,11.059389140271492,24.824829946098845,RICTOR
GO_Biological_Process_2023,Regulation Of Mitotic Spindle Checkpoint (GO:1903504),1/5,0.105961056197431,0.6151931701707172,0,0,11.059389140271492,24.824829946098845,USP44
GO_Biological_Process_2023,Regulation Of Neutrophil Activation (GO:1902563),1/5,0.105961056197431,0.6151931701707172,0,0,11.059389140271492,24.824829946098845,GRN
GO_Biological_Process_2023,Bundle Of His cell-Purkinje Myocyte Adhesion Involved In Cell Communication (GO:0086073),1/5,0.105961056197431,0.6151931701707172,0,0,11.059389140271492,24.824829946098845,DSP
GO_Biological_Process_2023,Regulation Of Protein Autoubiquitination (GO:1902498),1/5,0.105961056197431,0.6151931701707172,0,0,11.059389140271492,24.824829946098845,SASH1
GO_Biological_Process_2023,Regulation Of Renal Sodium Excretion (GO:0035813),1/5,0.105961056197431,0.6151931701707172,0,0,11.059389140271492,24.824829946098845,CORIN
GO_Biological_Process_2023,Cellular Lipid Biosynthetic Process (GO:0097384),1/5,0.105961056197431,0.6151931701707172,0,0,11.059389140271492,24.824829946098845,FAR1
GO_Biological_Process_2023,Regulation Of Vitamin D Biosynthetic Process (GO:0060556),1/5,0.105961056197431,0.6151931701707172,0,0,11.059389140271492,24.824829946098845,IFNG
GO_Biological_Process_2023,Chitin Catabolic Process (GO:0006032),1/5,0.105961056197431,0.6151931701707172,0,0,11.059389140271492,24.824829946098845,CHIT1
GO_Biological_Process_2023,Chitin Metabolic Process (GO:0006030),1/5,0.105961056197431,0.6151931701707172,0,0,11.059389140271492,24.824829946098845,CHIT1
GO_Biological_Process_2023,Response To Angiotensin (GO:1990776),1/5,0.105961056197431,0.6151931701707172,0,0,11.059389140271492,24.824829946098845,ROCK1
GO_Biological_Process_2023,Double-Strand Break Repair Via Classical Nonhomologous End Joining (GO:0097680),1/5,0.105961056197431,0.6151931701707172,0,0,11.059389140271492,24.824829946098845,LIG4
GO_Biological_Process_2023,Thiamine-Containing Compound Metabolic Process (GO:0042723),1/5,0.105961056197431,0.6151931701707172,0,0,11.059389140271492,24.824829946098845,SLC19A2
GO_Biological_Process_2023,Glycerol Ether Biosynthetic Process (GO:0046504),1/5,0.105961056197431,0.6151931701707172,0,0,11.059389140271492,24.824829946098845,FAR1
GO_Biological_Process_2023,Ventricular Compact Myocardium Morphogenesis (GO:0003223),1/5,0.105961056197431,0.6151931701707172,0,0,11.059389140271492,24.824829946098845,DSP
GO_Biological_Process_2023,Zymogen Inhibition (GO:0097341),1/5,0.105961056197431,0.6151931701707172,0,0,11.059389140271492,24.824829946098845,CST7
GO_Biological_Process_2023,Immunoglobulin V(D)J Recombination (GO:0033152),1/5,0.105961056197431,0.6151931701707172,0,0,11.059389140271492,24.824829946098845,LIG4
GO_Biological_Process_2023,interleukin-17A-mediated Signaling Pathway (GO:0038173),1/5,0.105961056197431,0.6151931701707172,0,0,11.059389140271492,24.824829946098845,IL17RA
GO_Biological_Process_2023,Leukocyte Chemotaxis Involved In Inflammatory Response (GO:0002232),1/5,0.105961056197431,0.6151931701707172,0,0,11.059389140271492,24.824829946098845,NINJ1
GO_Biological_Process_2023,Lipid Droplet Disassembly (GO:1905691),1/5,0.105961056197431,0.6151931701707172,0,0,11.059389140271492,24.824829946098845,PLIN3
GO_Biological_Process_2023,Lipoprotein Metabolic Process (GO:0042157),1/5,0.105961056197431,0.6151931701707172,0,0,11.059389140271492,24.824829946098845,CTSD
GO_Biological_Process_2023,Medium-Chain Fatty Acid Biosynthetic Process (GO:0051792),1/5,0.105961056197431,0.6151931701707172,0,0,11.059389140271492,24.824829946098845,ABHD2
GO_Biological_Process_2023,Metanephric Collecting Duct Development (GO:0072205),1/5,0.105961056197431,0.6151931701707172,0,0,11.059389140271492,24.824829946098845,PTCH1
GO_Biological_Process_2023,Negative Regulation Of Cardiac Muscle Cell Differentiation (GO:2000726),1/5,0.105961056197431,0.6151931701707172,0,0,11.059389140271492,24.824829946098845,FZD7
GO_Biological_Process_2023,Negative Regulation Of Myeloid Leukocyte Mediated Immunity (GO:0002887),1/5,0.105961056197431,0.6151931701707172,0,0,11.059389140271492,24.824829946098845,SPI1
GO_Biological_Process_2023,Negative Regulation Of Protein Localization To Chromatin (GO:0120186),1/5,0.105961056197431,0.6151931701707172,0,0,11.059389140271492,24.824829946098845,SPI1
GO_Biological_Process_2023,Negative Regulation Of Sequestering Of Triglyceride (GO:0010891),1/5,0.105961056197431,0.6151931701707172,0,0,11.059389140271492,24.824829946098845,OSBPL8
GO_Biological_Process_2023,Peptidyl-Diphthamide Biosynthetic Process From Peptidyl-Histidine (GO:0017183),1/5,0.105961056197431,0.6151931701707172,0,0,11.059389140271492,24.824829946098845,DPH6
GO_Biological_Process_2023,Peptidyl-Diphthamide Metabolic Process (GO:0017182),1/5,0.105961056197431,0.6151931701707172,0,0,11.059389140271492,24.824829946098845,DPH6
GO_Biological_Process_2023,Phosphatidylinositol Acyl-Chain Remodeling (GO:0036149),1/5,0.105961056197431,0.6151931701707172,0,0,11.059389140271492,24.824829946098845,MBOAT7
GO_Biological_Process_2023,Plasma Membrane Raft Organization (GO:0044857),1/5,0.105961056197431,0.6151931701707172,0,0,11.059389140271492,24.824829946098845,COLEC12
GO_Biological_Process_2023,Podocyte Cell Migration (GO:0090521),1/5,0.105961056197431,0.6151931701707172,0,0,11.059389140271492,24.824829946098845,ROCK1
GO_Biological_Process_2023,"Positive Regulation Of CD4-positive, CD25-positive, Alpha-Beta Regulatory T Cell Differentiation (GO:0032831)",1/5,0.105961056197431,0.6151931701707172,0,0,11.059389140271492,24.824829946098845,IFNG
GO_Biological_Process_2023,Positive Regulation Of Antigen Processing And Presentation (GO:0002579),1/5,0.105961056197431,0.6151931701707172,0,0,11.059389140271492,24.824829946098845,SLC11A1
GO_Biological_Process_2023,Positive Regulation Of Dendritic Cell Antigen Processing And Presentation (GO:0002606),1/5,0.105961056197431,0.6151931701707172,0,0,11.059389140271492,24.824829946098845,SLC11A1
GO_Biological_Process_2023,Positive Regulation Of Extrinsic Apoptotic Signaling Pathway Via Death Domain Receptors (GO:1902043),1/5,0.105961056197431,0.6151931701707172,0,0,11.059389140271492,24.824829946098845,PMAIP1
GO_Biological_Process_2023,Positive Regulation Of Fever Generation (GO:0031622),1/5,0.105961056197431,0.6151931701707172,0,0,11.059389140271492,24.824829946098845,PTGS2
GO_Biological_Process_2023,Positive Regulation Of Focal Adhesion Disassembly (GO:0120183),1/5,0.105961056197431,0.6151931701707172,0,0,11.059389140271492,24.824829946098845,IQSEC1
GO_Biological_Process_2023,Positive Regulation Of Killing Of Cells Of Another Organism (GO:0051712),1/5,0.105961056197431,0.6151931701707172,0,0,11.059389140271492,24.824829946098845,IFNG
GO_Biological_Process_2023,Positive Regulation Of Mitotic Cytokinesis (GO:1903490),1/5,0.105961056197431,0.6151931701707172,0,0,11.059389140271492,24.824829946098845,KIF20B
GO_Biological_Process_2023,Positive Regulation Of Receptor Binding (GO:1900122),1/5,0.105961056197431,0.6151931701707172,0,0,11.059389140271492,24.824829946098845,MMP9
GO_Biological_Process_2023,Protein Geranylgeranylation (GO:0018344),1/5,0.105961056197431,0.6151931701707172,0,0,11.059389140271492,24.824829946098845,CHML
GO_Biological_Process_2023,Regulation Of T Cell Activation Via T Cell Receptor Contact With Antigen Bound To MHC Molecule On Antigen Presenting Cell (GO:2001188),1/5,0.105961056197431,0.6151931701707172,0,0,11.059389140271492,24.824829946098845,LILRB1
GO_Biological_Process_2023,Regulation Of Calcidiol 1-Monooxygenase Activity (GO:0060558),1/5,0.105961056197431,0.6151931701707172,0,0,11.059389140271492,24.824829946098845,IFNG
GO_Biological_Process_2023,Arachidonic Acid Metabolic Process (GO:0019369),3/52,0.1079810038401695,0.6151931701707172,0,0,2.7144712430426714,6.04186997793476,CYP1B1;PTGDS;PTGS2
GO_Biological_Process_2023,Regulation Of Proteolysis (GO:0030162),3/52,0.1079810038401695,0.6151931701707172,0,0,2.7144712430426714,6.04186997793476,ASPH;PLAUR;SPOPL
GO_Biological_Process_2023,Regulation Of Myeloid Cell Differentiation (GO:0045637),2/26,0.112367193468879,0.6151931701707172,0,0,3.691043083900227,8.06855838293022,SPI1;FES
GO_Biological_Process_2023,Camera-Type Eye Development (GO:0043010),2/26,0.112367193468879,0.6151931701707172,0,0,3.691043083900227,8.06855838293022,CYP1B1;CEP290
GO_Biological_Process_2023,Regulation Of Transcription By RNA Polymerase III (GO:0006359),2/26,0.112367193468879,0.6151931701707172,0,0,3.691043083900227,8.06855838293022,TENM1;DEK
GO_Biological_Process_2023,Regulation Of Vascular Endothelial Growth Factor Production (GO:0010574),2/26,0.112367193468879,0.6151931701707172,0,0,3.691043083900227,8.06855838293022,CYP1B1;PTGS2
GO_Biological_Process_2023,Actin Polymerization Or Depolymerization (GO:0008154),3/53,0.1126805090825492,0.6151931701707172,0,0,2.6600454545454544,5.807408092282146,PREX1;PSTPIP1;TWF1
GO_Biological_Process_2023,mRNA Stabilization (GO:0048255),3/53,0.1126805090825492,0.6151931701707172,0,0,2.6600454545454544,5.807408092282146,RBM47;SLC11A1;MYD88
GO_Biological_Process_2023,Positive Regulation Of NIK/NF-kappaB Signaling (GO:1901224),3/53,0.1126805090825492,0.6151931701707172,0,0,2.6600454545454544,5.807408092282146,TNFSF14;ILK;SASH1
GO_Biological_Process_2023,Regulation Of Interleukin-1 Beta Production (GO:0032651),4/84,0.1160824312073436,0.6151931701707172,0,0,2.2183371298405468,4.7770885769723215,TYROBP;IFNG;LILRA2;MYD88
GO_Biological_Process_2023,Cytokine-Mediated Signaling Pathway (GO:0019221),9/257,0.118917068399971,0.6151931701707172,0,0,1.6145848818195332,3.437982303680091,SPI1;LEPR;ILK;LILRB1;PTPN6;LILRA2;MYD88;CXCL5;IL17RA
GO_Biological_Process_2023,T Cell Activation Involved In Immune Response (GO:0002286),2/27,0.1196534592493819,0.6151931701707172,0,0,3.543219954648526,7.522807124489203,SLC11A1;LILRB1
GO_Biological_Process_2023,Cortical Cytoskeleton Organization (GO:0030865),2/27,0.1196534592493819,0.6151931701707172,0,0,3.543219954648526,7.522807124489203,ROCK1;RHOG
GO_Biological_Process_2023,In Utero Embryonic Development (GO:0001701),2/27,0.1196534592493819,0.6151931701707172,0,0,3.543219954648526,7.522807124489203,TFEB;LIG4
GO_Biological_Process_2023,Negative Regulation Of NIK/NF-kappaB Signaling (GO:1901223),2/27,0.1196534592493819,0.6151931701707172,0,0,3.543219954648526,7.522807124489203,PPM1B;SPI1
GO_Biological_Process_2023,Positive Regulation Of Filopodium Assembly (GO:0051491),2/27,0.1196534592493819,0.6151931701707172,0,0,3.543219954648526,7.522807124489203,TENM1;PALM
GO_Biological_Process_2023,Positive Regulation Of Nitric Oxide Biosynthetic Process (GO:0045429),2/27,0.1196534592493819,0.6151931701707172,0,0,3.543219954648526,7.522807124489203,IFNG;PTGS2
GO_Biological_Process_2023,Positive Regulation Of Cell Population Proliferation (GO:0008284),15/483,0.1197599798587861,0.6151931701707172,0,0,1.429502156721783,3.0337834053654933,GRN;TIPIN;RHOG;ADAM10;LIG4;S100B;CXCL5;IFNG;PDCD10;CEACAM6;PDGFC;BCL2;SPDYA;PTPN6;KIF20B
GO_Biological_Process_2023,Positive Regulation Of Cell Cycle Process (GO:0090068),5/118,0.1217014539195242,0.6151931701707172,0,0,1.9642784984038468,4.137132597630836,MAP10;RRM2B;NCAPG;KIF20B;ECT2
GO_Biological_Process_2023,SA Node Cell Action Potential (GO:0086015),1/6,0.1257689400016908,0.6151931701707172,0,0,8.847058823529412,18.342685488249085,KCNA5
GO_Biological_Process_2023,TRAIL-activated Apoptotic Signaling Pathway (GO:0036462),1/6,0.1257689400016908,0.6151931701707172,0,0,8.847058823529412,18.342685488249085,SPI1
GO_Biological_Process_2023,Regulation Of Myosin-Light-Chain-Phosphatase Activity (GO:0035507),1/6,0.1257689400016908,0.6151931701707172,0,0,8.847058823529412,18.342685488249085,ROCK1
GO_Biological_Process_2023,Regulation Of Nucleotide-Binding Oligomerization Domain Containing 2 Signaling Pathway (GO:0070432),1/6,0.1257689400016908,0.6151931701707172,0,0,8.847058823529412,18.342685488249085,SLC15A3
GO_Biological_Process_2023,Cardiac Muscle Cell-Cardiac Muscle Cell Adhesion (GO:0086042),1/6,0.1257689400016908,0.6151931701707172,0,0,8.847058823529412,18.342685488249085,DSP
GO_Biological_Process_2023,Regulation Of Transforming Growth Factor Beta1 Production (GO:0032908),1/6,0.1257689400016908,0.6151931701707172,0,0,8.847058823529412,18.342685488249085,TYROBP
GO_Biological_Process_2023,Regulation Of Translational Termination (GO:0006449),1/6,0.1257689400016908,0.6151931701707172,0,0,8.847058823529412,18.342685488249085,UPF1
GO_Biological_Process_2023,Regulation Of Vascular Associated Smooth Muscle Cell Apoptotic Process (GO:1905459),1/6,0.1257689400016908,0.6151931701707172,0,0,8.847058823529412,18.342685488249085,E2F3
GO_Biological_Process_2023,Choline Transport (GO:0015871),1/6,0.1257689400016908,0.6151931701707172,0,0,8.847058823529412,18.342685488249085,SLC44A2
GO_Biological_Process_2023,Delamination (GO:0060232),1/6,0.1257689400016908,0.6151931701707172,0,0,8.847058823529412,18.342685488249085,SPI1
GO_Biological_Process_2023,Desmosome Organization (GO:0002934),1/6,0.1257689400016908,0.6151931701707172,0,0,8.847058823529412,18.342685488249085,DSP
GO_Biological_Process_2023,Ribosome-Associated Ubiquitin-Dependent Protein Catabolic Process (GO:1990116),1/6,0.1257689400016908,0.6151931701707172,0,0,8.847058823529412,18.342685488249085,LTN1
GO_Biological_Process_2023,"Substrate-Dependent Cell Migration, Cell Extension (GO:0006930)",1/6,0.1257689400016908,0.6151931701707172,0,0,8.847058823529412,18.342685488249085,SHTN1
GO_Biological_Process_2023,Synaptic Signaling (GO:0099536),1/6,0.1257689400016908,0.6151931701707172,0,0,8.847058823529412,18.342685488249085,DTNA
GO_Biological_Process_2023,Glycogen Catabolic Process (GO:0005980),1/6,0.1257689400016908,0.6151931701707172,0,0,8.847058823529412,18.342685488249085,RB1CC1
GO_Biological_Process_2023,Histone H2A-K119 Monoubiquitination (GO:0036353),1/6,0.1257689400016908,0.6151931701707172,0,0,8.847058823529412,18.342685488249085,PCGF6
GO_Biological_Process_2023,Intraciliary Transport Involved In Cilium Assembly (GO:0035735),1/6,0.1257689400016908,0.6151931701707172,0,0,8.847058823529412,18.342685488249085,IFT81
GO_Biological_Process_2023,Membrane Invagination (GO:0010324),1/6,0.1257689400016908,0.6151931701707172,0,0,8.847058823529412,18.342685488249085,FCHO2
GO_Biological_Process_2023,"Negative Regulation Of CD4-positive, Alpha-Beta T Cell Proliferation (GO:2000562)",1/6,0.1257689400016908,0.6151931701707172,0,0,8.847058823529412,18.342685488249085,TWSG1
GO_Biological_Process_2023,Negative Regulation Of Blood Vessel Endothelial Cell Proliferation Involved In Sprouting Angiogenesis (GO:1903588),1/6,0.1257689400016908,0.6151931701707172,0,0,8.847058823529412,18.342685488249085,PDCD10
GO_Biological_Process_2023,Negative Regulation Of Cardiocyte Differentiation (GO:1905208),1/6,0.1257689400016908,0.6151931701707172,0,0,8.847058823529412,18.342685488249085,FZD7
GO_Biological_Process_2023,Negative Regulation Of Dendritic Cell Apoptotic Process (GO:2000669),1/6,0.1257689400016908,0.6151931701707172,0,0,8.847058823529412,18.342685488249085,LILRB1
GO_Biological_Process_2023,Negative Regulation Of Membrane Protein Ectodomain Proteolysis (GO:0051045),1/6,0.1257689400016908,0.6151931701707172,0,0,8.847058823529412,18.342685488249085,ROCK1
GO_Biological_Process_2023,Nucleotide-Binding Oligomerization Domain Containing 2 Signaling Pathway (GO:0070431),1/6,0.1257689400016908,0.6151931701707172,0,0,8.847058823529412,18.342685488249085,LACC1
GO_Biological_Process_2023,Positive Regulation Of Amyloid-Beta Clearance (GO:1900223),1/6,0.1257689400016908,0.6151931701707172,0,0,8.847058823529412,18.342685488249085,ROCK1
GO_Biological_Process_2023,Positive Regulation Of Cell Killing (GO:0031343),1/6,0.1257689400016908,0.6151931701707172,0,0,8.847058823529412,18.342685488249085,IFNG
GO_Biological_Process_2023,Positive Regulation Of Endoplasmic Reticulum Stress-Induced Intrinsic Apoptotic Signaling Pathway (GO:1902237),1/6,0.1257689400016908,0.6151931701707172,0,0,8.847058823529412,18.342685488249085,PMAIP1
GO_Biological_Process_2023,Positive Regulation Of Lipopolysaccharide-Mediated Signaling Pathway (GO:0031666),1/6,0.1257689400016908,0.6151931701707172,0,0,8.847058823529412,18.342685488249085,SASH1
GO_Biological_Process_2023,Positive Regulation Of Unsaturated Fatty Acid Biosynthetic Process (GO:2001280),1/6,0.1257689400016908,0.6151931701707172,0,0,8.847058823529412,18.342685488249085,PTGS2
GO_Biological_Process_2023,Regulation Of Anion Channel Activity (GO:0010359),1/6,0.1257689400016908,0.6151931701707172,0,0,8.847058823529412,18.342685488249085,TCAF1
GO_Biological_Process_2023,Regulation Of Atrial Cardiac Muscle Cell Membrane Repolarization (GO:0060372),1/6,0.1257689400016908,0.6151931701707172,0,0,8.847058823529412,18.342685488249085,KCNA5
GO_Biological_Process_2023,Regulation Of Glucose Metabolic Process (GO:0010906),2/28,0.1270528994681914,0.6151931701707172,0,0,3.406767835339264,7.028679014520603,PDK4;PMAIP1
GO_Biological_Process_2023,Regulation Of Lipid Biosynthetic Process (GO:0046890),2/28,0.1270528994681914,0.6151931701707172,0,0,3.406767835339264,7.028679014520603,PDK4;SORBS1
GO_Biological_Process_2023,Cell-Substrate Junction Assembly (GO:0007044),2/28,0.1270528994681914,0.6151931701707172,0,0,3.406767835339264,7.028679014520603,COL17A1;SORBS1
GO_Biological_Process_2023,Negative Regulation Of Mitotic Metaphase/Anaphase Transition (GO:0045841),2/28,0.1270528994681914,0.6151931701707172,0,0,3.406767835339264,7.028679014520603,ZWILCH;USP44
GO_Biological_Process_2023,Positive Regulation Of Fibroblast Proliferation (GO:0048146),2/28,0.1270528994681914,0.6151931701707172,0,0,3.406767835339264,7.028679014520603,PDGFC;LIG4
GO_Biological_Process_2023,Positive Regulation Of Nitric Oxide Metabolic Process (GO:1904407),2/28,0.1270528994681914,0.6151931701707172,0,0,3.406767835339264,7.028679014520603,IFNG;PTGS2
GO_Biological_Process_2023,Positive Regulation Of Protein Import Into Nucleus (GO:0042307),2/28,0.1270528994681914,0.6151931701707172,0,0,3.406767835339264,7.028679014520603,IFNG;ECT2
GO_Biological_Process_2023,Positive Regulation Of Response To External Stimulus (GO:0032103),6/155,0.1306332765398286,0.6151931701707172,0,0,1.7883986300738717,3.640037355617556,THBD;GRN;IFNG;NINJ1;SASH1;IL17RA
GO_Biological_Process_2023,Regulation Of Neuron Migration (GO:2001222),2/29,0.1345569557305476,0.6151931701707172,0,0,3.2804232804232805,6.579767080818292,SHTN1;KIF20B
GO_Biological_Process_2023,Regulation Of Striated Muscle Contraction (GO:0006942),2/29,0.1345569557305476,0.6151931701707172,0,0,3.2804232804232805,6.579767080818292,MYBPH;ASB3
GO_Biological_Process_2023,Regulation Of Voltage-Gated Calcium Channel Activity (GO:1901385),2/29,0.1345569557305476,0.6151931701707172,0,0,3.2804232804232805,6.579767080818292,CACNB4;CABP5
GO_Biological_Process_2023,Response To Interferon-Beta (GO:0035456),2/29,0.1345569557305476,0.6151931701707172,0,0,3.2804232804232805,6.579767080818292,IFITM3;IFITM2
GO_Biological_Process_2023,Vacuolar Acidification (GO:0007035),2/29,0.1345569557305476,0.6151931701707172,0,0,3.2804232804232805,6.579767080818292,GRN;SLC11A1
GO_Biological_Process_2023,Lipid Droplet Organization (GO:0034389),2/29,0.1345569557305476,0.6151931701707172,0,0,3.2804232804232805,6.579767080818292,CDS1;PLIN3
GO_Biological_Process_2023,Regulation Of Blood Coagulation (GO:0030193),2/29,0.1345569557305476,0.6151931701707172,0,0,3.2804232804232805,6.579767080818292,THBD;PLAUR
GO_Biological_Process_2023,Response To Organic Cyclic Compound (GO:0014070),3/58,0.1372807491714653,0.6151931701707172,0,0,2.417603305785124,4.800700609275561,ADORA1;CYP1B1;PMAIP1
GO_Biological_Process_2023,Positive Regulation Of Mitochondrion Organization (GO:0010822),3/58,0.1372807491714653,0.6151931701707172,0,0,2.417603305785124,4.800700609275561,PLAUR;PMAIP1;MMP9
GO_Biological_Process_2023,Regulation Of Phosphatidylinositol 3-Kinase Signaling (GO:0014066),4/90,0.1392409106051245,0.6151931701707172,0,0,2.0629337288764105,4.067176325262739,FGR;NCF1;PDGFC;PTPN6
GO_Biological_Process_2023,Regulation Of Vasculature Development (GO:1901342),2/30,0.1421573916672524,0.6151931701707172,0,0,3.1631033365727244,6.170646652848118,GPNMB;PDCD10
GO_Biological_Process_2023,Extrinsic Apoptotic Signaling Pathway Via Death Domain Receptors (GO:0008625),2/30,0.1421573916672524,0.6151931701707172,0,0,3.1631033365727244,6.170646652848118,SPI1;BCL2
GO_Biological_Process_2023,Innate Immune Response Activating Cell Surface Receptor Signaling Pathway (GO:0002220),2/30,0.1421573916672524,0.6151931701707172,0,0,3.1631033365727244,6.170646652848118,TYROBP;LILRA2
GO_Biological_Process_2023,Negative Regulation Of Peptidyl-Tyrosine Phosphorylation (GO:0050732),2/30,0.1421573916672524,0.6151931701707172,0,0,3.1631033365727244,6.170646652848118,PTPN6;PIBF1
GO_Biological_Process_2023,Positive Regulation Of Cell Communication (GO:0010647),2/30,0.1421573916672524,0.6151931701707172,0,0,3.1631033365727244,6.170646652848118,HOMER1;ILK
GO_Biological_Process_2023,Prostaglandin Metabolic Process (GO:0006693),2/30,0.1421573916672524,0.6151931701707172,0,0,3.1631033365727244,6.170646652848118,PTGS2;PTGDS
GO_Biological_Process_2023,Regulation Of Arp2/3 Complex-Mediated Actin Nucleation (GO:0034315),2/30,0.1421573916672524,0.6151931701707172,0,0,3.1631033365727244,6.170646652848118,WASHC4;WASHC2A
GO_Biological_Process_2023,Regulation Of Cell Migration Involved In Sprouting Angiogenesis (GO:0090049),2/30,0.1421573916672524,0.6151931701707172,0,0,3.1631033365727244,6.170646652848118,PDCD10;PTGS2
GO_Biological_Process_2023,Response To Lipopolysaccharide (GO:0032496),6/159,0.1422645030234009,0.6151931701707172,0,0,1.7412841566832682,3.3956212185626846,UPF1;SLC11A1;LILRB1;SMAD6;MYD88;CXCL5
GO_Biological_Process_2023,Positive Regulation Of Phosphorylation (GO:0042327),8/231,0.1423086796899444,0.6151931701707172,0,0,1.5944745116231125,3.1088374896279296,MOB1B;GPNMB;FZD7;RB1CC1;LEPR;PLAUR;ILK;MMP9
GO_Biological_Process_2023,Chordate Embryonic Development (GO:0043009),3/59,0.1424052503732465,0.6151931701707172,0,0,2.374310064935065,4.627716486413219,ALDH1A2;PTCH1;LIG4
GO_Biological_Process_2023,Mitotic Cytokinesis (GO:0000281),3/59,0.1424052503732465,0.6151931701707172,0,0,2.374310064935065,4.627716486413219,ROCK1;TRIM36;ECT2
GO_Biological_Process_2023,Regulation Of I-kappaB kinase/NF-kappaB Signaling (GO:0043122),8/232,0.1447449729808948,0.6151931701707172,0,0,1.587274220032841,3.0678548702876047,PPM1B;SLC44A2;LPAR1;IKBKG;ECT2;S100B;ZDHHC17;MYD88
GO_Biological_Process_2023,Regulation Of Chromosome Condensation (GO:0060623),1/7,0.1451389403090835,0.6151931701707172,0,0,7.372171945701357,14.22876209894174,NCAPG
GO_Biological_Process_2023,Regulation Of Cytoplasmic Translational Elongation (GO:1900247),1/7,0.1451389403090835,0.6151931701707172,0,0,7.372171945701357,14.22876209894174,DPH6
GO_Biological_Process_2023,DNA Ligation (GO:0006266),1/7,0.1451389403090835,0.6151931701707172,0,0,7.372171945701357,14.22876209894174,LIG4
GO_Biological_Process_2023,Regulation Of Dopamine Receptor Signaling Pathway (GO:0060159),1/7,0.1451389403090835,0.6151931701707172,0,0,7.372171945701357,14.22876209894174,PALM
GO_Biological_Process_2023,IMP Biosynthetic Process (GO:0006188),1/7,0.1451389403090835,0.6151931701707172,0,0,7.372171945701357,14.22876209894174,AMPD2
GO_Biological_Process_2023,Regulation Of Leukocyte Degranulation (GO:0043300),1/7,0.1451389403090835,0.6151931701707172,0,0,7.372171945701357,14.22876209894174,FES
GO_Biological_Process_2023,Adenylate Cyclase-Inhibiting G Protein-Coupled Acetylcholine Receptor Signaling Pathway (GO:0007197),1/7,0.1451389403090835,0.6151931701707172,0,0,7.372171945701357,14.22876209894174,CHRM5
GO_Biological_Process_2023,Amine Transport (GO:0015837),1/7,0.1451389403090835,0.6151931701707172,0,0,7.372171945701357,14.22876209894174,SLC44A2
GO_Biological_Process_2023,Amino-Acid Betaine Transport (GO:0015838),1/7,0.1451389403090835,0.6151931701707172,0,0,7.372171945701357,14.22876209894174,SLC6A20
GO_Biological_Process_2023,Atrial Cardiac Muscle Cell To AV Node Cell Signaling (GO:0086026),1/7,0.1451389403090835,0.6151931701707172,0,0,7.372171945701357,14.22876209894174,KCNA5
GO_Biological_Process_2023,Axon Ensheathment In Central Nervous System (GO:0032291),1/7,0.1451389403090835,0.6151931701707172,0,0,7.372171945701357,14.22876209894174,B4GALT6
GO_Biological_Process_2023,Cellular Response To Leptin Stimulus (GO:0044320),1/7,0.1451389403090835,0.6151931701707172,0,0,7.372171945701357,14.22876209894174,LEPR
GO_Biological_Process_2023,Regulation Of Transcription From RNA Polymerase II Promoter In Response To Hypoxia (GO:0061418),1/7,0.1451389403090835,0.6151931701707172,0,0,7.372171945701357,14.22876209894174,STOX1
GO_Biological_Process_2023,Regulation Of Triglyceride Metabolic Process (GO:0090207),1/7,0.1451389403090835,0.6151931701707172,0,0,7.372171945701357,14.22876209894174,MBOAT7
GO_Biological_Process_2023,Cellular Response To Potassium Ion (GO:0035865),1/7,0.1451389403090835,0.6151931701707172,0,0,7.372171945701357,14.22876209894174,NEK7
GO_Biological_Process_2023,Collecting Duct Development (GO:0072044),1/7,0.1451389403090835,0.6151931701707172,0,0,7.372171945701357,14.22876209894174,PTCH1
GO_Biological_Process_2023,Response To Hydroperoxide (GO:0033194),1/7,0.1451389403090835,0.6151931701707172,0,0,7.372171945701357,14.22876209894174,GPX3
GO_Biological_Process_2023,Deadenylation-Dependent Decapping Of Nuclear-Transcribed mRNA (GO:0000290),1/7,0.1451389403090835,0.6151931701707172,0,0,7.372171945701357,14.22876209894174,DCP2
GO_Biological_Process_2023,Response To Potassium Ion (GO:0035864),1/7,0.1451389403090835,0.6151931701707172,0,0,7.372171945701357,14.22876209894174,NEK7
GO_Biological_Process_2023,siRNA Processing (GO:0030422),1/7,0.1451389403090835,0.6151931701707172,0,0,7.372171945701357,14.22876209894174,TSNAX
GO_Biological_Process_2023,Single Strand Break Repair (GO:0000012),1/7,0.1451389403090835,0.6151931701707172,0,0,7.372171945701357,14.22876209894174,LIG4
GO_Biological_Process_2023,Establishment Of Golgi Localization (GO:0051683),1/7,0.1451389403090835,0.6151931701707172,0,0,7.372171945701357,14.22876209894174,PDCD10
GO_Biological_Process_2023,Inhibition Of Cysteine-Type Endopeptidase Activity (GO:0097340),1/7,0.1451389403090835,0.6151931701707172,0,0,7.372171945701357,14.22876209894174,CST7
GO_Biological_Process_2023,Lactate Metabolic Process (GO:0006089),1/7,0.1451389403090835,0.6151931701707172,0,0,7.372171945701357,14.22876209894174,LDHC
GO_Biological_Process_2023,Mitral Valve Development (GO:0003174),1/7,0.1451389403090835,0.6151931701707172,0,0,7.372171945701357,14.22876209894174,SMAD6
GO_Biological_Process_2023,Monosaccharide Biosynthetic Process (GO:0046364),1/7,0.1451389403090835,0.6151931701707172,0,0,7.372171945701357,14.22876209894174,CHST15
GO_Biological_Process_2023,Myoblast Migration (GO:0051451),1/7,0.1451389403090835,0.6151931701707172,0,0,7.372171945701357,14.22876209894174,ROCK1
GO_Biological_Process_2023,"Negative Regulation Of CD8-positive, Alpha-Beta T Cell Activation (GO:2001186)",1/7,0.1451389403090835,0.6151931701707172,0,0,7.372171945701357,14.22876209894174,LILRB1
GO_Biological_Process_2023,Negative Regulation Of DNA-templated DNA Replication (GO:2000104),1/7,0.1451389403090835,0.6151931701707172,0,0,7.372171945701357,14.22876209894174,TIPIN
GO_Biological_Process_2023,Negative Regulation Of T Cell Mediated Cytotoxicity (GO:0001915),1/7,0.1451389403090835,0.6151931701707172,0,0,7.372171945701357,14.22876209894174,LILRB1
GO_Biological_Process_2023,Negative Regulation Of Amyloid-Beta Clearance (GO:1900222),1/7,0.1451389403090835,0.6151931701707172,0,0,7.372171945701357,14.22876209894174,IFNG
GO_Biological_Process_2023,Negative Regulation Of Inflammatory Response To Wounding (GO:0106015),1/7,0.1451389403090835,0.6151931701707172,0,0,7.372171945701357,14.22876209894174,PTPN6
GO_Biological_Process_2023,Negative Regulation Of Leukocyte Proliferation (GO:0070664),1/7,0.1451389403090835,0.6151931701707172,0,0,7.372171945701357,14.22876209894174,LILRB1
GO_Biological_Process_2023,Negative Regulation Of Microglial Cell Activation (GO:1903979),1/7,0.1451389403090835,0.6151931701707172,0,0,7.372171945701357,14.22876209894174,GRN
GO_Biological_Process_2023,Negative Regulation Of Mitochondrial Membrane Potential (GO:0010917),1/7,0.1451389403090835,0.6151931701707172,0,0,7.372171945701357,14.22876209894174,PMAIP1
GO_Biological_Process_2023,Neuron Projection Arborization (GO:0140058),1/7,0.1451389403090835,0.6151931701707172,0,0,7.372171945701357,14.22876209894174,ROCK1
GO_Biological_Process_2023,Peptidyl-Lysine Hydroxylation (GO:0017185),1/7,0.1451389403090835,0.6151931701707172,0,0,7.372171945701357,14.22876209894174,PLOD1
GO_Biological_Process_2023,Phosphatidylserine Acyl-Chain Remodeling (GO:0036150),1/7,0.1451389403090835,0.6151931701707172,0,0,7.372171945701357,14.22876209894174,OSBPL8
GO_Biological_Process_2023,Positive Regulation Of Aspartic-Type Peptidase Activity (GO:1905247),1/7,0.1451389403090835,0.6151931701707172,0,0,7.372171945701357,14.22876209894174,GRN
GO_Biological_Process_2023,Positive Regulation Of Chromosome Condensation (GO:1905821),1/7,0.1451389403090835,0.6151931701707172,0,0,7.372171945701357,14.22876209894174,NCAPG
GO_Biological_Process_2023,Positive Regulation Of Steroid Biosynthetic Process (GO:0010893),1/7,0.1451389403090835,0.6151931701707172,0,0,7.372171945701357,14.22876209894174,IFNG
GO_Biological_Process_2023,Protein Retention In ER Lumen (GO:0006621),1/7,0.1451389403090835,0.6151931701707172,0,0,7.372171945701357,14.22876209894174,OS9
GO_Biological_Process_2023,"Regulation Of CD4-positive, Alpha-Beta T Cell Activation (GO:2000514)",1/7,0.1451389403090835,0.6151931701707172,0,0,7.372171945701357,14.22876209894174,TWSG1
GO_Biological_Process_2023,Regulation Of DNA-templated Transcription In Response To Stress (GO:0043620),1/7,0.1451389403090835,0.6151931701707172,0,0,7.372171945701357,14.22876209894174,RPS6KA1
GO_Biological_Process_2023,B Cell Activation (GO:0042113),4/92,0.1473426470850493,0.6151931701707172,0,0,2.0158417891903087,3.86032588284936,LAT2;ADGRG3;VCAM1;BCL2
GO_Biological_Process_2023,Positive Regulation Of Phagocytosis (GO:0050766),3/60,0.1475925187915647,0.6151931701707172,0,0,2.332535885167464,4.462841034568124,IFNG;SLC11A1;SIRPB1
GO_Biological_Process_2023,Cellular Response To Starvation (GO:0009267),5/126,0.1481865831954794,0.6151931701707172,0,0,1.8336541001547229,3.500964788270215,PDK4;TFEB;PMAIP1;PLIN3;INHBB
GO_Biological_Process_2023,Actin Filament Polymerization (GO:0030041),2/31,0.1498462829515781,0.6151931701707172,0,0,3.053874423332551,5.796697354900612,PREX1;PSTPIP1
GO_Biological_Process_2023,Leukocyte Cell-Cell Adhesion (GO:0007159),2/31,0.1498462829515781,0.6151931701707172,0,0,3.053874423332551,5.796697354900612,VCAM1;ROCK1
GO_Biological_Process_2023,Negative Regulation Of DNA Biosynthetic Process (GO:2000279),2/31,0.1498462829515781,0.6151931701707172,0,0,3.053874423332551,5.796697354900612,TENM1;DCP2
GO_Biological_Process_2023,Organic Cation Transport (GO:0015695),2/31,0.1498462829515781,0.6151931701707172,0,0,3.053874423332551,5.796697354900612,SLC44A2;SLC19A2
GO_Biological_Process_2023,Positive Regulation Of G1/S Transition Of Mitotic Cell Cycle (GO:1900087),2/31,0.1498462829515781,0.6151931701707172,0,0,3.053874423332551,5.796697354900612,ADAMTS1;STOX1
GO_Biological_Process_2023,Positive Regulation Of Glucose Transmembrane Transport (GO:0010828),2/31,0.1498462829515781,0.6151931701707172,0,0,3.053874423332551,5.796697354900612,OSBPL8;SORBS1
GO_Biological_Process_2023,Receptor Signaling Pathway Via STAT (GO:0097696),2/31,0.1498462829515781,0.6151931701707172,0,0,3.053874423332551,5.796697354900612,IFNG;SOCS6
GO_Biological_Process_2023,Regulation Of Peptidyl-Serine Phosphorylation (GO:0033135),4/93,0.1514607077646459,0.6151931701707172,0,0,1.9930895037239895,3.761815013351064,TENM1;PDCD10;SH2D3C;STOX1
GO_Biological_Process_2023,Regulation Of Response To External Stimulus (GO:0032101),5/127,0.151657943363236,0.6151931701707172,0,0,1.8185305786361252,3.4299808369960387,FGR;LACC1;GRN;PTGS2;MYD88
GO_Biological_Process_2023,Regulation Of Tumor Necrosis Factor Production (GO:0032680),5/127,0.151657943363236,0.6151931701707172,0,0,1.8185305786361252,3.4299808369960387,TYROBP;IFNG;LILRB1;PTPN6;LILRA2
GO_Biological_Process_2023,BMP Signaling Pathway (GO:0030509),3/61,0.1528402484281813,0.6151931701707172,0,0,2.2922021943573667,4.305585569235994,USP9Y;INHBB;SMAD6
GO_Biological_Process_2023,Regulation Of Pathway-Restricted SMAD Protein Phosphorylation (GO:0060393),3/61,0.1528402484281813,0.6151931701707172,0,0,2.2922021943573667,4.305585569235994,TWSG1;INHBB;SMAD6
GO_Biological_Process_2023,Negative Regulation Of Intrinsic Apoptotic Signaling Pathway (GO:2001243),3/61,0.1528402484281813,0.6151931701707172,0,0,2.2922021943573667,4.305585569235994,PLAUR;BCL2;MMP9
GO_Biological_Process_2023,Anterograde Trans-Synaptic Signaling (GO:0098916),7/199,0.1540956469001548,0.6151931701707172,0,0,1.619301892201835,3.0283889041737204,GABRR2;DTNA;CACNB4;HOMER1;RPS6KA1;CHRM5;HTR3A
GO_Biological_Process_2023,Nitrogen Compound Transport (GO:0071705),6/163,0.1543549779295236,0.6151931701707172,0,0,1.6965704207902754,3.170042302272055,ARRDC4;SLC11A1;SLC6A20;SLC15A3;CEP290;SLC19A2
GO_Biological_Process_2023,Muscle Contraction (GO:0006936),4/94,0.1556221964307377,0.6151931701707172,0,0,1.9708428246013667,3.666406259708125,DTNA;ASPH;ROCK1;LTB4R
GO_Biological_Process_2023,Negative Regulation Of G1/S Transition Of Mitotic Cell Cycle (GO:2000134),2/32,0.1576160076069268,0.6151931701707172,0,0,2.9519274376417237,5.45396205136605,GPNMB;NACC2
GO_Biological_Process_2023,Negative Regulation Of Osteoblast Differentiation (GO:0045668),2/32,0.1576160076069268,0.6151931701707172,0,0,2.9519274376417237,5.45396205136605,PTCH1;SMAD6
GO_Biological_Process_2023,Regulation Of Calcium Ion Transmembrane Transporter Activity (GO:1901019),2/32,0.1576160076069268,0.6151931701707172,0,0,2.9519274376417237,5.45396205136605,CACNB4;CABP5
GO_Biological_Process_2023,Glycerophospholipid Metabolic Process (GO:0006650),3/62,0.1581461385870781,0.6151931701707172,0,0,2.253235747303544,4.155497908600829,PIGA;FAR1;DGKH
GO_Biological_Process_2023,Transmembrane Receptor Protein Serine/Threonine Kinase Signaling Pathway (GO:0007178),5/130,0.1622730860561688,0.6151931701707172,0,0,1.7746118721461188,3.2270866970154843,TWSG1;USP9Y;ZYX;INHBB;SMAD6
GO_Biological_Process_2023,Positive Regulation Of Mitotic Cell Cycle Phase Transition (GO:1901992),3/63,0.1635078962845149,0.6151931701707172,0,0,2.2155681818181816,4.012159114844046,RRM2B;ADAMTS1;STOX1
GO_Biological_Process_2023,Protein Polymerization (GO:0051258),3/63,0.1635078962845149,0.6151931701707172,0,0,2.2155681818181816,4.012159114844046,PREX1;PSTPIP1;HDGFL3
GO_Biological_Process_2023,Cellular Response To Transforming Growth Factor Beta Stimulus (GO:0071560),4/96,0.1640712989498667,0.6151931701707172,0,0,1.9278003367336836,3.4844108075636413,TWSG1;USP9Y;ZYX;SMAD6
GO_Biological_Process_2023,Cdc42 Protein Signal Transduction (GO:0032488),1/8,0.1640807151998042,0.6151931701707172,0,0,6.318681318681318,11.420364435913555,SHTN1
GO_Biological_Process_2023,DNA Cytosine Deamination (GO:0070383),1/8,0.1640807151998042,0.6151931701707172,0,0,6.318681318681318,11.420364435913555,APOBEC3B
GO_Biological_Process_2023,Regulation Of Defense Response To Bacterium (GO:1900424),1/8,0.1640807151998042,0.6151931701707172,0,0,6.318681318681318,11.420364435913555,GRN
GO_Biological_Process_2023,Regulation Of Dendritic Cell Antigen Processing And Presentation (GO:0002604),1/8,0.1640807151998042,0.6151931701707172,0,0,6.318681318681318,11.420364435913555,SLC11A1
GO_Biological_Process_2023,Regulation Of Dendritic Spine Maintenance (GO:1902950),1/8,0.1640807151998042,0.6151931701707172,0,0,6.318681318681318,11.420364435913555,HOMER1
GO_Biological_Process_2023,Regulation Of Endothelial Cell Development (GO:1901550),1/8,0.1640807151998042,0.6151931701707172,0,0,6.318681318681318,11.420364435913555,ROCK1
GO_Biological_Process_2023,Regulation Of Epidermis Development (GO:0045682),1/8,0.1640807151998042,0.6151931701707172,0,0,6.318681318681318,11.420364435913555,SGPP1
GO_Biological_Process_2023,Anoikis (GO:0043276),1/8,0.1640807151998042,0.6151931701707172,0,0,6.318681318681318,11.420364435913555,IKBKG
GO_Biological_Process_2023,Regulation Of Mitotic Sister Chromatid Segregation (GO:0033047),1/8,0.1640807151998042,0.6151931701707172,0,0,6.318681318681318,11.420364435913555,USP44
GO_Biological_Process_2023,Regulation Of Nuclear Cell Cycle DNA Replication (GO:0033262),1/8,0.1640807151998042,0.6151931701707172,0,0,6.318681318681318,11.420364435913555,TIPIN
GO_Biological_Process_2023,Bone Resorption (GO:0045453),1/8,0.1640807151998042,0.6151931701707172,0,0,6.318681318681318,11.420364435913555,RAB3D
GO_Biological_Process_2023,Bundle Of His Cell To Purkinje Myocyte Communication (GO:0086069),1/8,0.1640807151998042,0.6151931701707172,0,0,6.318681318681318,11.420364435913555,DSP
GO_Biological_Process_2023,Commissural Neuron Axon Guidance (GO:0071679),1/8,0.1640807151998042,0.6151931701707172,0,0,6.318681318681318,11.420364435913555,NFIB
GO_Biological_Process_2023,Response To Leptin (GO:0044321),1/8,0.1640807151998042,0.6151931701707172,0,0,6.318681318681318,11.420364435913555,LEPR
GO_Biological_Process_2023,Response To Vitamin D (GO:0033280),1/8,0.1640807151998042,0.6151931701707172,0,0,6.318681318681318,11.420364435913555,FES
GO_Biological_Process_2023,Sequestering Of Actin Monomers (GO:0042989),1/8,0.1640807151998042,0.6151931701707172,0,0,6.318681318681318,11.420364435913555,TWF1
GO_Biological_Process_2023,Embryonic Placenta Development (GO:0001892),1/8,0.1640807151998042,0.6151931701707172,0,0,6.318681318681318,11.420364435913555,TFEB
GO_Biological_Process_2023,Skin Morphogenesis (GO:0043589),1/8,0.1640807151998042,0.6151931701707172,0,0,6.318681318681318,11.420364435913555,ERRFI1
GO_Biological_Process_2023,Somatic Recombination Of Immunoglobulin Gene Segments (GO:0016447),1/8,0.1640807151998042,0.6151931701707172,0,0,6.318681318681318,11.420364435913555,LIG4
GO_Biological_Process_2023,Somite Development (GO:0061053),1/8,0.1640807151998042,0.6151931701707172,0,0,6.318681318681318,11.420364435913555,PTCH1
GO_Biological_Process_2023,Exonucleolytic Trimming Involved In rRNA Processing (GO:0000459),1/8,0.1640807151998042,0.6151931701707172,0,0,6.318681318681318,11.420364435913555,ERI2
GO_Biological_Process_2023,"Exonucleolytic Trimming To Generate Mature 3'-End Of 5.8S rRNA From Tricistronic rRNA Transcript (SSU-rRNA, 5.8S rRNA, LSU-rRNA) (GO:0000467)",1/8,0.1640807151998042,0.6151931701707172,0,0,6.318681318681318,11.420364435913555,ERI2
GO_Biological_Process_2023,Glucosamine-Containing Compound Catabolic Process (GO:1901072),1/8,0.1640807151998042,0.6151931701707172,0,0,6.318681318681318,11.420364435913555,CHIT1
GO_Biological_Process_2023,Ubiquitin-Dependent Protein Catabolic Process Via The C-end Degron Rule Pathway (GO:0140627),1/8,0.1640807151998042,0.6151931701707172,0,0,6.318681318681318,11.420364435913555,KLHDC1
GO_Biological_Process_2023,Leptin-Mediated Signaling Pathway (GO:0033210),1/8,0.1640807151998042,0.6151931701707172,0,0,6.318681318681318,11.420364435913555,LEPR
GO_Biological_Process_2023,Manganese Ion Transport (GO:0006828),1/8,0.1640807151998042,0.6151931701707172,0,0,6.318681318681318,11.420364435913555,SLC11A1
GO_Biological_Process_2023,Mesodermal Cell Differentiation (GO:0048333),1/8,0.1640807151998042,0.6151931701707172,0,0,6.318681318681318,11.420364435913555,KDM6B
GO_Biological_Process_2023,Negative Regulation By Host Of Viral Genome Replication (GO:0044828),1/8,0.1640807151998042,0.6151931701707172,0,0,6.318681318681318,11.420364435913555,ZBED1
GO_Biological_Process_2023,Negative Regulation Of cAMP-mediated Signaling (GO:0043951),1/8,0.1640807151998042,0.6151931701707172,0,0,6.318681318681318,11.420364435913555,MGRN1
GO_Biological_Process_2023,Negative Regulation Of Leukocyte Degranulation (GO:0043301),1/8,0.1640807151998042,0.6151931701707172,0,0,6.318681318681318,11.420364435913555,SPI1
GO_Biological_Process_2023,Negative Regulation Of Long-Term Synaptic Potentiation (GO:1900272),1/8,0.1640807151998042,0.6151931701707172,0,0,6.318681318681318,11.420364435913555,TYROBP
GO_Biological_Process_2023,Negative Regulation Of Membrane Potential (GO:0045837),1/8,0.1640807151998042,0.6151931701707172,0,0,6.318681318681318,11.420364435913555,PMAIP1
GO_Biological_Process_2023,Negative Regulation Of Mitotic Nuclear Division (GO:0045839),1/8,0.1640807151998042,0.6151931701707172,0,0,6.318681318681318,11.420364435913555,USP44
GO_Biological_Process_2023,Negative Regulation Of Production Of Molecular Mediator Of Immune Response (GO:0002701),1/8,0.1640807151998042,0.6151931701707172,0,0,6.318681318681318,11.420364435913555,LILRB1
GO_Biological_Process_2023,"Negative Regulation Of Retrograde Protein Transport, ER To Cytosol (GO:1904153)",1/8,0.1640807151998042,0.6151931701707172,0,0,6.318681318681318,11.420364435913555,OS9
GO_Biological_Process_2023,Negative Regulation Of Ubiquitin Protein Ligase Activity (GO:1904667),1/8,0.1640807151998042,0.6151931701707172,0,0,6.318681318681318,11.420364435913555,USP44
GO_Biological_Process_2023,Nucleoside Diphosphate Metabolic Process (GO:0009132),1/8,0.1640807151998042,0.6151931701707172,0,0,6.318681318681318,11.420364435913555,RRM2B
GO_Biological_Process_2023,Positive Regulation Of Actin Cytoskeleton Reorganization (GO:2000251),1/8,0.1640807151998042,0.6151931701707172,0,0,6.318681318681318,11.420364435913555,FES
GO_Biological_Process_2023,Positive Regulation Of Epithelial Cell Proliferation Involved In Wound Healing (GO:0060054),1/8,0.1640807151998042,0.6151931701707172,0,0,6.318681318681318,11.420364435913555,FZD7
GO_Biological_Process_2023,Positive Regulation Of Macrophage Cytokine Production (GO:0060907),1/8,0.1640807151998042,0.6151931701707172,0,0,6.318681318681318,11.420364435913555,LILRB1
GO_Biological_Process_2023,Positive Regulation Of Sequestering Of Triglyceride (GO:0010890),1/8,0.1640807151998042,0.6151931701707172,0,0,6.318681318681318,11.420364435913555,PLIN3
GO_Biological_Process_2023,Proline Transport (GO:0015824),1/8,0.1640807151998042,0.6151931701707172,0,0,6.318681318681318,11.420364435913555,SLC6A20
GO_Biological_Process_2023,Proteasome Assembly (GO:0043248),1/8,0.1640807151998042,0.6151931701707172,0,0,6.318681318681318,11.420364435913555,OTUD6B
GO_Biological_Process_2023,Pyrimidine-Containing Compound Metabolic Process (GO:0072527),1/8,0.1640807151998042,0.6151931701707172,0,0,6.318681318681318,11.420364435913555,SLC19A2
GO_Biological_Process_2023,Regulation Of T-helper 1 Type Immune Response (GO:0002825),1/8,0.1640807151998042,0.6151931701707172,0,0,6.318681318681318,11.420364435913555,SLC11A1
GO_Biological_Process_2023,Regulation Of Inflammatory Response (GO:0050727),8/240,0.1649599236106991,0.6151931701707172,0,0,1.531906460562822,2.7605762067869337,LACC1;GRN;IFNG;NINJ1;PTGS2;MMP9;MYD88;IL17RA
GO_Biological_Process_2023,Actin Filament Bundle Assembly (GO:0051017),2/33,0.165459236516943,0.6151931701707172,0,0,2.8565576768341745,5.13903415578566,EPS8;FSCN3
GO_Biological_Process_2023,Actin Filament Bundle Organization (GO:0061572),2/33,0.165459236516943,0.6151931701707172,0,0,2.8565576768341745,5.13903415578566,EPS8;FSCN3
GO_Biological_Process_2023,Regulation Of Potassium Ion Transmembrane Transport (GO:1901379),2/33,0.165459236516943,0.6151931701707172,0,0,2.8565576768341745,5.13903415578566,GNB2;KCNIP4
GO_Biological_Process_2023,Regulation Of Type I Interferon-Mediated Signaling Pathway (GO:0060338),2/33,0.165459236516943,0.6151931701707172,0,0,2.8565576768341745,5.13903415578566,RBM47;PTPN6
GO_Biological_Process_2023,Positive Regulation Of DNA Binding (GO:0043388),2/33,0.165459236516943,0.6151931701707172,0,0,2.8565576768341745,5.13903415578566,PLAUR;MMP9
GO_Biological_Process_2023,Positive Regulation Of Chromosome Organization (GO:2001252),2/33,0.165459236516943,0.6151931701707172,0,0,2.8565576768341745,5.13903415578566,NCAPG;LIG4
GO_Biological_Process_2023,Positive Regulation Of Ion Transmembrane Transporter Activity (GO:0032414),2/33,0.165459236516943,0.6151931701707172,0,0,2.8565576768341745,5.13903415578566,TCAF1;IFNG
GO_Biological_Process_2023,Positive Regulation Of Small Molecule Metabolic Process (GO:0062013),2/33,0.165459236516943,0.6151931701707172,0,0,2.8565576768341745,5.13903415578566,IFNG;PMAIP1
GO_Biological_Process_2023,Regulation Of NLRP3 Inflammasome Complex Assembly (GO:1900225),2/33,0.165459236516943,0.6151931701707172,0,0,2.8565576768341745,5.13903415578566,NEK7;MYD88
GO_Biological_Process_2023,Regulation Of Amyloid-Beta Formation (GO:1902003),2/33,0.165459236516943,0.6151931701707172,0,0,2.8565576768341745,5.13903415578566,ROCK1;IFNG
GO_Biological_Process_2023,Regulation Of Autophagy (GO:0010506),8/241,0.1675747552643209,0.6151931701707172,0,0,1.525252824231661,2.724598360399987,IFNG;ROCK1;RB1CC1;TFEB;LEPR;BCL2;ATG13;TRIM23
GO_Biological_Process_2023,Positive Regulation Of Cysteine-Type Endopeptidase Activity (GO:2001056),3/64,0.1689232383467374,0.6151931701707172,0,0,2.1791356184798807,3.875180575438,ASPH;PMAIP1;CTSD
GO_Biological_Process_2023,Regulation Of Interleukin-17 Production (GO:0032660),2/34,0.173368924154649,0.6151931701707172,0,0,2.7671485260770976,4.848966910886016,IFNG;MYD88
GO_Biological_Process_2023,Regulation Of Metal Ion Transport (GO:0010959),2/34,0.173368924154649,0.6151931701707172,0,0,2.7671485260770976,4.848966910886016,BCL2;KCNA5
GO_Biological_Process_2023,Apoptotic Mitochondrial Changes (GO:0008637),2/34,0.173368924154649,0.6151931701707172,0,0,2.7671485260770976,4.848966910886016,BCL2A1;BCL2
GO_Biological_Process_2023,Cellular Response To Hydrogen Peroxide (GO:0070301),2/34,0.173368924154649,0.6151931701707172,0,0,2.7671485260770976,4.848966910886016,CYP1B1;ECT2
GO_Biological_Process_2023,Superoxide Metabolic Process (GO:0006801),2/34,0.173368924154649,0.6151931701707172,0,0,2.7671485260770976,4.848966910886016,PREX1;NCF1
GO_Biological_Process_2023,Glial Cell Differentiation (GO:0010001),2/34,0.173368924154649,0.6151931701707172,0,0,2.7671485260770976,4.848966910886016,EGR2;NFIB
GO_Biological_Process_2023,Positive Regulation Of Carbohydrate Metabolic Process (GO:0045913),2/34,0.173368924154649,0.6151931701707172,0,0,2.7671485260770976,4.848966910886016,IFNG;PMAIP1
GO_Biological_Process_2023,Axon Development (GO:0061564),4/99,0.1770444621923156,0.6151931701707172,0,0,1.8666346960796067,3.231806155287466,SHTN1;SLITRK4;S100B;ZDHHC17
GO_Biological_Process_2023,Cellular Response To Insulin Stimulus (GO:0032869),4/99,0.1770444621923156,0.6151931701707172,0,0,1.8666346960796067,3.231806155287466,PDK4;INHBB;SORBS1;SH2B2
GO_Biological_Process_2023,Positive Regulation Of Programmed Cell Death (GO:0043068),8/245,0.1782214590237042,0.6151931701707172,0,0,1.499199767205005,2.5857123410922447,IFNG;BCL2A1;BCL2;CYP1B1;PMAIP1;LILRB1;ECT2;CTSD
GO_Biological_Process_2023,Regulation Of Endocytosis (GO:0030100),3/66,0.1799056045574362,0.6151931701707172,0,0,2.10974025974026,3.618885959433604,FGR;ROCK1;LILRB1
GO_Biological_Process_2023,Cellular Response To BMP Stimulus (GO:0071773),3/66,0.1799056045574362,0.6151931701707172,0,0,2.10974025974026,3.618885959433604,USP9Y;INHBB;SMAD6
GO_Biological_Process_2023,Macrophage Activation (GO:0042116),2/35,0.1813382998772923,0.6151931701707172,0,0,2.6831581117295404,4.581199829465415,IFNG;SLC11A1
GO_Biological_Process_2023,One-Carbon Compound Transport (GO:0019755),2/35,0.1813382998772923,0.6151931701707172,0,0,2.6831581117295404,4.581199829465415,CA4;HBE1
GO_Biological_Process_2023,Positive Regulation Of Cell Development (GO:0010720),2/35,0.1813382998772923,0.6151931701707172,0,0,2.6831581117295404,4.581199829465415,IFNG;LIG4
GO_Biological_Process_2023,Regulation Of G2/M Transition Of Mitotic Cell Cycle (GO:0010389),2/35,0.1813382998772923,0.6151931701707172,0,0,2.6831581117295404,4.581199829465415,RRM2B;STOX1
GO_Biological_Process_2023,Protein Complex Oligomerization (GO:0051259),4/100,0.1814444595652175,0.6151931701707172,0,0,1.8470956719817768,3.1526333844647105,HOMER1;NACC2;NINJ1;ECT2
GO_Biological_Process_2023,Regulation Of Dendritic Cell Apoptotic Process (GO:2000668),1/9,0.1826037103261963,0.6151931701707172,0,0,5.52856334841629,9.400973628090462,LILRB1
GO_Biological_Process_2023,Golgi Inheritance (GO:0048313),1/9,0.1826037103261963,0.6151931701707172,0,0,5.52856334841629,9.400973628090462,PDCD10
GO_Biological_Process_2023,IMP Metabolic Process (GO:0046040),1/9,0.1826037103261963,0.6151931701707172,0,0,5.52856334841629,9.400973628090462,AMPD2
GO_Biological_Process_2023,Regulation Of Mast Cell Activation Involved In Immune Response (GO:0033006),1/9,0.1826037103261963,0.6151931701707172,0,0,5.52856334841629,9.400973628090462,FES
GO_Biological_Process_2023,Amine Metabolic Process (GO:0009308),1/9,0.1826037103261963,0.6151931701707172,0,0,5.52856334841629,9.400973628090462,VCAM1
GO_Biological_Process_2023,Regulation Of Myeloid Leukocyte Mediated Immunity (GO:0002886),1/9,0.1826037103261963,0.6151931701707172,0,0,5.52856334841629,9.400973628090462,FES
GO_Biological_Process_2023,Autophagy Of Peroxisome (GO:0030242),1/9,0.1826037103261963,0.6151931701707172,0,0,5.52856334841629,9.400973628090462,RB1CC1
GO_Biological_Process_2023,Regulation Of Protein Acetylation (GO:1901983),1/9,0.1826037103261963,0.6151931701707172,0,0,5.52856334841629,9.400973628090462,FAM161A
GO_Biological_Process_2023,Regulation Of Protein Localization To Chromatin (GO:1905634),1/9,0.1826037103261963,0.6151931701707172,0,0,5.52856334841629,9.400973628090462,SPI1
GO_Biological_Process_2023,Cell Differentiation In Spinal Cord (GO:0021515),1/9,0.1826037103261963,0.6151931701707172,0,0,5.52856334841629,9.400973628090462,MDGA1
GO_Biological_Process_2023,Regulation Of Receptor Binding (GO:1900120),1/9,0.1826037103261963,0.6151931701707172,0,0,5.52856334841629,9.400973628090462,MMP9
GO_Biological_Process_2023,Regulation Of Store-Operated Calcium Entry (GO:2001256),1/9,0.1826037103261963,0.6151931701707172,0,0,5.52856334841629,9.400973628090462,HOMER1
GO_Biological_Process_2023,Regulation Of Tau-Protein Kinase Activity (GO:1902947),1/9,0.1826037103261963,0.6151931701707172,0,0,5.52856334841629,9.400973628090462,IFNG
GO_Biological_Process_2023,Regulation Of Transmembrane Transporter Activity (GO:0022898),1/9,0.1826037103261963,0.6151931701707172,0,0,5.52856334841629,9.400973628090462,BCL2
GO_Biological_Process_2023,Cellular Response To Oxidised Low-Density Lipoprotein Particle Stimulus (GO:0140052),1/9,0.1826037103261963,0.6151931701707172,0,0,5.52856334841629,9.400973628090462,MYD88
GO_Biological_Process_2023,Response To Laminar Fluid Shear Stress (GO:0034616),1/9,0.1826037103261963,0.6151931701707172,0,0,5.52856334841629,9.400973628090462,SMAD6
GO_Biological_Process_2023,Smooth Muscle Tissue Development (GO:0048745),1/9,0.1826037103261963,0.6151931701707172,0,0,5.52856334841629,9.400973628090462,PTCH1
GO_Biological_Process_2023,Somatic Recombination Of Immunoglobulin Genes Involved In Immune Response (GO:0002204),1/9,0.1826037103261963,0.6151931701707172,0,0,5.52856334841629,9.400973628090462,LIG4
GO_Biological_Process_2023,Epithelial Cilium Movement Involved In Determination Of Left/Right Asymmetry (GO:0060287),1/9,0.1826037103261963,0.6151931701707172,0,0,5.52856334841629,9.400973628090462,DNAAF11
GO_Biological_Process_2023,Ether Lipid Biosynthetic Process (GO:0008611),1/9,0.1826037103261963,0.6151931701707172,0,0,5.52856334841629,9.400973628090462,FAR1
GO_Biological_Process_2023,Type II Interferon-Mediated Signaling Pathway (GO:0060333),1/9,0.1826037103261963,0.6151931701707172,0,0,5.52856334841629,9.400973628090462,IFNG
GO_Biological_Process_2023,Lung Epithelium Development (GO:0060428),1/9,0.1826037103261963,0.6151931701707172,0,0,5.52856334841629,9.400973628090462,ERRFI1
GO_Biological_Process_2023,Mesenchymal To Epithelial Transition (GO:0060231),1/9,0.1826037103261963,0.6151931701707172,0,0,5.52856334841629,9.400973628090462,FZD7
GO_Biological_Process_2023,Mitochondrial DNA Replication (GO:0006264),1/9,0.1826037103261963,0.6151931701707172,0,0,5.52856334841629,9.400973628090462,RRM2B
GO_Biological_Process_2023,Mitral Valve Morphogenesis (GO:0003183),1/9,0.1826037103261963,0.6151931701707172,0,0,5.52856334841629,9.400973628090462,SMAD6
GO_Biological_Process_2023,Muscle Cell Migration (GO:0014812),1/9,0.1826037103261963,0.6151931701707172,0,0,5.52856334841629,9.400973628090462,ROCK1
GO_Biological_Process_2023,Necroptotic Process (GO:0070266),1/9,0.1826037103261963,0.6151931701707172,0,0,5.52856334841629,9.400973628090462,IPMK
GO_Biological_Process_2023,Negative Regulation Of Alpha-Beta T Cell Proliferation (GO:0046642),1/9,0.1826037103261963,0.6151931701707172,0,0,5.52856334841629,9.400973628090462,TWSG1
GO_Biological_Process_2023,Negative Regulation Of Cell Adhesion Mediated By Integrin (GO:0033629),1/9,0.1826037103261963,0.6151931701707172,0,0,5.52856334841629,9.400973628090462,CYP1B1
GO_Biological_Process_2023,Negative Regulation Of Protein Autophosphorylation (GO:0031953),1/9,0.1826037103261963,0.6151931701707172,0,0,5.52856334841629,9.400973628090462,ERRFI1
GO_Biological_Process_2023,Negative Regulation Of Protein Exit From Endoplasmic Reticulum (GO:0070862),1/9,0.1826037103261963,0.6151931701707172,0,0,5.52856334841629,9.400973628090462,OS9
GO_Biological_Process_2023,Negative Regulation Of Sodium Ion Transmembrane Transport (GO:1902306),1/9,0.1826037103261963,0.6151931701707172,0,0,5.52856334841629,9.400973628090462,HECW2
GO_Biological_Process_2023,Negative Regulation Of Toll-Like Receptor 4 Signaling Pathway (GO:0034144),1/9,0.1826037103261963,0.6151931701707172,0,0,5.52856334841629,9.400973628090462,LILRA2
GO_Biological_Process_2023,Negative Regulation Of Tyrosine Phosphorylation Of STAT Protein (GO:0042532),1/9,0.1826037103261963,0.6151931701707172,0,0,5.52856334841629,9.400973628090462,PIBF1
GO_Biological_Process_2023,Peptidyl-Cysteine Modification (GO:0018198),1/9,0.1826037103261963,0.6151931701707172,0,0,5.52856334841629,9.400973628090462,TMX3
GO_Biological_Process_2023,Piecemeal Microautophagy Of The Nucleus (GO:0034727),1/9,0.1826037103261963,0.6151931701707172,0,0,5.52856334841629,9.400973628090462,RB1CC1
GO_Biological_Process_2023,Positive Regulation Of Monocyte Differentiation (GO:0045657),1/9,0.1826037103261963,0.6151931701707172,0,0,5.52856334841629,9.400973628090462,FES
GO_Biological_Process_2023,Positive Regulation Of Protein Acetylation (GO:1901985),1/9,0.1826037103261963,0.6151931701707172,0,0,5.52856334841629,9.400973628090462,FAM161A
GO_Biological_Process_2023,Positive Regulation Of Tissue Remodeling (GO:0034105),1/9,0.1826037103261963,0.6151931701707172,0,0,5.52856334841629,9.400973628090462,ROCK1
GO_Biological_Process_2023,Protein Localization To Microtubule (GO:0035372),1/9,0.1826037103261963,0.6151931701707172,0,0,5.52856334841629,9.400973628090462,KIF20B
GO_Biological_Process_2023,Protein Localization To Microtubule Cytoskeleton (GO:0072698),1/9,0.1826037103261963,0.6151931701707172,0,0,5.52856334841629,9.400973628090462,KIF20B
GO_Biological_Process_2023,rRNA 3'-End Processing (GO:0031125),1/9,0.1826037103261963,0.6151931701707172,0,0,5.52856334841629,9.400973628090462,ERI2
GO_Biological_Process_2023,"Regulation Of CD4-positive, Alpha-Beta T Cell Proliferation (GO:2000561)",1/9,0.1826037103261963,0.6151931701707172,0,0,5.52856334841629,9.400973628090462,TWSG1
GO_Biological_Process_2023,"Regulation Of CD8-positive, Alpha-Beta T Cell Activation (GO:2001185)",1/9,0.1826037103261963,0.6151931701707172,0,0,5.52856334841629,9.400973628090462,LILRB1
GO_Biological_Process_2023,Regulation Of Actin Filament Length (GO:0030832),1/9,0.1826037103261963,0.6151931701707172,0,0,5.52856334841629,9.400973628090462,EPS8
GO_Biological_Process_2023,Regulation Of Attachment Of Spindle Microtubules To Kinetochore (GO:0051988),1/9,0.1826037103261963,0.6151931701707172,0,0,5.52856334841629,9.400973628090462,ECT2
GO_Biological_Process_2023,Regulation Of Cardiac Muscle Cell Differentiation (GO:2000725),1/9,0.1826037103261963,0.6151931701707172,0,0,5.52856334841629,9.400973628090462,FZD7
GO_Biological_Process_2023,Negative Regulation Of Cellular Catabolic Process (GO:0031330),3/67,0.1854681296678149,0.6151931701707172,0,0,2.076669034090909,3.498921964461144,ROCK1;LEPR;BCL2
GO_Biological_Process_2023,Regulation Of Glucose Import (GO:0046324),2/36,0.1893608590060002,0.6151931701707172,0,0,2.604108309990663,4.3334986631468135,OSBPL8;SORBS1
GO_Biological_Process_2023,Lytic Vacuole Organization (GO:0080171),2/36,0.1893608590060002,0.6151931701707172,0,0,2.604108309990663,4.3334986631468135,GRN;TFEB
GO_Biological_Process_2023,Negative Regulation Of T Cell Proliferation (GO:0042130),2/36,0.1893608590060002,0.6151931701707172,0,0,2.604108309990663,4.3334986631468135,GPNMB;LILRB1
GO_Biological_Process_2023,Positive Regulation Of Signaling Receptor Activity (GO:2000273),2/36,0.1893608590060002,0.6151931701707172,0,0,2.604108309990663,4.3334986631468135,NCF1;IFNG
GO_Biological_Process_2023,Receptor Signaling Pathway Via JAK-STAT (GO:0007259),2/36,0.1893608590060002,0.6151931701707172,0,0,2.604108309990663,4.3334986631468135,IFNG;SOCS6
GO_Biological_Process_2023,Regulation Of T Cell Mediated Cytotoxicity (GO:0001914),2/36,0.1893608590060002,0.6151931701707172,0,0,2.604108309990663,4.3334986631468135,HLA-C;LILRB1
GO_Biological_Process_2023,Regulation Of Protein Secretion (GO:0050708),4/102,0.1903514205963583,0.6151931701707172,0,0,1.8092138905676165,3.0012747690870443,IFNG;CYP51A1;KCNA5;EXPH5
GO_Biological_Process_2023,Aortic Valve Morphogenesis (GO:0003180),2/37,0.1974303546173198,0.6151931701707172,0,0,2.5295756397797216,4.103906091918639,ROCK1;SMAD6
GO_Biological_Process_2023,Axonemal Dynein Complex Assembly (GO:0070286),2/37,0.1974303546173198,0.6151931701707172,0,0,2.5295756397797216,4.103906091918639,DNAAF11;SPAG1
GO_Biological_Process_2023,Positive Regulation Of Immune Effector Process (GO:0002699),2/37,0.1974303546173198,0.6151931701707172,0,0,2.5295756397797216,4.103906091918639,IFNG;LILRB1
GO_Biological_Process_2023,Positive Regulation Of Receptor Signaling Pathway Via JAK-STAT (GO:0046427),2/37,0.1974303546173198,0.6151931701707172,0,0,2.5295756397797216,4.103906091918639,CYP1B1;PIBF1
GO_Biological_Process_2023,Positive Regulation Of Signaling (GO:0023056),2/37,0.1974303546173198,0.6151931701707172,0,0,2.5295756397797216,4.103906091918639,HOMER1;ILK
GO_Biological_Process_2023,Positive Regulation Of Inflammatory Response (GO:0050729),4/104,0.1993937954147608,0.6151931701707172,0,0,1.7728473804100229,2.858669488202357,GRN;IFNG;NINJ1;IL17RA
GO_Biological_Process_2023,Positive Regulation Of Vasculature Development (GO:1904018),4/104,0.1993937954147608,0.6151931701707172,0,0,1.7728473804100229,2.858669488202357,GRN;NINJ1;CYP1B1;SASH1
GO_Biological_Process_2023,Regulation Of Dendritic Cell Differentiation (GO:2001198),1/10,0.2007171636898181,0.6151931701707172,0,0,4.914027149321267,7.891232304827312,LILRB1
GO_Biological_Process_2023,T Cell Chemotaxis (GO:0010818),1/10,0.2007171636898181,0.6151931701707172,0,0,4.914027149321267,7.891232304827312,CXCL16
GO_Biological_Process_2023,Actin Filament Depolymerization (GO:0030042),1/10,0.2007171636898181,0.6151931701707172,0,0,4.914027149321267,7.891232304827312,TWF1
GO_Biological_Process_2023,Regulation Of Mitochondrial Depolarization (GO:0051900),1/10,0.2007171636898181,0.6151931701707172,0,0,4.914027149321267,7.891232304827312,BCL2
GO_Biological_Process_2023,Regulation Of Mitotic Sister Chromatid Separation (GO:0010965),1/10,0.2007171636898181,0.6151931701707172,0,0,4.914027149321267,7.891232304827312,USP44
GO_Biological_Process_2023,Basement Membrane Organization (GO:0071711),1/10,0.2007171636898181,0.6151931701707172,0,0,4.914027149321267,7.891232304827312,NID2
GO_Biological_Process_2023,Cellular Response To UV-A (GO:0071492),1/10,0.2007171636898181,0.6151931701707172,0,0,4.914027149321267,7.891232304827312,MMP9
GO_Biological_Process_2023,Regulation Of Smooth Muscle Cell Apoptotic Process (GO:0034391),1/10,0.2007171636898181,0.6151931701707172,0,0,4.914027149321267,7.891232304827312,IFNG
GO_Biological_Process_2023,Diol Metabolic Process (GO:0034311),1/10,0.2007171636898181,0.6151931701707172,0,0,4.914027149321267,7.891232304827312,SGPP1
GO_Biological_Process_2023,Embryonic Appendage Morphogenesis (GO:0035113),1/10,0.2007171636898181,0.6151931701707172,0,0,4.914027149321267,7.891232304827312,PTCH1
GO_Biological_Process_2023,Glycine Transport (GO:0015816),1/10,0.2007171636898181,0.6151931701707172,0,0,4.914027149321267,7.891232304827312,SLC6A20
GO_Biological_Process_2023,Inositol Phosphate Biosynthetic Process (GO:0032958),1/10,0.2007171636898181,0.6151931701707172,0,0,4.914027149321267,7.891232304827312,IPMK
GO_Biological_Process_2023,Lipoprotein Catabolic Process (GO:0042159),1/10,0.2007171636898181,0.6151931701707172,0,0,4.914027149321267,7.891232304827312,CTSD
GO_Biological_Process_2023,Meiotic Sister Chromatid Cohesion (GO:0051177),1/10,0.2007171636898181,0.6151931701707172,0,0,4.914027149321267,7.891232304827312,SGO2
GO_Biological_Process_2023,Mitotic Spindle Elongation (GO:0000022),1/10,0.2007171636898181,0.6151931701707172,0,0,4.914027149321267,7.891232304827312,MAP10
GO_Biological_Process_2023,Mitotic Spindle Midzone Assembly (GO:0051256),1/10,0.2007171636898181,0.6151931701707172,0,0,4.914027149321267,7.891232304827312,MAP10
GO_Biological_Process_2023,Negative Regulation Of B Cell Proliferation (GO:0030889),1/10,0.2007171636898181,0.6151931701707172,0,0,4.914027149321267,7.891232304827312,TYROBP
GO_Biological_Process_2023,Negative Regulation Of Activin Receptor Signaling Pathway (GO:0032926),1/10,0.2007171636898181,0.6151931701707172,0,0,4.914027149321267,7.891232304827312,LEMD3
GO_Biological_Process_2023,Negative Regulation Of Adenylate Cyclase Activity (GO:0007194),1/10,0.2007171636898181,0.6151931701707172,0,0,4.914027149321267,7.891232304827312,PALM
GO_Biological_Process_2023,Negative Regulation Of Hemostasis (GO:1900047),1/10,0.2007171636898181,0.6151931701707172,0,0,4.914027149321267,7.891232304827312,THBD
GO_Biological_Process_2023,Negative Regulation Of Interleukin-17 Production (GO:0032700),1/10,0.2007171636898181,0.6151931701707172,0,0,4.914027149321267,7.891232304827312,IFNG
GO_Biological_Process_2023,Negative Regulation Of Lipopolysaccharide-Mediated Signaling Pathway (GO:0031665),1/10,0.2007171636898181,0.6151931701707172,0,0,4.914027149321267,7.891232304827312,LILRA2
GO_Biological_Process_2023,Negative Regulation Of Natural Killer Cell Mediated Immunity (GO:0002716),1/10,0.2007171636898181,0.6151931701707172,0,0,4.914027149321267,7.891232304827312,LILRB1
GO_Biological_Process_2023,Negative Regulation Of Pathway-Restricted SMAD Protein Phosphorylation (GO:0060394),1/10,0.2007171636898181,0.6151931701707172,0,0,4.914027149321267,7.891232304827312,SMAD6
GO_Biological_Process_2023,Negative Regulation Of Sodium Ion Transmembrane Transporter Activity (GO:2000650),1/10,0.2007171636898181,0.6151931701707172,0,0,4.914027149321267,7.891232304827312,HECW2
GO_Biological_Process_2023,Omega-Hydroxylase P450 Pathway (GO:0097267),1/10,0.2007171636898181,0.6151931701707172,0,0,4.914027149321267,7.891232304827312,CYP1B1
GO_Biological_Process_2023,Oxygen Transport (GO:0015671),1/10,0.2007171636898181,0.6151931701707172,0,0,4.914027149321267,7.891232304827312,HBE1
GO_Biological_Process_2023,Positive Regulation Of B Cell Differentiation (GO:0045579),1/10,0.2007171636898181,0.6151931701707172,0,0,4.914027149321267,7.891232304827312,SPI1
GO_Biological_Process_2023,Positive Regulation Of DNA Methylation-Dependent Heterochromatin Formation (GO:0090309),1/10,0.2007171636898181,0.6151931701707172,0,0,4.914027149321267,7.891232304827312,RESF1
GO_Biological_Process_2023,Positive Regulation Of MHC Class II Biosynthetic Process (GO:0045348),1/10,0.2007171636898181,0.6151931701707172,0,0,4.914027149321267,7.891232304827312,IFNG
GO_Biological_Process_2023,Positive Regulation Of Cellular Respiration (GO:1901857),1/10,0.2007171636898181,0.6151931701707172,0,0,4.914027149321267,7.891232304827312,IFNG
GO_Biological_Process_2023,Positive Regulation Of Defense Response To Bacterium (GO:1900426),1/10,0.2007171636898181,0.6151931701707172,0,0,4.914027149321267,7.891232304827312,GRN
GO_Biological_Process_2023,Positive Regulation Of Epidermal Growth Factor-Activated Receptor Activity (GO:0045741),1/10,0.2007171636898181,0.6151931701707172,0,0,4.914027149321267,7.891232304827312,NCF1
GO_Biological_Process_2023,Positive Regulation Of Nitric-Oxide Synthase Biosynthetic Process (GO:0051770),1/10,0.2007171636898181,0.6151931701707172,0,0,4.914027149321267,7.891232304827312,IFNG
GO_Biological_Process_2023,Positive Regulation Of Toll-Like Receptor 4 Signaling Pathway (GO:0034145),1/10,0.2007171636898181,0.6151931701707172,0,0,4.914027149321267,7.891232304827312,NINJ1
GO_Biological_Process_2023,Positive Regulation Of Transforming Growth Factor Beta Production (GO:0071636),1/10,0.2007171636898181,0.6151931701707172,0,0,4.914027149321267,7.891232304827312,PTGS2
GO_Biological_Process_2023,Protein Kinase C-activating G Protein-Coupled Receptor Signaling Pathway (GO:0007205),1/10,0.2007171636898181,0.6151931701707172,0,0,4.914027149321267,7.891232304827312,DGKH
GO_Biological_Process_2023,Protein Localization To Condensed Chromosome (GO:1903083),1/10,0.2007171636898181,0.6151931701707172,0,0,4.914027149321267,7.891232304827312,ZWILCH
GO_Biological_Process_2023,Protein Localization To Endosome (GO:0036010),1/10,0.2007171636898181,0.6151931701707172,0,0,4.914027149321267,7.891232304827312,WASHC2A
GO_Biological_Process_2023,Protein Oxidation (GO:0018158),1/10,0.2007171636898181,0.6151931701707172,0,0,4.914027149321267,7.891232304827312,TMX3
GO_Biological_Process_2023,Regulation Of Axon Regeneration (GO:0048679),1/10,0.2007171636898181,0.6151931701707172,0,0,4.914027149321267,7.891232304827312,GRN
GO_Biological_Process_2023,Regulation Of G Protein-Coupled Receptor Signaling Pathway (GO:0008277),3/70,0.2024144430886328,0.6151931701707172,0,0,1.9833785617367707,3.168324253115711,ROCK1;MGRN1;GRK6
GO_Biological_Process_2023,Regulation Of Actin Filament-Based Process (GO:0032970),3/70,0.2024144430886328,0.6151931701707172,0,0,1.9833785617367707,3.168324253115711,ROCK1;RHOG;RICTOR
GO_Biological_Process_2023,Intrinsic Apoptotic Signaling Pathway (GO:0097193),4/105,0.2039630531301504,0.6151931701707172,0,0,1.7552042220167348,2.7904524814661302,BCL2A1;BCL2;CYP1B1;PMAIP1
GO_Biological_Process_2023,Regulation Of Protein Import Into Nucleus (GO:0042306),2/38,0.2055407891985343,0.6151931701707172,0,0,2.459183673469388,3.89070099280641,IFNG;ECT2
GO_Biological_Process_2023,Regulation Of G1/S Transition Of Mitotic Cell Cycle (GO:2000045),4/106,0.2085629109189745,0.6151931701707172,0,0,1.737907007905668,2.72419452531233,GPNMB;ADAMTS1;PTPN6;STOX1
GO_Biological_Process_2023,Regulation Of Nitric Oxide Biosynthetic Process (GO:0045428),2/39,0.2136864068082006,0.6151931701707172,0,0,2.392596678310964,3.692364601288528,IFNG;PTGS2
GO_Biological_Process_2023,Vesicle Cytoskeletal Trafficking (GO:0099518),2/39,0.2136864068082006,0.6151931701707172,0,0,2.392596678310964,3.692364601288528,BICDL2;MYO1F
GO_Biological_Process_2023,Vitamin Transport (GO:0051180),2/39,0.2136864068082006,0.6151931701707172,0,0,2.392596678310964,3.692364601288528,GBAP1;SLC19A2
GO_Biological_Process_2023,Negative Regulation Of Protein Secretion (GO:0050709),2/39,0.2136864068082006,0.6151931701707172,0,0,2.392596678310964,3.692364601288528,CYP51A1;INHBB
GO_Biological_Process_2023,Positive Regulation Of Intrinsic Apoptotic Signaling Pathway (GO:2001244),2/39,0.2136864068082006,0.6151931701707172,0,0,2.392596678310964,3.692364601288528,NACC2;PMAIP1
GO_Biological_Process_2023,Cellular Response To Hypoxia (GO:0071456),3/72,0.2139058114991213,0.6151931701707172,0,0,1.925691699604743,2.9698392786202725,PMAIP1;PTGS2;STOX1
GO_Biological_Process_2023,Negative Regulation Of Cell Adhesion (GO:0007162),3/72,0.2139058114991213,0.6151931701707172,0,0,1.925691699604743,2.9698392786202725,FZD7;CYP1B1;ADAM10
GO_Biological_Process_2023,Ras Protein Signal Transduction (GO:0007265),5/144,0.2153682170429158,0.6151931701707172,0,0,1.5947242206235013,2.448549261616076,EPS8;SHTN1;ROCK1;RASGRF1;RHOG
GO_Biological_Process_2023,Regulation Of Cell Adhesion (GO:0030155),5/144,0.2153682170429158,0.6151931701707172,0,0,1.5947242206235013,2.448549261616076,ROCK1;FES;TFE3;PLAUR;ADAM10
GO_Biological_Process_2023,Positive Regulation Of Metabolic Process (GO:0009893),4/108,0.2178500883371763,0.6151931701707172,0,0,1.70431049588225,2.597280777669701,KDM6B;IFNG;PDGFC;LEPR
GO_Biological_Process_2023,AMP Metabolic Process (GO:0046033),1/11,0.2184301100058096,0.6151931701707172,0,0,4.422398190045249,6.727746508592333,AMPD2
GO_Biological_Process_2023,Regulation Of Fatty Acid Metabolic Process (GO:0019217),1/11,0.2184301100058096,0.6151931701707172,0,0,4.422398190045249,6.727746508592333,PDK4
GO_Biological_Process_2023,Regulation Of Homotypic Cell-Cell Adhesion (GO:0034110),1/11,0.2184301100058096,0.6151931701707172,0,0,4.422398190045249,6.727746508592333,PLAUR
GO_Biological_Process_2023,Actin Crosslink Formation (GO:0051764),1/11,0.2184301100058096,0.6151931701707172,0,0,4.422398190045249,6.727746508592333,EPS8
GO_Biological_Process_2023,Regulation Of Protein K63-linked Ubiquitination (GO:1900044),1/11,0.2184301100058096,0.6151931701707172,0,0,4.422398190045249,6.727746508592333,SASH1
GO_Biological_Process_2023,Carbon Dioxide Transport (GO:0015670),1/11,0.2184301100058096,0.6151931701707172,0,0,4.422398190045249,6.727746508592333,HBE1
GO_Biological_Process_2023,Regulation Of Response To Oxidative Stress (GO:1902882),1/11,0.2184301100058096,0.6151931701707172,0,0,4.422398190045249,6.727746508592333,STOX1
GO_Biological_Process_2023,Central Nervous System Myelination (GO:0022010),1/11,0.2184301100058096,0.6151931701707172,0,0,4.422398190045249,6.727746508592333,B4GALT6
GO_Biological_Process_2023,Central Nervous System Neuron Axonogenesis (GO:0021955),1/11,0.2184301100058096,0.6151931701707172,0,0,4.422398190045249,6.727746508592333,B4GALT6
GO_Biological_Process_2023,Regulation Of Ventricular Cardiac Muscle Cell Action Potential (GO:0098911),1/11,0.2184301100058096,0.6151931701707172,0,0,4.422398190045249,6.727746508592333,DSP
GO_Biological_Process_2023,Central Nervous System Projection Neuron Axonogenesis (GO:0021952),1/11,0.2184301100058096,0.6151931701707172,0,0,4.422398190045249,6.727746508592333,NFIB
GO_Biological_Process_2023,Response To X-ray (GO:0010165),1/11,0.2184301100058096,0.6151931701707172,0,0,4.422398190045249,6.727746508592333,LIG4
GO_Biological_Process_2023,Sphingoid Metabolic Process (GO:0046519),1/11,0.2184301100058096,0.6151931701707172,0,0,4.422398190045249,6.727746508592333,SGPP1
GO_Biological_Process_2023,Epithelial Cell-Cell Adhesion (GO:0090136),1/11,0.2184301100058096,0.6151931701707172,0,0,4.422398190045249,6.727746508592333,DSP
GO_Biological_Process_2023,Exit From Mitosis (GO:0010458),1/11,0.2184301100058096,0.6151931701707172,0,0,4.422398190045249,6.727746508592333,EPS8
GO_Biological_Process_2023,Visual Learning (GO:0008542),1/11,0.2184301100058096,0.6151931701707172,0,0,4.422398190045249,6.727746508592333,TAFA2
GO_Biological_Process_2023,Isotype Switching (GO:0045190),1/11,0.2184301100058096,0.6151931701707172,0,0,4.422398190045249,6.727746508592333,LIG4
GO_Biological_Process_2023,Lipoprotein Transport (GO:0042953),1/11,0.2184301100058096,0.6151931701707172,0,0,4.422398190045249,6.727746508592333,ZDHHC17
GO_Biological_Process_2023,Lysosomal Microautophagy (GO:0016237),1/11,0.2184301100058096,0.6151931701707172,0,0,4.422398190045249,6.727746508592333,RB1CC1
GO_Biological_Process_2023,Maintenance Of Protein Localization In Endoplasmic Reticulum (GO:0035437),1/11,0.2184301100058096,0.6151931701707172,0,0,4.422398190045249,6.727746508592333,OS9
GO_Biological_Process_2023,Methylguanosine-Cap Decapping (GO:0110156),1/11,0.2184301100058096,0.6151931701707172,0,0,4.422398190045249,6.727746508592333,DCP2
GO_Biological_Process_2023,"Negative Regulation Of CD4-positive, Alpha-Beta T Cell Activation (GO:2000515)",1/11,0.2184301100058096,0.6151931701707172,0,0,4.422398190045249,6.727746508592333,TWSG1
GO_Biological_Process_2023,Negative Regulation Of Cyclase Activity (GO:0031280),1/11,0.2184301100058096,0.6151931701707172,0,0,4.422398190045249,6.727746508592333,PALM
GO_Biological_Process_2023,Negative Regulation Of Fibrinolysis (GO:0051918),1/11,0.2184301100058096,0.6151931701707172,0,0,4.422398190045249,6.727746508592333,THBD
GO_Biological_Process_2023,Negative Regulation Of Leukocyte Apoptotic Process (GO:2000107),1/11,0.2184301100058096,0.6151931701707172,0,0,4.422398190045249,6.727746508592333,LILRB1
GO_Biological_Process_2023,Nucleotide-Binding Oligomerization Domain Containing Signaling Pathway (GO:0070423),1/11,0.2184301100058096,0.6151931701707172,0,0,4.422398190045249,6.727746508592333,LACC1
GO_Biological_Process_2023,Positive Regulation Of Myelination (GO:0031643),1/11,0.2184301100058096,0.6151931701707172,0,0,4.422398190045249,6.727746508592333,EGR2
GO_Biological_Process_2023,Programmed Necrotic Cell Death (GO:0097300),1/11,0.2184301100058096,0.6151931701707172,0,0,4.422398190045249,6.727746508592333,IPMK
GO_Biological_Process_2023,Protein Localization To Kinetochore (GO:0034501),1/11,0.2184301100058096,0.6151931701707172,0,0,4.422398190045249,6.727746508592333,ZWILCH
GO_Biological_Process_2023,Purine Ribonucleoside Monophosphate Biosynthetic Process (GO:0009168),1/11,0.2184301100058096,0.6151931701707172,0,0,4.422398190045249,6.727746508592333,AMPD2
GO_Biological_Process_2023,Purine Ribonucleoside Monophosphate Metabolic Process (GO:0009167),1/11,0.2184301100058096,0.6151931701707172,0,0,4.422398190045249,6.727746508592333,AMPD2
GO_Biological_Process_2023,Regulation Of Adipose Tissue Development (GO:1904177),1/11,0.2184301100058096,0.6151931701707172,0,0,4.422398190045249,6.727746508592333,SPI1
GO_Biological_Process_2023,Regulation Of Amyloid Precursor Protein Catabolic Process (GO:1902991),1/11,0.2184301100058096,0.6151931701707172,0,0,4.422398190045249,6.727746508592333,ROCK1
GO_Biological_Process_2023,Regulation Of Cell Activation (GO:0050865),1/11,0.2184301100058096,0.6151931701707172,0,0,4.422398190045249,6.727746508592333,LILRA2
GO_Biological_Process_2023,Regulation Of Rho Protein Signal Transduction (GO:0035023),3/73,0.2197032254895754,0.6151931701707172,0,0,1.898084415584416,2.8765044495819607,EPS8;PDCD10;LPAR1
GO_Biological_Process_2023,Regulation Of Microtubule Cytoskeleton Organization (GO:0070507),2/40,0.2218616853069862,0.6151931701707172,0,0,2.329514261845089,3.5075522574295617,ROCK1;TRIM36
GO_Biological_Process_2023,Aortic Valve Development (GO:0003176),2/40,0.2218616853069862,0.6151931701707172,0,0,2.329514261845089,3.5075522574295617,ROCK1;SMAD6
GO_Biological_Process_2023,Cell Cycle G2/M Phase Transition (GO:0044839),2/40,0.2218616853069862,0.6151931701707172,0,0,2.329514261845089,3.5075522574295617,TPD52L1;CDK14
GO_Biological_Process_2023,Retinoid Metabolic Process (GO:0001523),2/40,0.2218616853069862,0.6151931701707172,0,0,2.329514261845089,3.5075522574295617,ALDH1A2;CYP1B1
GO_Biological_Process_2023,Negative Regulation Of Mitotic Cell Cycle Phase Transition (GO:1901991),2/40,0.2218616853069862,0.6151931701707172,0,0,2.329514261845089,3.5075522574295617,GPNMB;USP44
GO_Biological_Process_2023,Negative Regulation Of Secretion By Cell (GO:1903531),2/40,0.2218616853069862,0.6151931701707172,0,0,2.329514261845089,3.5075522574295617,CYP51A1;LILRB1
GO_Biological_Process_2023,Positive Regulation Of Cell Cycle G1/S Phase Transition (GO:1902808),2/40,0.2218616853069862,0.6151931701707172,0,0,2.329514261845089,3.5075522574295617,ADAMTS1;STOX1
GO_Biological_Process_2023,Positive Regulation Of Myeloid Leukocyte Differentiation (GO:0002763),2/40,0.2218616853069862,0.6151931701707172,0,0,2.329514261845089,3.5075522574295617,IFNG;FES
GO_Biological_Process_2023,Protein Localization To Cilium (GO:0061512),2/40,0.2218616853069862,0.6151931701707172,0,0,2.329514261845089,3.5075522574295617,DNAAF11;SNX10
GO_Biological_Process_2023,Extracellular Structure Organization (GO:0043062),4/109,0.2225352421227944,0.6151931701707172,0,0,1.6879921900423038,2.5364948838362578,COL17A1;ADAMTS1;COL23A1;MMP9
GO_Biological_Process_2023,Regulation Of Cold-Induced Thermogenesis (GO:0120161),5/146,0.2233677643512178,0.6151931701707172,0,0,1.571942096570485,2.3562401243848723,KDM6B;TLE3;PDGFC;TFE3;LEPR
GO_Biological_Process_2023,Regulation Of mRNA Stability (GO:0043488),3/74,0.225532330716718,0.6151931701707172,0,0,1.871254801536492,2.786844350893902,ROCK1;SLC11A1;DCP2
GO_Biological_Process_2023,Negative Regulation Of Neuron Apoptotic Process (GO:0043524),3/74,0.225532330716718,0.6151931701707172,0,0,1.871254801536492,2.786844350893902,GRN;BCL2;LIG4
GO_Biological_Process_2023,Response To Lipid (GO:0033993),4/110,0.2272466655178153,0.6151931701707172,0,0,1.671981776765376,2.477407532820755,GPX3;SLC11A1;ALDH1A2;SMAD6
GO_Biological_Process_2023,External Encapsulating Structure Organization (GO:0045229),4/110,0.2272466655178153,0.6151931701707172,0,0,1.671981776765376,2.477407532820755,COL17A1;ADAMTS1;COL23A1;MMP9
GO_Biological_Process_2023,Regulation Of Heart Rate By Cardiac Conduction (GO:0086091),2/41,0.2300613289294894,0.6151931701707172,0,0,2.2696668410954124,3.335069696037537,DSP;KCNA5
GO_Biological_Process_2023,Axoneme Assembly (GO:0035082),2/41,0.2300613289294894,0.6151931701707172,0,0,2.2696668410954124,3.335069696037537,DNAAF11;SPAG1
GO_Biological_Process_2023,Negative Regulation Of Proteolysis (GO:0045861),2/41,0.2300613289294894,0.6151931701707172,0,0,2.2696668410954124,3.335069696037537,ROCK1;CST7
GO_Biological_Process_2023,Positive Regulation Of Response To Biotic Stimulus (GO:0002833),2/41,0.2300613289294894,0.6151931701707172,0,0,2.2696668410954124,3.335069696037537,GRN;SASH1
GO_Biological_Process_2023,Regulation Of BMP Signaling Pathway (GO:0030510),3/75,0.2313910636559642,0.6151931701707172,0,0,1.8451704545454544,2.7006765093113203,TWSG1;LEMD3;SMAD6
GO_Biological_Process_2023,Protein Modification Process (GO:0036211),19/711,0.2317370553494374,0.6151931701707172,0,0,1.2216265405169593,1.7862036066357816,DSP;ROCK1;NEK7;ADAM10;ILK;ATG13;PHEX;FGR;MEX3B;PTAR1;PPM1B;PPP4R2;CTDSP1;RB1CC1;RPS6KA1;GRK6;PDK4;PTPN6;CDK14
GO_Biological_Process_2023,Negative Regulation Of DNA-binding Transcription Factor Activity (GO:0043433),5/149,0.2355304836057874,0.6151931701707172,0,0,1.5389554794520548,2.2251987071763644,ADGRG3;SPI1;BRMS1;PTCH1;CYP1B1
GO_Biological_Process_2023,Regulation Of Chromosome Separation (GO:1905818),1/12,0.2357513851442776,0.6151931701707172,0,0,4.020156314273962,5.809035348271688,NCAPG
GO_Biological_Process_2023,DNA Deamination (GO:0045006),1/12,0.2357513851442776,0.6151931701707172,0,0,4.020156314273962,5.809035348271688,APOBEC3B
GO_Biological_Process_2023,G Protein-Coupled Glutamate Receptor Signaling Pathway (GO:0007216),1/12,0.2357513851442776,0.6151931701707172,0,0,4.020156314273962,5.809035348271688,HOMER1
GO_Biological_Process_2023,V(D)J Recombination (GO:0033151),1/12,0.2357513851442776,0.6151931701707172,0,0,4.020156314273962,5.809035348271688,LIG4
GO_Biological_Process_2023,Atrial Cardiac Muscle Cell Action Potential (GO:0086014),1/12,0.2357513851442776,0.6151931701707172,0,0,4.020156314273962,5.809035348271688,KCNA5
GO_Biological_Process_2023,"Regulation Of Retrograde Protein Transport, ER To Cytosol (GO:1904152)",1/12,0.2357513851442776,0.6151931701707172,0,0,4.020156314273962,5.809035348271688,OS9
GO_Biological_Process_2023,Regulation Of Transcription From RNA Polymerase II Promoter In Response To Stress (GO:0043618),1/12,0.2357513851442776,0.6151931701707172,0,0,4.020156314273962,5.809035348271688,STOX1
GO_Biological_Process_2023,Regulation Of Tube Diameter (GO:0035296),1/12,0.2357513851442776,0.6151931701707172,0,0,4.020156314273962,5.809035348271688,ROCK1
GO_Biological_Process_2023,Cristae Formation (GO:0042407),1/12,0.2357513851442776,0.6151931701707172,0,0,4.020156314273962,5.809035348271688,APOOL
GO_Biological_Process_2023,Response To Iron Ion (GO:0010039),1/12,0.2357513851442776,0.6151931701707172,0,0,4.020156314273962,5.809035348271688,BCL2
GO_Biological_Process_2023,Defense Response To Tumor Cell (GO:0002357),1/12,0.2357513851442776,0.6151931701707172,0,0,4.020156314273962,5.809035348271688,SPI1
GO_Biological_Process_2023,Exonucleolytic Catabolism Of Deadenylated mRNA (GO:0043928),1/12,0.2357513851442776,0.6151931701707172,0,0,4.020156314273962,5.809035348271688,DCP2
GO_Biological_Process_2023,Eye Photoreceptor Cell Differentiation (GO:0001754),1/12,0.2357513851442776,0.6151931701707172,0,0,4.020156314273962,5.809035348271688,CEP290
GO_Biological_Process_2023,Folic Acid Metabolic Process (GO:0046655),1/12,0.2357513851442776,0.6151931701707172,0,0,4.020156314273962,5.809035348271688,PM20D2
GO_Biological_Process_2023,Granulocyte Activation (GO:0036230),1/12,0.2357513851442776,0.6151931701707172,0,0,4.020156314273962,5.809035348271688,PREX1
GO_Biological_Process_2023,Vascular Process In Circulatory System (GO:0003018),1/12,0.2357513851442776,0.6151931701707172,0,0,4.020156314273962,5.809035348271688,ROCK1
GO_Biological_Process_2023,Lipid Droplet Formation (GO:0140042),1/12,0.2357513851442776,0.6151931701707172,0,0,4.020156314273962,5.809035348271688,CDS1
GO_Biological_Process_2023,Lipoprotein Localization (GO:0044872),1/12,0.2357513851442776,0.6151931701707172,0,0,4.020156314273962,5.809035348271688,ZDHHC17
GO_Biological_Process_2023,Multicellular Organismal-Level Iron Ion Homeostasis (GO:0060586),1/12,0.2357513851442776,0.6151931701707172,0,0,4.020156314273962,5.809035348271688,SLC11A1
GO_Biological_Process_2023,Negative Regulation By Host Of Viral Process (GO:0044793),1/12,0.2357513851442776,0.6151931701707172,0,0,4.020156314273962,5.809035348271688,ZBED1
GO_Biological_Process_2023,Negative Regulation Of Coagulation (GO:0050819),1/12,0.2357513851442776,0.6151931701707172,0,0,4.020156314273962,5.809035348271688,THBD
GO_Biological_Process_2023,Negative Regulation Of Intrinsic Apoptotic Signaling Pathway In Response To DNA Damage By P53 Class Mediator (GO:1902166),1/12,0.2357513851442776,0.6151931701707172,0,0,4.020156314273962,5.809035348271688,BCL2
GO_Biological_Process_2023,Phosphatidylcholine Acyl-Chain Remodeling (GO:0036151),1/12,0.2357513851442776,0.6151931701707172,0,0,4.020156314273962,5.809035348271688,MBOAT7
GO_Biological_Process_2023,Positive Regulation Of T-helper 1 Type Immune Response (GO:0002827),1/12,0.2357513851442776,0.6151931701707172,0,0,4.020156314273962,5.809035348271688,SLC11A1
GO_Biological_Process_2023,Positive Regulation Of Insulin Receptor Signaling Pathway (GO:0046628),1/12,0.2357513851442776,0.6151931701707172,0,0,4.020156314273962,5.809035348271688,SORBS1
GO_Biological_Process_2023,Positive Regulation Of mRNA Metabolic Process (GO:1903313),1/12,0.2357513851442776,0.6151931701707172,0,0,4.020156314273962,5.809035348271688,UPF1
GO_Biological_Process_2023,Positive Regulation Of Protein Localization To Cell Surface (GO:2000010),1/12,0.2357513851442776,0.6151931701707172,0,0,4.020156314273962,5.809035348271688,TYROBP
GO_Biological_Process_2023,Positive Regulation Of Regulated Secretory Pathway (GO:1903307),1/12,0.2357513851442776,0.6151931701707172,0,0,4.020156314273962,5.809035348271688,RAB3D
GO_Biological_Process_2023,Positive Regulation Of Ruffle Assembly (GO:1900029),1/12,0.2357513851442776,0.6151931701707172,0,0,4.020156314273962,5.809035348271688,EPS8
GO_Biological_Process_2023,Regulation Of Actomyosin Structure Organization (GO:0110020),1/12,0.2357513851442776,0.6151931701707172,0,0,4.020156314273962,5.809035348271688,ROCK1
GO_Biological_Process_2023,Cellular Response To Glucose Starvation (GO:0042149),2/42,0.2382802609166109,0.6151931701707172,0,0,2.21281179138322,3.173853060120608,PMAIP1;PLIN3
GO_Biological_Process_2023,Keratinocyte Differentiation (GO:0030216),2/42,0.2382802609166109,0.6151931701707172,0,0,2.21281179138322,3.173853060120608,DSP;EXPH5
GO_Biological_Process_2023,Axonogenesis (GO:0007409),6/188,0.238831397525489,0.6151931701707172,0,0,1.4616390474514045,2.093063353225953,SHTN1;SEMA3C;SLITRK4;B4GALT6;S100B;ZDHHC17
GO_Biological_Process_2023,Neuron Development (GO:0048666),5/150,0.2396256503017391,0.6151931701707172,0,0,1.5282632656274602,2.183395133512316,TENM1;ROCK1;RASGRF1;B4GALT6;HDGFL3
GO_Biological_Process_2023,Cellular Response To Lipid (GO:0071396),7/228,0.2427739532405606,0.6151931701707172,0,0,1.4047075428618871,1.9885384160376416,UPF1;FES;FZD7;PDK4;LILRB1;MYD88;CXCL5
GO_Biological_Process_2023,Negative Regulation Of Transforming Growth Factor Beta Receptor Signaling Pathway (GO:0030512),3/77,0.2431892958913854,0.6151931701707172,0,0,1.7951167076167076,2.5381426971831598,BRMS1;LEMD3;SMAD6
GO_Biological_Process_2023,Positive Regulation Of JNK Cascade (GO:0046330),3/77,0.2431892958913854,0.6151931701707172,0,0,1.7951167076167076,2.5381426971831598,NCF1;FZD7;TPD52L1
GO_Biological_Process_2023,Regulation Of T Cell Proliferation (GO:0042129),3/77,0.2431892958913854,0.6151931701707172,0,0,1.7951167076167076,2.5381426971831598,VCAM1;GPNMB;LILRB1
GO_Biological_Process_2023,Regulation Of Cytoskeleton Organization (GO:0051493),4/114,0.2463335766678343,0.6151931701707172,0,0,1.6108511078898322,2.2569130013807905,ROCK1;RHOG;TRIM36;RICTOR
GO_Biological_Process_2023,Regulation Of MAP Kinase Activity (GO:0043405),4/114,0.2463335766678343,0.6151931701707172,0,0,1.6108511078898322,2.2569130013807905,TENM1;PDCD10;PDGFC;TPD52L1
GO_Biological_Process_2023,Regulation Of Chromosome Organization (GO:0033044),2/43,0.2465136164671499,0.6151931701707172,0,0,2.1587301587301586,3.022951976219095,UPF1;LIG4
GO_Biological_Process_2023,Regulation Of Filopodium Assembly (GO:0051489),2/43,0.2465136164671499,0.6151931701707172,0,0,2.1587301587301586,3.022951976219095,TENM1;PALM
GO_Biological_Process_2023,Response To Amyloid-Beta (GO:1904645),2/43,0.2465136164671499,0.6151931701707172,0,0,2.1587301587301586,3.022951976219095,VCAM1;MMP9
GO_Biological_Process_2023,Glycolipid Biosynthetic Process (GO:0009247),2/43,0.2465136164671499,0.6151931701707172,0,0,2.1587301587301586,3.022951976219095,PIGA;B4GALT6
GO_Biological_Process_2023,Lysosome Organization (GO:0007040),2/43,0.2465136164671499,0.6151931701707172,0,0,2.1587301587301586,3.022951976219095,GRN;TFEB
GO_Biological_Process_2023,mRNA Catabolic Process (GO:0006402),2/43,0.2465136164671499,0.6151931701707172,0,0,2.1587301587301586,3.022951976219095,UPF1;DCP2
GO_Biological_Process_2023,mRNA Destabilization (GO:0061157),2/43,0.2465136164671499,0.6151931701707172,0,0,2.1587301587301586,3.022951976219095,UPF1;ROCK1
GO_Biological_Process_2023,Negative Regulation Of BMP Signaling Pathway (GO:0030514),2/43,0.2465136164671499,0.6151931701707172,0,0,2.1587301587301586,3.022951976219095,LEMD3;SMAD6
GO_Biological_Process_2023,Positive Regulation Of Cell-Matrix Adhesion (GO:0001954),2/43,0.2465136164671499,0.6151931701707172,0,0,2.1587301587301586,3.022951976219095,ROCK1;CEACAM6
GO_Biological_Process_2023,Regulation Of Innate Immune Response (GO:0045088),3/78,0.249124808375393,0.6151931701707172,0,0,1.771090909090909,2.4614643941025296,FGR;TRAFD1;PTPN6
GO_Biological_Process_2023,Positive Regulation Of Tumor Necrosis Factor Production (GO:0032760),3/78,0.249124808375393,0.6151931701707172,0,0,1.771090909090909,2.4614643941025296,TYROBP;IFNG;LILRA2
GO_Biological_Process_2023,Regulation Of TOR Signaling (GO:0032006),3/78,0.249124808375393,0.6151931701707172,0,0,1.771090909090909,2.4614643941025296,MINAR1;RPS6KA1;RICTOR
GO_Biological_Process_2023,T Cell Differentiation In Thymus (GO:0033077),1/13,0.2526896305356358,0.6151931701707172,0,0,3.6849547511312215,5.068999066874996,LIG4
GO_Biological_Process_2023,Regulation Of Intrinsic Apoptotic Signaling Pathway In Response To DNA Damage By P53 Class Mediator (GO:1902165),1/13,0.2526896305356358,0.6151931701707172,0,0,3.6849547511312215,5.068999066874996,BCL2
GO_Biological_Process_2023,Regulation Of Lamellipodium Organization (GO:1902743),1/13,0.2526896305356358,0.6151931701707172,0,0,3.6849547511312215,5.068999066874996,TWF1
GO_Biological_Process_2023,Regulation Of Macrophage Cytokine Production (GO:0010935),1/13,0.2526896305356358,0.6151931701707172,0,0,3.6849547511312215,5.068999066874996,LILRB1
GO_Biological_Process_2023,Amyloid Precursor Protein Catabolic Process (GO:0042987),1/13,0.2526896305356358,0.6151931701707172,0,0,3.6849547511312215,5.068999066874996,ADAM10
GO_Biological_Process_2023,Antigen Processing And Presentation Of Endogenous Peptide Antigen Via MHC Class I Via ER Pathway (GO:0002484),1/13,0.2526896305356358,0.6151931701707172,0,0,3.6849547511312215,5.068999066874996,HLA-C
GO_Biological_Process_2023,"Antigen Processing And Presentation Of Endogenous Peptide Antigen Via MHC Class I Via ER Pathway, TAP-independent (GO:0002486)",1/13,0.2526896305356358,0.6151931701707172,0,0,3.6849547511312215,5.068999066874996,HLA-C
GO_Biological_Process_2023,Antigen Processing And Presentation Of Endogenous Peptide Antigen Via MHC Class Ib (GO:0002476),1/13,0.2526896305356358,0.6151931701707172,0,0,3.6849547511312215,5.068999066874996,HLA-C
GO_Biological_Process_2023,Antigen Processing And Presentation Of Peptide Antigen Via MHC Class Ib (GO:0002428),1/13,0.2526896305356358,0.6151931701707172,0,0,3.6849547511312215,5.068999066874996,HLA-C
GO_Biological_Process_2023,Regulation Of Nitric-Oxide Synthase Biosynthetic Process (GO:0051769),1/13,0.2526896305356358,0.6151931701707172,0,0,3.6849547511312215,5.068999066874996,IFNG
GO_Biological_Process_2023,Cardiocyte Differentiation (GO:0035051),1/13,0.2526896305356358,0.6151931701707172,0,0,3.6849547511312215,5.068999066874996,KDM6B
GO_Biological_Process_2023,Regulation Of Response To Stress (GO:0080134),1/13,0.2526896305356358,0.6151931701707172,0,0,3.6849547511312215,5.068999066874996,STOX1
GO_Biological_Process_2023,Chondroitin Sulfate Biosynthetic Process (GO:0030206),1/13,0.2526896305356358,0.6151931701707172,0,0,3.6849547511312215,5.068999066874996,CHST15
GO_Biological_Process_2023,Response To UV-A (GO:0070141),1/13,0.2526896305356358,0.6151931701707172,0,0,3.6849547511312215,5.068999066874996,MMP9
GO_Biological_Process_2023,Clathrin Coat Assembly (GO:0048268),1/13,0.2526896305356358,0.6151931701707172,0,0,3.6849547511312215,5.068999066874996,FCHO2
GO_Biological_Process_2023,Endolysosomal Toll-Like Receptor Signaling Pathway (GO:0140894),1/13,0.2526896305356358,0.6151931701707172,0,0,3.6849547511312215,5.068999066874996,MYD88
GO_Biological_Process_2023,Endoplasmic Reticulum Mannose Trimming (GO:1904380),1/13,0.2526896305356358,0.6151931701707172,0,0,3.6849547511312215,5.068999066874996,EDEM3
GO_Biological_Process_2023,Endothelial Cell Differentiation (GO:0045446),1/13,0.2526896305356358,0.6151931701707172,0,0,3.6849547511312215,5.068999066874996,KDM6B
GO_Biological_Process_2023,Sodium-Independent Organic Anion Transport (GO:0043252),1/13,0.2526896305356358,0.6151931701707172,0,0,3.6849547511312215,5.068999066874996,SLCO4C1
GO_Biological_Process_2023,Substrate-Dependent Cell Migration (GO:0006929),1/13,0.2526896305356358,0.6151931701707172,0,0,3.6849547511312215,5.068999066874996,SHTN1
GO_Biological_Process_2023,Ether Lipid Metabolic Process (GO:0046485),1/13,0.2526896305356358,0.6151931701707172,0,0,3.6849547511312215,5.068999066874996,FAR1
GO_Biological_Process_2023,Extracellular Transport (GO:0006858),1/13,0.2526896305356358,0.6151931701707172,0,0,3.6849547511312215,5.068999066874996,DNAAF11
GO_Biological_Process_2023,Eye Photoreceptor Cell Development (GO:0042462),1/13,0.2526896305356358,0.6151931701707172,0,0,3.6849547511312215,5.068999066874996,CEP290
GO_Biological_Process_2023,Glomerular Filtration (GO:0003094),1/13,0.2526896305356358,0.6151931701707172,0,0,3.6849547511312215,5.068999066874996,TBC1D8B
GO_Biological_Process_2023,Inhibitory Synapse Assembly (GO:1904862),1/13,0.2526896305356358,0.6151931701707172,0,0,3.6849547511312215,5.068999066874996,LGI2
GO_Biological_Process_2023,Interleukin-6-Mediated Signaling Pathway (GO:0070102),1/13,0.2526896305356358,0.6151931701707172,0,0,3.6849547511312215,5.068999066874996,SPI1
GO_Biological_Process_2023,Microtubule-Based Transport (GO:0099111),1/13,0.2526896305356358,0.6151931701707172,0,0,3.6849547511312215,5.068999066874996,DNAAF11
GO_Biological_Process_2023,Mitochondrial DNA Metabolic Process (GO:0032042),1/13,0.2526896305356358,0.6151931701707172,0,0,3.6849547511312215,5.068999066874996,RRM2B
GO_Biological_Process_2023,Negative Regulation Of Cell Activation (GO:0050866),1/13,0.2526896305356358,0.6151931701707172,0,0,3.6849547511312215,5.068999066874996,THBD
GO_Biological_Process_2023,Negative Regulation Of Cell Migration Involved In Sprouting Angiogenesis (GO:0090051),1/13,0.2526896305356358,0.6151931701707172,0,0,3.6849547511312215,5.068999066874996,PDCD10
GO_Biological_Process_2023,Negative Regulation Of Lyase Activity (GO:0051350),1/13,0.2526896305356358,0.6151931701707172,0,0,3.6849547511312215,5.068999066874996,PALM
GO_Biological_Process_2023,Negative Regulation Of Viral Transcription (GO:0032897),1/13,0.2526896305356358,0.6151931701707172,0,0,3.6849547511312215,5.068999066874996,IFITM3
GO_Biological_Process_2023,Positive Regulation Of T Cell Receptor Signaling Pathway (GO:0050862),1/13,0.2526896305356358,0.6151931701707172,0,0,3.6849547511312215,5.068999066874996,IKBKG
GO_Biological_Process_2023,Positive Regulation Of Cellular Response To Insulin Stimulus (GO:1900078),1/13,0.2526896305356358,0.6151931701707172,0,0,3.6849547511312215,5.068999066874996,SORBS1
GO_Biological_Process_2023,Positive Regulation Of Chromosome Separation (GO:1905820),1/13,0.2526896305356358,0.6151931701707172,0,0,3.6849547511312215,5.068999066874996,NCAPG
GO_Biological_Process_2023,Positive Regulation Of Glycogen Biosynthetic Process (GO:0045725),1/13,0.2526896305356358,0.6151931701707172,0,0,3.6849547511312215,5.068999066874996,SORBS1
GO_Biological_Process_2023,Positive Regulation Of Granulocyte Macrophage Colony-Stimulating Factor Production (GO:0032725),1/13,0.2526896305356358,0.6151931701707172,0,0,3.6849547511312215,5.068999066874996,LILRA2
GO_Biological_Process_2023,Positive Regulation Of Heterochromatin Formation (GO:0031453),1/13,0.2526896305356358,0.6151931701707172,0,0,3.6849547511312215,5.068999066874996,RESF1
GO_Biological_Process_2023,Positive Regulation Of Leukocyte Degranulation (GO:0043302),1/13,0.2526896305356358,0.6151931701707172,0,0,3.6849547511312215,5.068999066874996,FGR
GO_Biological_Process_2023,Positive Regulation Of Superoxide Anion Generation (GO:0032930),1/13,0.2526896305356358,0.6151931701707172,0,0,3.6849547511312215,5.068999066874996,TYROBP
GO_Biological_Process_2023,Protein Hydroxylation (GO:0018126),1/13,0.2526896305356358,0.6151931701707172,0,0,3.6849547511312215,5.068999066874996,PLOD1
GO_Biological_Process_2023,Protein Localization To Phagophore Assembly Site (GO:0034497),1/13,0.2526896305356358,0.6151931701707172,0,0,3.6849547511312215,5.068999066874996,ATG13
GO_Biological_Process_2023,Regulation Of Cellular Ketone Metabolic Process (GO:0010565),1/13,0.2526896305356358,0.6151931701707172,0,0,3.6849547511312215,5.068999066874996,PDK4
GO_Biological_Process_2023,Protein Localization To Membrane (GO:0072657),6/192,0.2535068993440174,0.6151931701707172,0,0,1.4299106813316602,1.962358285416498,HYCC2;ROCK1;RAB3D;PTCH1;FCHO2;KCNIP4
GO_Biological_Process_2023,Regulation Of Transport (GO:0051049),2/44,0.2547567359626103,0.6151931701707172,0,0,2.1072238419177194,2.881515163041552,FES;LEPR
GO_Biological_Process_2023,Regulation Of Viral Entry Into Host Cell (GO:0046596),2/44,0.2547567359626103,0.6151931701707172,0,0,2.1072238419177194,2.881515163041552,IFITM3;IFITM2
GO_Biological_Process_2023,Mitotic Spindle Assembly (GO:0090307),2/44,0.2547567359626103,0.6151931701707172,0,0,2.1072238419177194,2.881515163041552,MAP10;PIBF1
GO_Biological_Process_2023,Neural Crest Cell Development (GO:0014032),2/44,0.2547567359626103,0.6151931701707172,0,0,2.1072238419177194,2.881515163041552,SEMA3C;KBTBD8
GO_Biological_Process_2023,Phosphatidylinositol Phosphate Biosynthetic Process (GO:0046854),2/44,0.2547567359626103,0.6151931701707172,0,0,2.1072238419177194,2.881515163041552,HYCC2;SOCS6
GO_Biological_Process_2023,Positive Regulation Of Nucleocytoplasmic Transport (GO:0046824),2/44,0.2547567359626103,0.6151931701707172,0,0,2.1072238419177194,2.881515163041552,IFNG;ECT2
GO_Biological_Process_2023,Regulation Of B Cell Proliferation (GO:0030888),2/44,0.2547567359626103,0.6151931701707172,0,0,2.1072238419177194,2.881515163041552,TYROBP;BCL2
GO_Biological_Process_2023,Regulation Of DNA Recombination (GO:0000018),2/44,0.2547567359626103,0.6151931701707172,0,0,2.1072238419177194,2.881515163041552,PPP4C;PPP4R2
GO_Biological_Process_2023,Positive Regulation Of Endocytosis (GO:0045807),3/79,0.2550819762862366,0.6151931701707172,0,0,1.7476973684210526,2.387652255346163,IFNG;SLC11A1;SIRPB1
GO_Biological_Process_2023,Protein Ubiquitination (GO:0016567),12/434,0.2567774583655489,0.6151931701707172,0,0,1.2624668741271814,1.7163811449554804,ARRDC4;TRIM61;OS9;MGRN1;HECW2;BCL2;RNF19B;FBXL3;KBTBD8;SASH1;PCMTD1;TRIM23
GO_Biological_Process_2023,Regulation Of Signal Transduction (GO:0009966),6/193,0.2572146409351964,0.6151931701707172,0,0,1.422190677810546,1.931113596282397,HOMER1;IFT81;PTCH1;GRK6;ILK;ZDHHC17
GO_Biological_Process_2023,Cellular Response To Molecule Of Bacterial Origin (GO:0071219),4/117,0.2608722494492764,0.6151931701707172,0,0,1.5678432479287197,2.1067493172953085,UPF1;LILRB1;MYD88;CXCL5
GO_Biological_Process_2023,Protein Processing (GO:0016485),4/117,0.2608722494492764,0.6151931701707172,0,0,1.5678432479287197,2.1067493172953085,THBD;PTCH1;ADAM10;PHEX
GO_Biological_Process_2023,Regulation Of Cytokinesis (GO:0032465),3/80,0.2610588808843456,0.6151931701707172,0,0,1.7249114521841795,2.316572121691892,MAP10;KIF20B;ECT2
GO_Biological_Process_2023,Regulation Of Protein Localization To Plasma Membrane (GO:1903076),3/80,0.2610588808843456,0.6151931701707172,0,0,1.7249114521841795,2.316572121691892,IFNG;RHOG;SORBS1
GO_Biological_Process_2023,Wound Healing (GO:0042060),3/80,0.2610588808843456,0.6151931701707172,0,0,1.7249114521841795,2.316572121691892,DSP;SLC11A1;FZD7
GO_Biological_Process_2023,I-kappaB kinase/NF-kappaB Signaling (GO:0007249),2/45,0.2630051581323993,0.6151931701707172,0,0,2.05811316774772,2.748778148208316,ROCK1;IKBKG
GO_Biological_Process_2023,Regulation Of Protein Modification Process (GO:0031399),2/45,0.2630051581323993,0.6151931701707172,0,0,2.05811316774772,2.748778148208316,RB1CC1;ATG13
GO_Biological_Process_2023,Establishment Of Protein Localization To Extracellular Region (GO:0035592),2/45,0.2630051581323993,0.6151931701707172,0,0,2.05811316774772,2.748778148208316,RAB3D;MIA2
GO_Biological_Process_2023,Hexose Metabolic Process (GO:0019318),2/45,0.2630051581323993,0.6151931701707172,0,0,2.05811316774772,2.748778148208316,FPGT;CHST15
GO_Biological_Process_2023,Zymogen Activation (GO:0031638),2/45,0.2630051581323993,0.6151931701707172,0,0,2.05811316774772,2.748778148208316,THBD;ASPH
GO_Biological_Process_2023,Positive Regulation Of Innate Immune Response (GO:0045089),2/45,0.2630051581323993,0.6151931701707172,0,0,2.05811316774772,2.748778148208316,RBM47;SPI1
GO_Biological_Process_2023,Positive Regulation Of mRNA Catabolic Process (GO:0061014),2/45,0.2630051581323993,0.6151931701707172,0,0,2.05811316774772,2.748778148208316,UPF1;ROCK1
GO_Biological_Process_2023,Regulation Of Apoptotic Signaling Pathway (GO:2001233),2/45,0.2630051581323993,0.6151931701707172,0,0,2.05811316774772,2.748778148208316,BCL2;TPD52L1
GO_Biological_Process_2023,Cytoskeleton-Dependent Cytokinesis (GO:0061640),3/81,0.267053634418014,0.6151931701707172,0,0,1.7027097902097903,2.2480975483645533,ROCK1;TRIM36;ECT2
GO_Biological_Process_2023,Negative Regulation Of NF-kappaB Transcription Factor Activity (GO:0032088),3/81,0.267053634418014,0.6151931701707172,0,0,1.7027097902097903,2.2480975483645533,SPI1;BRMS1;CYP1B1
GO_Biological_Process_2023,Regulation Of Feeding Behavior (GO:0060259),1/14,0.2692532974057674,0.6151931701707172,0,0,3.401322659241212,4.462884700503305,LEPR
GO_Biological_Process_2023,Aminoglycan Catabolic Process (GO:0006026),1/14,0.2692532974057674,0.6151931701707172,0,0,3.401322659241212,4.462884700503305,CHIT1
GO_Biological_Process_2023,"Blood Coagulation, Fibrin Clot Formation (GO:0072378)",1/14,0.2692532974057674,0.6151931701707172,0,0,3.401322659241212,4.462884700503305,THBD
GO_Biological_Process_2023,Cellular Response To Exogenous dsRNA (GO:0071360),1/14,0.2692532974057674,0.6151931701707172,0,0,3.401322659241212,4.462884700503305,COLEC12
GO_Biological_Process_2023,Regulation Of Superoxide Anion Generation (GO:0032928),1/14,0.2692532974057674,0.6151931701707172,0,0,3.401322659241212,4.462884700503305,TYROBP
GO_Biological_Process_2023,Regulation Of Transposition (GO:0010528),1/14,0.2692532974057674,0.6151931701707172,0,0,3.401322659241212,4.462884700503305,APOBEC3B
GO_Biological_Process_2023,Ceramide Transport (GO:0035627),1/14,0.2692532974057674,0.6151931701707172,0,0,3.401322659241212,4.462884700503305,SGPP1
GO_Biological_Process_2023,Respiratory Electron Transport Chain (GO:0022904),1/14,0.2692532974057674,0.6151931701707172,0,0,3.401322659241212,4.462884700503305,NDUFA5
GO_Biological_Process_2023,Electron Transport Chain (GO:0022900),1/14,0.2692532974057674,0.6151931701707172,0,0,3.401322659241212,4.462884700503305,NDUFA5
GO_Biological_Process_2023,Smooth Muscle Contraction (GO:0006939),1/14,0.2692532974057674,0.6151931701707172,0,0,3.401322659241212,4.462884700503305,ROCK1
GO_Biological_Process_2023,Synaptonemal Complex Assembly (GO:0007130),1/14,0.2692532974057674,0.6151931701707172,0,0,3.401322659241212,4.462884700503305,SYCP2
GO_Biological_Process_2023,Synaptonemal Complex Organization (GO:0070193),1/14,0.2692532974057674,0.6151931701707172,0,0,3.401322659241212,4.462884700503305,SYCP2
GO_Biological_Process_2023,Telomere Capping (GO:0016233),1/14,0.2692532974057674,0.6151931701707172,0,0,3.401322659241212,4.462884700503305,TENM1
GO_Biological_Process_2023,Histone H2A Monoubiquitination (GO:0035518),1/14,0.2692532974057674,0.6151931701707172,0,0,3.401322659241212,4.462884700503305,PCGF6
GO_Biological_Process_2023,Inner Dynein Arm Assembly (GO:0036159),1/14,0.2692532974057674,0.6151931701707172,0,0,3.401322659241212,4.462884700503305,DNAAF11
GO_Biological_Process_2023,Medium-Chain Fatty Acid Metabolic Process (GO:0051791),1/14,0.2692532974057674,0.6151931701707172,0,0,3.401322659241212,4.462884700503305,ABHD2
GO_Biological_Process_2023,Membrane Raft Organization (GO:0031579),1/14,0.2692532974057674,0.6151931701707172,0,0,3.401322659241212,4.462884700503305,COLEC12
GO_Biological_Process_2023,Membrane Repolarization During Cardiac Muscle Cell Action Potential (GO:0086013),1/14,0.2692532974057674,0.6151931701707172,0,0,3.401322659241212,4.462884700503305,KCNA5
GO_Biological_Process_2023,Mitotic intra-S DNA Damage Checkpoint Signaling (GO:0031573),1/14,0.2692532974057674,0.6151931701707172,0,0,3.401322659241212,4.462884700503305,TIPIN
GO_Biological_Process_2023,Negative Regulation Of T Cell Mediated Immunity (GO:0002710),1/14,0.2692532974057674,0.6151931701707172,0,0,3.401322659241212,4.462884700503305,LILRB1
GO_Biological_Process_2023,Negative Regulation Of Defense Response To Virus (GO:0050687),1/14,0.2692532974057674,0.6151931701707172,0,0,3.401322659241212,4.462884700503305,PPM1B
GO_Biological_Process_2023,Negative Regulation Of Fatty Acid Biosynthetic Process (GO:0045717),1/14,0.2692532974057674,0.6151931701707172,0,0,3.401322659241212,4.462884700503305,PIBF1
GO_Biological_Process_2023,Negative Regulation Of Leukocyte Mediated Cytotoxicity (GO:0001911),1/14,0.2692532974057674,0.6151931701707172,0,0,3.401322659241212,4.462884700503305,LILRB1
GO_Biological_Process_2023,Photoreceptor Cell Development (GO:0042461),1/14,0.2692532974057674,0.6151931701707172,0,0,3.401322659241212,4.462884700503305,CEP290
GO_Biological_Process_2023,Positive Regulation Of Acute Inflammatory Response (GO:0002675),1/14,0.2692532974057674,0.6151931701707172,0,0,3.401322659241212,4.462884700503305,PTGS2
GO_Biological_Process_2023,Positive Regulation Of Adaptive Immune Response Based On Somatic Recombination Of Immune Receptors Built From Immunoglobulin Superfamily Domains (GO:0002824),1/14,0.2692532974057674,0.6151931701707172,0,0,3.401322659241212,4.462884700503305,SLC11A1
GO_Biological_Process_2023,Positive Regulation Of Exosomal Secretion (GO:1903543),1/14,0.2692532974057674,0.6151931701707172,0,0,3.401322659241212,4.462884700503305,IFNG
GO_Biological_Process_2023,Positive Regulation Of Glycogen Metabolic Process (GO:0070875),1/14,0.2692532974057674,0.6151931701707172,0,0,3.401322659241212,4.462884700503305,SORBS1
GO_Biological_Process_2023,Positive Regulation Of Heterotypic Cell-Cell Adhesion (GO:0034116),1/14,0.2692532974057674,0.6151931701707172,0,0,3.401322659241212,4.462884700503305,CEACAM6
GO_Biological_Process_2023,Positive Regulation Of Histone Acetylation (GO:0035066),1/14,0.2692532974057674,0.6151931701707172,0,0,3.401322659241212,4.462884700503305,DEK
GO_Biological_Process_2023,Positive Regulation Of Membrane Protein Ectodomain Proteolysis (GO:0051044),1/14,0.2692532974057674,0.6151931701707172,0,0,3.401322659241212,4.462884700503305,IFNG
GO_Biological_Process_2023,Positive Regulation Of Type I Interferon-Mediated Signaling Pathway (GO:0060340),1/14,0.2692532974057674,0.6151931701707172,0,0,3.401322659241212,4.462884700503305,RBM47
GO_Biological_Process_2023,Protein Activation Cascade (GO:0072376),1/14,0.2692532974057674,0.6151931701707172,0,0,3.401322659241212,4.462884700503305,THBD
GO_Biological_Process_2023,Regulation Of MHC Class II Biosynthetic Process (GO:0045346),1/14,0.2692532974057674,0.6151931701707172,0,0,3.401322659241212,4.462884700503305,IFNG
GO_Biological_Process_2023,Regulation Of Bone Remodeling (GO:0046850),1/14,0.2692532974057674,0.6151931701707172,0,0,3.401322659241212,4.462884700503305,LEPR
GO_Biological_Process_2023,Inflammatory Response (GO:0006954),7/236,0.2697070850195242,0.6151931701707172,0,0,1.3550739153078804,1.7757143057958182,VCAM1;IFNG;SLC11A1;ADORA1;IKBKG;CXCL5;LTB4R
GO_Biological_Process_2023,Positive Regulation Of Angiogenesis (GO:0045766),4/119,0.2706553736267461,0.6151931701707172,0,0,1.540417945924532,2.013186002445833,GRN;NINJ1;CYP1B1;SASH1
GO_Biological_Process_2023,Regulation Of Cytokine Production Involved In Inflammatory Response (GO:1900015),2/46,0.2712546137957454,0.6151931701707172,0,0,2.0112347969490827,2.624052739748285,MYD88;IL17RA
GO_Biological_Process_2023,Regulation Of Fibroblast Proliferation (GO:0048145),2/46,0.2712546137957454,0.6151931701707172,0,0,2.0112347969490827,2.624052739748285,PDGFC;LIG4
GO_Biological_Process_2023,Regulation Of mRNA Catabolic Process (GO:0061013),2/46,0.2712546137957454,0.6151931701707172,0,0,2.0112347969490827,2.624052739748285,UPF1;DCP2
GO_Biological_Process_2023,Cardiac Conduction (GO:0061337),2/46,0.2712546137957454,0.6151931701707172,0,0,2.0112347969490827,2.624052739748285,DSP;KCNA5
GO_Biological_Process_2023,Response To Hydrogen Peroxide (GO:0042542),2/46,0.2712546137957454,0.6151931701707172,0,0,2.0112347969490827,2.624052739748285,CYP1B1;ECT2
GO_Biological_Process_2023,Epithelial Cell Migration (GO:0010631),2/46,0.2712546137957454,0.6151931701707172,0,0,2.0112347969490827,2.624052739748285,ROCK1;CYP1B1
GO_Biological_Process_2023,Negative Regulation Of Cold-Induced Thermogenesis (GO:0120163),2/46,0.2712546137957454,0.6151931701707172,0,0,2.0112347969490827,2.624052739748285,TLE3;TFE3
GO_Biological_Process_2023,Positive Regulation Of Cell-Cell Adhesion (GO:0022409),2/46,0.2712546137957454,0.6151931701707172,0,0,2.0112347969490827,2.624052739748285,CEACAM6;PLAUR
GO_Biological_Process_2023,Protein Sumoylation (GO:0016925),2/46,0.2712546137957454,0.6151931701707172,0,0,2.0112347969490827,2.624052739748285,EGR2;ZBED1
GO_Biological_Process_2023,Regulation Of Phosphorylation (GO:0042325),3/82,0.273064380586125,0.6151931701707172,0,0,1.6810701956271576,2.182109276222038,ROCK1;FZD7;ILK
GO_Biological_Process_2023,Negative Regulation Of Apoptotic Signaling Pathway (GO:2001234),3/82,0.273064380586125,0.6151931701707172,0,0,1.6810701956271576,2.182109276222038,PLAUR;BCL2;MMP9
GO_Biological_Process_2023,Positive Regulation Of Tumor Necrosis Factor Superfamily Cytokine Production (GO:1903557),3/82,0.273064380586125,0.6151931701707172,0,0,1.6810701956271576,2.182109276222038,TYROBP;IFNG;LILRA2
GO_Biological_Process_2023,Phospholipase C-activating G Protein-Coupled Receptor Signaling Pathway (GO:0007200),3/83,0.2790892951873296,0.6151931701707172,0,0,1.6599715909090909,2.118494743578513,HOMER1;LPAR1;LTB4R
GO_Biological_Process_2023,Negative Regulation Of Tumor Necrosis Factor Production (GO:0032720),2/47,0.2795010194263023,0.6151931701707172,0,0,1.966439909297052,2.5067179747018864,LILRB1;PTPN6
GO_Biological_Process_2023,Positive Regulation Of Lymphocyte Activation (GO:0051251),2/47,0.2795010194263023,0.6151931701707172,0,0,1.966439909297052,2.5067179747018864,TYROBP;SIRPB1
GO_Biological_Process_2023,Protein Monoubiquitination (GO:0006513),2/47,0.2795010194263023,0.6151931701707172,0,0,1.966439909297052,2.5067179747018864,MGRN1;KBTBD8
GO_Biological_Process_2023,Regulation Of Cysteine-Type Endopeptidase Activity Involved In Apoptotic Process (GO:0043281),3/84,0.2851265862315559,0.6151931701707172,0,0,1.6393939393939394,2.057147639374581,RPS6KA1;PMAIP1;CTSD
GO_Biological_Process_2023,3'-UTR-mediated mRNA Destabilization (GO:0061158),1/15,0.2854506508880065,0.6151931701707172,0,0,3.158209437621202,3.959403324494124,UPF1
GO_Biological_Process_2023,Regulation Of Granulocyte Macrophage Colony-Stimulating Factor Production (GO:0032645),1/15,0.2854506508880065,0.6151931701707172,0,0,3.158209437621202,3.959403324494124,LILRA2
GO_Biological_Process_2023,Regulation Of Intrinsic Apoptotic Signaling Pathway In Response To DNA Damage (GO:1902229),1/15,0.2854506508880065,0.6151931701707172,0,0,3.158209437621202,3.959403324494124,NACC2
GO_Biological_Process_2023,Regulation Of Monocyte Differentiation (GO:0045655),1/15,0.2854506508880065,0.6151931701707172,0,0,3.158209437621202,3.959403324494124,FES
GO_Biological_Process_2023,Regulation Of Multicellular Organism Growth (GO:0040014),1/15,0.2854506508880065,0.6151931701707172,0,0,3.158209437621202,3.959403324494124,PTCH1
GO_Biological_Process_2023,Astrocyte Development (GO:0014002),1/15,0.2854506508880065,0.6151931701707172,0,0,3.158209437621202,3.959403324494124,IFNG
GO_Biological_Process_2023,Regulation Of Systemic Arterial Blood Pressure By Hormone (GO:0001990),1/15,0.2854506508880065,0.6151931701707172,0,0,3.158209437621202,3.959403324494124,CORIN
GO_Biological_Process_2023,Renal Filtration (GO:0097205),1/15,0.2854506508880065,0.6151931701707172,0,0,3.158209437621202,3.959403324494124,TBC1D8B
GO_Biological_Process_2023,Endoplasmic Reticulum To Cytosol Transport (GO:1903513),1/15,0.2854506508880065,0.6151931701707172,0,0,3.158209437621202,3.959403324494124,OS9
GO_Biological_Process_2023,Epiboly Involved In Wound Healing (GO:0090505),1/15,0.2854506508880065,0.6151931701707172,0,0,3.158209437621202,3.959403324494124,PDCD10
GO_Biological_Process_2023,Stem Cell Development (GO:0048864),1/15,0.2854506508880065,0.6151931701707172,0,0,3.158209437621202,3.959403324494124,KBTBD8
GO_Biological_Process_2023,Ganglioside Biosynthetic Process (GO:0001574),1/15,0.2854506508880065,0.6151931701707172,0,0,3.158209437621202,3.959403324494124,B4GALT6
GO_Biological_Process_2023,Gas Transport (GO:0015669),1/15,0.2854506508880065,0.6151931701707172,0,0,3.158209437621202,3.959403324494124,HBE1
GO_Biological_Process_2023,Intracellular Sterol Transport (GO:0032366),1/15,0.2854506508880065,0.6151931701707172,0,0,3.158209437621202,3.959403324494124,GRAMD1C
GO_Biological_Process_2023,Mitotic Chromosome Condensation (GO:0007076),1/15,0.2854506508880065,0.6151931701707172,0,0,3.158209437621202,3.959403324494124,NCAPG
GO_Biological_Process_2023,Negative Regulation Of DNA Replication (GO:0008156),1/15,0.2854506508880065,0.6151931701707172,0,0,3.158209437621202,3.959403324494124,S100A11
GO_Biological_Process_2023,Negative Regulation Of Cation Transmembrane Transport (GO:1904063),1/15,0.2854506508880065,0.6151931701707172,0,0,3.158209437621202,3.959403324494124,MMP9
GO_Biological_Process_2023,Negative Regulation Of Platelet Activation (GO:0010544),1/15,0.2854506508880065,0.6151931701707172,0,0,3.158209437621202,3.959403324494124,THBD
GO_Biological_Process_2023,Nitric Oxide Biosynthetic Process (GO:0006809),1/15,0.2854506508880065,0.6151931701707172,0,0,3.158209437621202,3.959403324494124,CYP1B1
GO_Biological_Process_2023,Platelet-Derived Growth Factor Receptor Signaling Pathway (GO:0048008),1/15,0.2854506508880065,0.6151931701707172,0,0,3.158209437621202,3.959403324494124,PDGFC
GO_Biological_Process_2023,Polyol Biosynthetic Process (GO:0046173),1/15,0.2854506508880065,0.6151931701707172,0,0,3.158209437621202,3.959403324494124,IPMK
GO_Biological_Process_2023,"Positive Regulation Of DNA Damage Response, Signal Transduction By P53 Class Mediator (GO:0043517)",1/15,0.2854506508880065,0.6151931701707172,0,0,3.158209437621202,3.959403324494124,PMAIP1
GO_Biological_Process_2023,Positive Regulation Of Cyclin-Dependent Protein Serine/Threonine Kinase Activity (GO:0045737),1/15,0.2854506508880065,0.6151931701707172,0,0,3.158209437621202,3.959403324494124,SPDYA
GO_Biological_Process_2023,Positive Regulation Of Glucose Metabolic Process (GO:0010907),1/15,0.2854506508880065,0.6151931701707172,0,0,3.158209437621202,3.959403324494124,PMAIP1
GO_Biological_Process_2023,Positive Regulation Of Syncytium Formation By Plasma Membrane Fusion (GO:0060143),1/15,0.2854506508880065,0.6151931701707172,0,0,3.158209437621202,3.959403324494124,TYROBP
GO_Biological_Process_2023,Positive Regulation Of Transcription By RNA Polymerase III (GO:0045945),1/15,0.2854506508880065,0.6151931701707172,0,0,3.158209437621202,3.959403324494124,DEK
GO_Biological_Process_2023,Protein Localization To Cell-Cell Junction (GO:0150105),1/15,0.2854506508880065,0.6151931701707172,0,0,3.158209437621202,3.959403324494124,DSP
GO_Biological_Process_2023,Regulation Of Rac Protein Signal Transduction (GO:0035020),1/15,0.2854506508880065,0.6151931701707172,0,0,3.158209437621202,3.959403324494124,RASGRF1
GO_Biological_Process_2023,Regulation Of Activin Receptor Signaling Pathway (GO:0032925),1/15,0.2854506508880065,0.6151931701707172,0,0,3.158209437621202,3.959403324494124,LEMD3
GO_Biological_Process_2023,Regulation Of Bicellular Tight Junction Assembly (GO:2000810),1/15,0.2854506508880065,0.6151931701707172,0,0,3.158209437621202,3.959403324494124,ROCK1
GO_Biological_Process_2023,Regulation Of Carbohydrate Metabolic Process (GO:0006109),1/15,0.2854506508880065,0.6151931701707172,0,0,3.158209437621202,3.959403324494124,PDK4
GO_Biological_Process_2023,Cellular Response To Mechanical Stimulus (GO:0071260),2/48,0.2877404710404618,0.6151931701707172,0,0,1.9235926254559796,2.396212307299813,TNFSF14;MYD88
GO_Biological_Process_2023,Cellular Response To Radiation (GO:0071478),2/48,0.2877404710404618,0.6151931701707172,0,0,1.9235926254559796,2.396212307299813,LIG4;ECT2
GO_Biological_Process_2023,Regulation Of DNA Binding (GO:0051101),2/48,0.2877404710404618,0.6151931701707172,0,0,1.9235926254559796,2.396212307299813,PLAUR;MMP9
GO_Biological_Process_2023,Protein Modification By Small Protein Conjugation (GO:0032446),10/364,0.2887265620330331,0.6151931701707172,0,0,1.2527889771793166,1.5563086657690743,ARRDC4;TRIM61;EGR2;OS9;MGRN1;HECW2;ZBED1;FBXL3;TRIM23;PCMTD1
GO_Biological_Process_2023,Protein Autophosphorylation (GO:0046777),5/162,0.2900884928596012,0.6151931701707172,0,0,1.410580810284152,1.745691442159304,FGR;MEX3B;FES;RB1CC1;ATG13
GO_Biological_Process_2023,Regulation Of Cell Motility (GO:2000145),4/123,0.2904022623895426,0.6151931701707172,0,0,1.488332918588848,1.8403060996392853,ADGRG3;PLEKHG3;ROCK1;FES
GO_Biological_Process_2023,Cellular Response To Oxygen-Containing Compound (GO:1901701),11/406,0.2905481736478831,0.6151931701707172,0,0,1.2352437880918894,1.5267438882525373,UPF1;NCF1;FES;FZD7;NEK7;PDK4;LILRB1;ECT2;MMP9;MYD88;CXCL5
GO_Biological_Process_2023,Epidermis Development (GO:0008544),3/85,0.2911744945486297,0.6151931701707172,0,0,1.619318181818182,1.997967487845044,DSP;COL17A1;PLOD1
GO_Biological_Process_2023,Cilium Assembly (GO:0060271),7/243,0.2938974974072186,0.6151931701707172,0,0,1.314404835950863,1.6095205574403997,FAM161A;IFT81;DNAAF11;SNX10;PIBF1;CEP290;KIF27
GO_Biological_Process_2023,Cellular Response To Lipopolysaccharide (GO:0071222),4/124,0.2953707445239484,0.6151931701707172,0,0,1.4758542141230069,1.799839561727833,UPF1;LILRB1;MYD88;CXCL5
GO_Biological_Process_2023,Positive Regulation Of Defense Response (GO:0031349),4/124,0.2953707445239484,0.6151931701707172,0,0,1.4758542141230069,1.799839561727833,GRN;IFNG;NINJ1;IL17RA
GO_Biological_Process_2023,Regulation Of Mitotic Metaphase/Anaphase Transition (GO:0030071),2/49,0.2959692383786199,0.6151931701707172,0,0,1.882568630288995,2.2920268451218107,USP44;HECW2
GO_Biological_Process_2023,Autophagy Of Mitochondrion (GO:0000422),2/49,0.2959692383786199,0.6151931701707172,0,0,1.882568630288995,2.2920268451218107,RB1CC1;ATG13
GO_Biological_Process_2023,Intrinsic Apoptotic Signaling Pathway In Response To DNA Damage (GO:0008630),2/49,0.2959692383786199,0.6151931701707172,0,0,1.882568630288995,2.2920268451218107,BCL2A1;BCL2
GO_Biological_Process_2023,Negative Regulation Of T Cell Activation (GO:0050868),2/49,0.2959692383786199,0.6151931701707172,0,0,1.882568630288995,2.2920268451218107,GPNMB;LILRB1
GO_Biological_Process_2023,Negative Regulation Of Tumor Necrosis Factor Superfamily Cytokine Production (GO:1903556),2/49,0.2959692383786199,0.6151931701707172,0,0,1.882568630288995,2.2920268451218107,LILRB1;PTPN6
GO_Biological_Process_2023,Nuclear Export (GO:0051168),2/49,0.2959692383786199,0.6151931701707172,0,0,1.882568630288995,2.2920268451218107,WASHC4;EGR2
GO_Biological_Process_2023,Positive Regulation Of Pathway-Restricted SMAD Protein Phosphorylation (GO:0010862),2/49,0.2959692383786199,0.6151931701707172,0,0,1.882568630288995,2.2920268451218107,TWSG1;INHBB
GO_Biological_Process_2023,B Cell Activation Involved In Immune Response (GO:0002312),1/16,0.3012897742407291,0.6151931701707172,0,0,2.9475113122171948,3.5360785421844483,LIG4
GO_Biological_Process_2023,Regulation Of Establishment Of Endothelial Barrier (GO:1903140),1/16,0.3012897742407291,0.6151931701707172,0,0,2.9475113122171948,3.5360785421844483,ROCK1
GO_Biological_Process_2023,Regulation Of Fatty Acid Oxidation (GO:0046320),1/16,0.3012897742407291,0.6151931701707172,0,0,2.9475113122171948,3.5360785421844483,PDK4
GO_Biological_Process_2023,Activation Of Cysteine-Type Endopeptidase Activity (GO:0097202),1/16,0.3012897742407291,0.6151931701707172,0,0,2.9475113122171948,3.5360785421844483,ASPH
GO_Biological_Process_2023,Activin Receptor Signaling Pathway (GO:0032924),1/16,0.3012897742407291,0.6151931701707172,0,0,2.9475113122171948,3.5360785421844483,INHBB
GO_Biological_Process_2023,Regulation Of Nucleocytoplasmic Transport (GO:0046822),1/16,0.3012897742407291,0.6151931701707172,0,0,2.9475113122171948,3.5360785421844483,IFI27
GO_Biological_Process_2023,Regulation Of Plasminogen Activation (GO:0010755),1/16,0.3012897742407291,0.6151931701707172,0,0,2.9475113122171948,3.5360785421844483,PLAUR
GO_Biological_Process_2023,Regulation Of Presynapse Assembly (GO:1905606),1/16,0.3012897742407291,0.6151931701707172,0,0,2.9475113122171948,3.5360785421844483,MDGA1
GO_Biological_Process_2023,Regulation Of Presynapse Organization (GO:0099174),1/16,0.3012897742407291,0.6151931701707172,0,0,2.9475113122171948,3.5360785421844483,MDGA1
GO_Biological_Process_2023,Cell Surface Toll-Like Receptor Signaling Pathway (GO:0140895),1/16,0.3012897742407291,0.6151931701707172,0,0,2.9475113122171948,3.5360785421844483,MYD88
GO_Biological_Process_2023,Cellular Response To Fatty Acid (GO:0071398),1/16,0.3012897742407291,0.6151931701707172,0,0,2.9475113122171948,3.5360785421844483,PDK4
GO_Biological_Process_2023,Chondroitin Sulfate Metabolic Process (GO:0030204),1/16,0.3012897742407291,0.6151931701707172,0,0,2.9475113122171948,3.5360785421844483,CHST15
GO_Biological_Process_2023,Reticulophagy (GO:0061709),1/16,0.3012897742407291,0.6151931701707172,0,0,2.9475113122171948,3.5360785421844483,RB1CC1
GO_Biological_Process_2023,Retinal Metabolic Process (GO:0042574),1/16,0.3012897742407291,0.6151931701707172,0,0,2.9475113122171948,3.5360785421844483,CYP1B1
GO_Biological_Process_2023,Dicarboxylic Acid Catabolic Process (GO:0043649),1/16,0.3012897742407291,0.6151931701707172,0,0,2.9475113122171948,3.5360785421844483,PM20D2
GO_Biological_Process_2023,Vasculature Development (GO:0001944),1/16,0.3012897742407291,0.6151931701707172,0,0,2.9475113122171948,3.5360785421844483,ERRFI1
GO_Biological_Process_2023,Intraciliary Anterograde Transport (GO:0035720),1/16,0.3012897742407291,0.6151931701707172,0,0,2.9475113122171948,3.5360785421844483,IFT81
GO_Biological_Process_2023,Mitophagy (GO:0000423),1/16,0.3012897742407291,0.6151931701707172,0,0,2.9475113122171948,3.5360785421844483,ATG13
GO_Biological_Process_2023,Negative Regulation Of Amyloid-Beta Formation (GO:1902430),1/16,0.3012897742407291,0.6151931701707172,0,0,2.9475113122171948,3.5360785421844483,ROCK1
GO_Biological_Process_2023,Negative Regulation Of Cytokine Production Involved In Immune Response (GO:0002719),1/16,0.3012897742407291,0.6151931701707172,0,0,2.9475113122171948,3.5360785421844483,LILRB1
GO_Biological_Process_2023,Negative Regulation Of Inflammatory Response To Antigenic Stimulus (GO:0002862),1/16,0.3012897742407291,0.6151931701707172,0,0,2.9475113122171948,3.5360785421844483,FGR
GO_Biological_Process_2023,Negative Regulation Of Intrinsic Apoptotic Signaling Pathway By P53 Class Mediator (GO:1902254),1/16,0.3012897742407291,0.6151931701707172,0,0,2.9475113122171948,3.5360785421844483,BCL2
GO_Biological_Process_2023,Negative Regulation Of Natural Killer Cell Mediated Cytotoxicity (GO:0045953),1/16,0.3012897742407291,0.6151931701707172,0,0,2.9475113122171948,3.5360785421844483,LILRB1
GO_Biological_Process_2023,Negative Regulation Of Receptor Signaling Pathway Via JAK-STAT (GO:0046426),1/16,0.3012897742407291,0.6151931701707172,0,0,2.9475113122171948,3.5360785421844483,PIBF1
GO_Biological_Process_2023,Nitric Oxide Metabolic Process (GO:0046209),1/16,0.3012897742407291,0.6151931701707172,0,0,2.9475113122171948,3.5360785421844483,CYP1B1
GO_Biological_Process_2023,Oligodendrocyte Development (GO:0014003),1/16,0.3012897742407291,0.6151931701707172,0,0,2.9475113122171948,3.5360785421844483,B4GALT6
GO_Biological_Process_2023,Pharyngeal System Development (GO:0060037),1/16,0.3012897742407291,0.6151931701707172,0,0,2.9475113122171948,3.5360785421844483,PTCH1
GO_Biological_Process_2023,Positive Regulation Of Cell Migration Involved In Sprouting Angiogenesis (GO:0090050),1/16,0.3012897742407291,0.6151931701707172,0,0,2.9475113122171948,3.5360785421844483,PTGS2
GO_Biological_Process_2023,Positive Regulation Of Homotypic Cell-Cell Adhesion (GO:0034112),1/16,0.3012897742407291,0.6151931701707172,0,0,2.9475113122171948,3.5360785421844483,PLAUR
GO_Biological_Process_2023,Positive Regulation Of Muscle Hypertrophy (GO:0014742),1/16,0.3012897742407291,0.6151931701707172,0,0,2.9475113122171948,3.5360785421844483,ROCK1
GO_Biological_Process_2023,Positive Regulation Of Myeloid Leukocyte Cytokine Production Involved In Immune Response (GO:0061081),1/16,0.3012897742407291,0.6151931701707172,0,0,2.9475113122171948,3.5360785421844483,LILRB1
GO_Biological_Process_2023,Positive Regulation Of Smooth Muscle Cell Migration (GO:0014911),1/16,0.3012897742407291,0.6151931701707172,0,0,2.9475113122171948,3.5360785421844483,S100A11
GO_Biological_Process_2023,Positive Regulation Of Telomere Capping (GO:1904355),1/16,0.3012897742407291,0.6151931701707172,0,0,2.9475113122171948,3.5360785421844483,NEK7
GO_Biological_Process_2023,"Protein Alpha-1,2-Demannosylation (GO:0036508)",1/16,0.3012897742407291,0.6151931701707172,0,0,2.9475113122171948,3.5360785421844483,EDEM3
GO_Biological_Process_2023,Regulation Of Golgi Organization (GO:1903358),1/16,0.3012897742407291,0.6151931701707172,0,0,2.9475113122171948,3.5360785421844483,PDCD10
GO_Biological_Process_2023,Regulation Of NMDA Receptor Activity (GO:2000310),1/16,0.3012897742407291,0.6151931701707172,0,0,2.9475113122171948,3.5360785421844483,IFNG
GO_Biological_Process_2023,Regulation Of Blood Vessel Endothelial Cell Proliferation Involved In Sprouting Angiogenesis (GO:1903587),1/16,0.3012897742407291,0.6151931701707172,0,0,2.9475113122171948,3.5360785421844483,PDCD10
GO_Biological_Process_2023,Regulation Of Insulin Secretion (GO:0050796),3/87,0.3032952915967948,0.6151931701707172,0,0,1.5806006493506493,1.8857330572891189,IFNG;KCNA5;INHBB
GO_Biological_Process_2023,Vesicle-Mediated Transport (GO:0016192),11/411,0.3039905207016914,0.6151931701707172,0,0,1.2194849537037038,1.4521123912674805,TBC1D8B;WASHC4;SNX16;MGRN1;TNFAIP2;PLIN3;MIA2;CHML;EXPH5;TRIM23;WASHC2A
GO_Biological_Process_2023,Regulation Of Epithelial Cell Migration (GO:0010632),2/50,0.3041837591404494,0.6151931701707172,0,0,1.843253968253968,2.1936994757839074,IFNG;SASH1
GO_Biological_Process_2023,Regulation Of Interferon-Beta Production (GO:0032648),2/50,0.3041837591404494,0.6151931701707172,0,0,1.843253968253968,2.1936994757839074,PPM1B;LILRB1
GO_Biological_Process_2023,Cell Chemotaxis (GO:0060326),2/50,0.3041837591404494,0.6151931701707172,0,0,1.843253968253968,2.1936994757839074,RHOG;LPAR1
GO_Biological_Process_2023,Negative Regulation Of Cell Projection Organization (GO:0031345),2/50,0.3041837591404494,0.6151931701707172,0,0,1.843253968253968,2.1936994757839074,MINAR1;LPAR1
GO_Biological_Process_2023,Plasma Membrane Bounded Cell Projection Morphogenesis (GO:0120039),2/50,0.3041837591404494,0.6151931701707172,0,0,1.843253968253968,2.1936994757839074,SHTN1;KIF20B
GO_Biological_Process_2023,Regulation Of Double-Strand Break Repair (GO:2000779),3/88,0.3093648280466798,0.6151931701707172,0,0,1.5619251336898397,1.832503711723619,PPP4C;PPP4R2;DEK
GO_Biological_Process_2023,Positive Regulation Of Plasma Membrane Bounded Cell Projection Assembly (GO:0120034),3/88,0.3093648280466798,0.6151931701707172,0,0,1.5619251336898397,1.832503711723619,EPS8;TENM1;PALM
GO_Biological_Process_2023,Regulation Of Cytokine Production (GO:0001817),5/167,0.3116672547904855,0.6151931701707172,0,0,1.3666920345002538,1.593315747797451,FGR;TWSG1;IFNG;GPNMB;SLC11A1
GO_Biological_Process_2023,SMAD Protein Signal Transduction (GO:0060395),2/51,0.3123806332489949,0.6151931701707172,0,0,1.805543986302004,2.100809751700612,INHBB;SMAD6
GO_Biological_Process_2023,Regulation Of Synapse Assembly (GO:0051963),2/51,0.3123806332489949,0.6151931701707172,0,0,1.805543986302004,2.100809751700612,SLITRK4;MDGA1
GO_Biological_Process_2023,Positive Regulation Of Ras Protein Signal Transduction (GO:0046579),2/51,0.3123806332489949,0.6151931701707172,0,0,1.805543986302004,2.100809751700612,RASGRF1;LPAR1
GO_Biological_Process_2023,Regulation Of Cellular Respiration (GO:0043457),1/17,0.3167785726998469,0.6151931701707172,0,0,2.763150452488688,3.176385841877254,IFNG
GO_Biological_Process_2023,DNA Biosynthetic Process (GO:0071897),1/17,0.3167785726998469,0.6151931701707172,0,0,2.763150452488688,3.176385841877254,RRM2B
GO_Biological_Process_2023,DNA Replication Checkpoint Signaling (GO:0000076),1/17,0.3167785726998469,0.6151931701707172,0,0,2.763150452488688,3.176385841877254,TIPIN
GO_Biological_Process_2023,G Protein-Coupled Acetylcholine Receptor Signaling Pathway (GO:0007213),1/17,0.3167785726998469,0.6151931701707172,0,0,2.763150452488688,3.176385841877254,CHRM5
GO_Biological_Process_2023,Regulation Of Hematopoietic Progenitor Cell Differentiation (GO:1901532),1/17,0.3167785726998469,0.6151931701707172,0,0,2.763150452488688,3.176385841877254,SPI1
GO_Biological_Process_2023,Regulation Of Inflammatory Response To Antigenic Stimulus (GO:0002861),1/17,0.3167785726998469,0.6151931701707172,0,0,2.763150452488688,3.176385841877254,FGR
GO_Biological_Process_2023,T Cell Migration (GO:0072678),1/17,0.3167785726998469,0.6151931701707172,0,0,2.763150452488688,3.176385841877254,CXCL16
GO_Biological_Process_2023,Amyloid Precursor Protein Metabolic Process (GO:0042982),1/17,0.3167785726998469,0.6151931701707172,0,0,2.763150452488688,3.176385841877254,ADAM10
GO_Biological_Process_2023,Regulation Of Mitotic Cell Cycle Spindle Assembly Checkpoint (GO:0090266),1/17,0.3167785726998469,0.6151931701707172,0,0,2.763150452488688,3.176385841877254,USP44
GO_Biological_Process_2023,Carbohydrate Derivative Transport (GO:1901264),1/17,0.3167785726998469,0.6151931701707172,0,0,2.763150452488688,3.176385841877254,SLC15A3
GO_Biological_Process_2023,Cellular Response To dsRNA (GO:0071359),1/17,0.3167785726998469,0.6151931701707172,0,0,2.763150452488688,3.176385841877254,COLEC12
GO_Biological_Process_2023,Regulation Of Telomerase RNA Localization To Cajal Body (GO:1904872),1/17,0.3167785726998469,0.6151931701707172,0,0,2.763150452488688,3.176385841877254,DCP2
GO_Biological_Process_2023,Regulation Of Ubiquitin Protein Ligase Activity (GO:1904666),1/17,0.3167785726998469,0.6151931701707172,0,0,2.763150452488688,3.176385841877254,USP44
GO_Biological_Process_2023,Central Nervous System Neuron Development (GO:0021954),1/17,0.3167785726998469,0.6151931701707172,0,0,2.763150452488688,3.176385841877254,B4GALT6
GO_Biological_Process_2023,Regulation Of Viral Transcription (GO:0046782),1/17,0.3167785726998469,0.6151931701707172,0,0,2.763150452488688,3.176385841877254,IFITM3
GO_Biological_Process_2023,"Retrograde Protein Transport, ER To Cytosol (GO:0030970)",1/17,0.3167785726998469,0.6151931701707172,0,0,2.763150452488688,3.176385841877254,OS9
GO_Biological_Process_2023,Embryo Development Ending In Birth Or Egg Hatching (GO:0009792),1/17,0.3167785726998469,0.6151931701707172,0,0,2.763150452488688,3.176385841877254,RICTOR
GO_Biological_Process_2023,Epoxygenase P450 Pathway (GO:0019373),1/17,0.3167785726998469,0.6151931701707172,0,0,2.763150452488688,3.176385841877254,CYP1B1
GO_Biological_Process_2023,Toll-Like Receptor 4 Signaling Pathway (GO:0034142),1/17,0.3167785726998469,0.6151931701707172,0,0,2.763150452488688,3.176385841877254,MYD88
GO_Biological_Process_2023,Hippo Signaling (GO:0035329),1/17,0.3167785726998469,0.6151931701707172,0,0,2.763150452488688,3.176385841877254,MOB1B
GO_Biological_Process_2023,Membrane Lipid Metabolic Process (GO:0006643),1/17,0.3167785726998469,0.6151931701707172,0,0,2.763150452488688,3.176385841877254,CYP1B1
GO_Biological_Process_2023,Motile Cilium Assembly (GO:0044458),1/17,0.3167785726998469,0.6151931701707172,0,0,2.763150452488688,3.176385841877254,DNAAF11
GO_Biological_Process_2023,Negative Regulation Of Calcium Ion Transport (GO:0051926),1/17,0.3167785726998469,0.6151931701707172,0,0,2.763150452488688,3.176385841877254,LILRB1
GO_Biological_Process_2023,Negative Regulation Of Insulin Secretion (GO:0046676),1/17,0.3167785726998469,0.6151931701707172,0,0,2.763150452488688,3.176385841877254,INHBB
GO_Biological_Process_2023,Negative Regulation Of Leukocyte Activation (GO:0002695),1/17,0.3167785726998469,0.6151931701707172,0,0,2.763150452488688,3.176385841877254,GRN
GO_Biological_Process_2023,Negative Regulation Of Striated Muscle Cell Differentiation (GO:0051154),1/17,0.3167785726998469,0.6151931701707172,0,0,2.763150452488688,3.176385841877254,FZD7
GO_Biological_Process_2023,Negative Regulation Of Ubiquitin-Protein Transferase Activity (GO:0051444),1/17,0.3167785726998469,0.6151931701707172,0,0,2.763150452488688,3.176385841877254,USP44
GO_Biological_Process_2023,Neural Tube Development (GO:0021915),1/17,0.3167785726998469,0.6151931701707172,0,0,2.763150452488688,3.176385841877254,PTCH1
GO_Biological_Process_2023,Neuron Maturation (GO:0042551),1/17,0.3167785726998469,0.6151931701707172,0,0,2.763150452488688,3.176385841877254,B4GALT6
GO_Biological_Process_2023,"Nuclear-Transcribed mRNA Catabolic Process, Exonucleolytic (GO:0000291)",1/17,0.3167785726998469,0.6151931701707172,0,0,2.763150452488688,3.176385841877254,DCP2
GO_Biological_Process_2023,Peptidyl-Threonine Dephosphorylation (GO:0035970),1/17,0.3167785726998469,0.6151931701707172,0,0,2.763150452488688,3.176385841877254,PPM1B
GO_Biological_Process_2023,Polyol Metabolic Process (GO:0019751),1/17,0.3167785726998469,0.6151931701707172,0,0,2.763150452488688,3.176385841877254,IPMK
GO_Biological_Process_2023,Positive Chemotaxis (GO:0050918),1/17,0.3167785726998469,0.6151931701707172,0,0,2.763150452488688,3.176385841877254,GPNMB
GO_Biological_Process_2023,Positive Regulation Of Amyloid-Beta Formation (GO:1902004),1/17,0.3167785726998469,0.6151931701707172,0,0,2.763150452488688,3.176385841877254,IFNG
GO_Biological_Process_2023,Positive Regulation Of Cardiac Muscle Hypertrophy (GO:0010613),1/17,0.3167785726998469,0.6151931701707172,0,0,2.763150452488688,3.176385841877254,ROCK1
GO_Biological_Process_2023,Positive Regulation Of Glial Cell Differentiation (GO:0045687),1/17,0.3167785726998469,0.6151931701707172,0,0,2.763150452488688,3.176385841877254,EGR2
GO_Biological_Process_2023,Positive Regulation Of Peptidyl-Lysine Acetylation (GO:2000758),1/17,0.3167785726998469,0.6151931701707172,0,0,2.763150452488688,3.176385841877254,DEK
GO_Biological_Process_2023,Positive Regulation Of Peptidyl-Serine Phosphorylation Of STAT Protein (GO:0033141),1/17,0.3167785726998469,0.6151931701707172,0,0,2.763150452488688,3.176385841877254,IFNG
GO_Biological_Process_2023,Positive Regulation Of Small GTPase Mediated Signal Transduction (GO:0051057),1/17,0.3167785726998469,0.6151931701707172,0,0,2.763150452488688,3.176385841877254,RASGRF1
GO_Biological_Process_2023,Regulation Of DNA Methylation-Dependent Heterochromatin Formation (GO:0090308),1/17,0.3167785726998469,0.6151931701707172,0,0,2.763150452488688,3.176385841877254,RESF1
GO_Biological_Process_2023,Regulation Of DNA-templated DNA Replication (GO:0090329),1/17,0.3167785726998469,0.6151931701707172,0,0,2.763150452488688,3.176385841877254,TIPIN
GO_Biological_Process_2023,Regulation Of Adenylate Cyclase Activity (GO:0045761),1/17,0.3167785726998469,0.6151931701707172,0,0,2.763150452488688,3.176385841877254,PALM
GO_Biological_Process_2023,Protein Homooligomerization (GO:0051260),4/129,0.3203547605789207,0.6160376756906549,0,0,1.4164555808656036,1.612388598627846,NACC2;ALDH1A2;NINJ1;ECT2
GO_Biological_Process_2023,Adenylate Cyclase-Inhibiting G Protein-Coupled Receptor Signaling Pathway (GO:0007193),2/52,0.3205566177068134,0.6160376756906549,0,0,1.769342403628118,2.012974419122174,CHRM5;LPAR1
GO_Biological_Process_2023,Regulation Of Peptide Hormone Secretion (GO:0090276),2/52,0.3205566177068134,0.6160376756906549,0,0,1.769342403628118,2.012974419122174,IFNG;KCNA5
GO_Biological_Process_2023,Cell Cycle G1/S Phase Transition (GO:0044843),2/52,0.3205566177068134,0.6160376756906549,0,0,1.769342403628118,2.012974419122174,SPDYA;E2F3
GO_Biological_Process_2023,Cellular Response To Ionizing Radiation (GO:0071479),2/52,0.3205566177068134,0.6160376756906549,0,0,1.769342403628118,2.012974419122174,LIG4;ECT2
GO_Biological_Process_2023,Negative Regulation Of Innate Immune Response (GO:0045824),2/52,0.3205566177068134,0.6160376756906549,0,0,1.769342403628118,2.012974419122174,GRN;TRAFD1
GO_Biological_Process_2023,Positive Regulation Of B Cell Activation (GO:0050871),2/52,0.3205566177068134,0.6160376756906549,0,0,1.769342403628118,2.012974419122174,SPI1;BCL2
GO_Biological_Process_2023,Lymphocyte Differentiation (GO:0030098),3/91,0.3275905815978925,0.6160376756906549,0,0,1.5084452479338843,1.6834108336366915,ADGRG3;VCAM1;LEPR
GO_Biological_Process_2023,Negative Regulation Of Gene Expression (GO:0010629),9/336,0.328587691591558,0.6160376756906549,0,0,1.2195070392762015,1.3572522266678262,TWSG1;SPI1;GPNMB;IFNG;PDCD10;SLC11A1;ADAM10;DCP2;STOX1
GO_Biological_Process_2023,Regulation Of Macromolecule Biosynthetic Process (GO:0010556),2/53,0.3287086210806803,0.6160376756906549,0,0,1.734560490863012,1.9298435047750608,RB1CC1;ATG13
GO_Biological_Process_2023,Cellular Response To Alcohol (GO:0097306),2/53,0.3287086210806803,0.6160376756906549,0,0,1.734560490863012,1.9298435047750608,GRAMD1C;PTCH1
GO_Biological_Process_2023,Endosome Organization (GO:0007032),2/53,0.3287086210806803,0.6160376756906549,0,0,1.734560490863012,1.9298435047750608,WASHC4;SNX10
GO_Biological_Process_2023,Mitochondrial Transport (GO:0006839),2/53,0.3287086210806803,0.6160376756906549,0,0,1.734560490863012,1.9298435047750608,BCL2;PMAIP1
GO_Biological_Process_2023,Negative Regulation Of Cysteine-Type Endopeptidase Activity (GO:2000117),2/53,0.3287086210806803,0.6160376756906549,0,0,1.734560490863012,1.9298435047750608,RPS6KA1;CST7
GO_Biological_Process_2023,Negative Regulation Of Metabolic Process (GO:0009892),2/53,0.3287086210806803,0.6160376756906549,0,0,1.734560490863012,1.9298435047750608,TLE3;TFE3
GO_Biological_Process_2023,Positive Regulation Of Chemokine Production (GO:0032722),2/53,0.3287086210806803,0.6160376756906549,0,0,1.734560490863012,1.9298435047750608,IFNG;IL17RA
GO_Biological_Process_2023,Regulation Of Defense Response To Virus (GO:0050688),1/18,0.3319247774989947,0.6160376756906549,0,0,2.600479105669417,2.867930344999361,PPM1B
GO_Biological_Process_2023,Regulation Of Epithelial Cell Differentiation (GO:0030856),1/18,0.3319247774989947,0.6160376756906549,0,0,2.600479105669417,2.867930344999361,IFNG
GO_Biological_Process_2023,Regulation Of Exosomal Secretion (GO:1903541),1/18,0.3319247774989947,0.6160376756906549,0,0,2.600479105669417,2.867930344999361,IFNG
GO_Biological_Process_2023,Associative Learning (GO:0008306),1/18,0.3319247774989947,0.6160376756906549,0,0,2.600479105669417,2.867930344999361,TAFA2
GO_Biological_Process_2023,Regulation Of Peptidyl-Serine Phosphorylation Of STAT Protein (GO:0033139),1/18,0.3319247774989947,0.6160376756906549,0,0,2.600479105669417,2.867930344999361,IFNG
GO_Biological_Process_2023,Regulation Of Protein Deacetylation (GO:0090311),1/18,0.3319247774989947,0.6160376756906549,0,0,2.600479105669417,2.867930344999361,IFNG
GO_Biological_Process_2023,Response To Axon Injury (GO:0048678),1/18,0.3319247774989947,0.6160376756906549,0,0,2.600479105669417,2.867930344999361,TYROBP
GO_Biological_Process_2023,Dendritic Cell Migration (GO:0036336),1/18,0.3319247774989947,0.6160376756906549,0,0,2.600479105669417,2.867930344999361,EPS8
GO_Biological_Process_2023,Energy Reserve Metabolic Process (GO:0006112),1/18,0.3319247774989947,0.6160376756906549,0,0,2.600479105669417,2.867930344999361,LEPR
GO_Biological_Process_2023,Epithelial Cell Development (GO:0002064),1/18,0.3319247774989947,0.6160376756906549,0,0,2.600479105669417,2.867930344999361,EXPH5
GO_Biological_Process_2023,Establishment Of Vesicle Localization (GO:0051650),1/18,0.3319247774989947,0.6160376756906549,0,0,2.600479105669417,2.867930344999361,IKBKG
GO_Biological_Process_2023,fatty-acyl-CoA Metabolic Process (GO:0035337),1/18,0.3319247774989947,0.6160376756906549,0,0,2.600479105669417,2.867930344999361,FAR1
GO_Biological_Process_2023,Glycerolipid Catabolic Process (GO:0046503),1/18,0.3319247774989947,0.6160376756906549,0,0,2.600479105669417,2.867930344999361,ABHD2
GO_Biological_Process_2023,Vesicle Transport Along Actin Filament (GO:0030050),1/18,0.3319247774989947,0.6160376756906549,0,0,2.600479105669417,2.867930344999361,MYO1F
GO_Biological_Process_2023,Lysosomal Lumen Acidification (GO:0007042),1/18,0.3319247774989947,0.6160376756906549,0,0,2.600479105669417,2.867930344999361,GRN
GO_Biological_Process_2023,Mitochondrial Fusion (GO:0008053),1/18,0.3319247774989947,0.6160376756906549,0,0,2.600479105669417,2.867930344999361,BCL2A1
GO_Biological_Process_2023,Negative Regulation Of ERBB Signaling Pathway (GO:1901185),1/18,0.3319247774989947,0.6160376756906549,0,0,2.600479105669417,2.867930344999361,ERRFI1
GO_Biological_Process_2023,Negative Regulation Of Amyloid Precursor Protein Catabolic Process (GO:1902992),1/18,0.3319247774989947,0.6160376756906549,0,0,2.600479105669417,2.867930344999361,ROCK1
GO_Biological_Process_2023,Negative Regulation Of Lipid Storage (GO:0010888),1/18,0.3319247774989947,0.6160376756906549,0,0,2.600479105669417,2.867930344999361,OSBPL8
GO_Biological_Process_2023,Negative Regulation Of Monoatomic Ion Transport (GO:0043271),1/18,0.3319247774989947,0.6160376756906549,0,0,2.600479105669417,2.867930344999361,LILRB1
GO_Biological_Process_2023,Negative Regulation Of Peptide Hormone Secretion (GO:0090278),1/18,0.3319247774989947,0.6160376756906549,0,0,2.600479105669417,2.867930344999361,INHBB
GO_Biological_Process_2023,Neural Crest Cell Differentiation (GO:0014033),1/18,0.3319247774989947,0.6160376756906549,0,0,2.600479105669417,2.867930344999361,KBTBD8
GO_Biological_Process_2023,Neuromuscular Synaptic Transmission (GO:0007274),1/18,0.3319247774989947,0.6160376756906549,0,0,2.600479105669417,2.867930344999361,DTNA
GO_Biological_Process_2023,Positive Regulation Of Chromosome Segregation (GO:0051984),1/18,0.3319247774989947,0.6160376756906549,0,0,2.600479105669417,2.867930344999361,NCAPG
GO_Biological_Process_2023,Positive Regulation Of Focal Adhesion Assembly (GO:0051894),1/18,0.3319247774989947,0.6160376756906549,0,0,2.600479105669417,2.867930344999361,ROCK1
GO_Biological_Process_2023,Positive Regulation Of Glycolytic Process (GO:0045821),1/18,0.3319247774989947,0.6160376756906549,0,0,2.600479105669417,2.867930344999361,IFNG
GO_Biological_Process_2023,Positive Regulation Of Natural Killer Cell Activation (GO:0032816),1/18,0.3319247774989947,0.6160376756906549,0,0,2.600479105669417,2.867930344999361,TYROBP
GO_Biological_Process_2023,Positive Regulation Of Response To Endoplasmic Reticulum Stress (GO:1905898),1/18,0.3319247774989947,0.6160376756906549,0,0,2.600479105669417,2.867930344999361,PMAIP1
GO_Biological_Process_2023,Positive Regulation Of Stress-Activated Protein Kinase Signaling Cascade (GO:0070304),1/18,0.3319247774989947,0.6160376756906549,0,0,2.600479105669417,2.867930344999361,PDCD10
GO_Biological_Process_2023,"Protein Localization To Chromosome, Centromeric Region (GO:0071459)",1/18,0.3319247774989947,0.6160376756906549,0,0,2.600479105669417,2.867930344999361,ZWILCH
GO_Biological_Process_2023,Pulmonary Valve Morphogenesis (GO:0003184),1/18,0.3319247774989947,0.6160376756906549,0,0,2.600479105669417,2.867930344999361,SMAD6
GO_Biological_Process_2023,Regulation Of cAMP-mediated Signaling (GO:0043949),1/18,0.3319247774989947,0.6160376756906549,0,0,2.600479105669417,2.867930344999361,MGRN1
GO_Biological_Process_2023,Positive Regulation Of Neuron Projection Development (GO:0010976),3/92,0.3336663538105051,0.6186986818811027,0,0,1.4914198161389172,1.6370028613722405,FES;TWF1;SERPINI1
GO_Biological_Process_2023,Plasma Membrane Bounded Cell Projection Organization (GO:0120036),4/132,0.3354244028720928,0.6194288509558384,0,0,1.3830438496583144,1.5107799466925025,FAM161A;ROCK1;RASGRF1;HDGFL3
GO_Biological_Process_2023,Regulation Of Exocytosis (GO:0017157),2/54,0.3368336985545927,0.6194288509558384,0,0,1.7011163439734869,1.8510968765946851,RAB3D;EXPH5
GO_Biological_Process_2023,Mesenchymal Cell Differentiation (GO:0048762),2/54,0.3368336985545927,0.6194288509558384,0,0,1.7011163439734869,1.8510968765946851,ROCK1;SEMA3C
GO_Biological_Process_2023,Negative Regulation Of TOR Signaling (GO:0032007),2/54,0.3368336985545927,0.6194288509558384,0,0,1.7011163439734869,1.8510968765946851,MINAR1;RPS6KA1
GO_Biological_Process_2023,Negative Regulation Of Neuron Projection Development (GO:0010977),2/54,0.3368336985545927,0.6194288509558384,0,0,1.7011163439734869,1.8510968765946851,MINAR1;LPAR1
GO_Biological_Process_2023,Negative Regulation Of Protein Catabolic Process (GO:0042177),2/54,0.3368336985545927,0.6194288509558384,0,0,1.7011163439734869,1.8510968765946851,ROCK1;CYP51A1
GO_Biological_Process_2023,Negative Regulation Of Protein Modification By Small Protein Conjugation Or Removal (GO:1903321),2/54,0.3368336985545927,0.6194288509558384,0,0,1.7011163439734869,1.8510968765946851,MINAR1;SPOPL
GO_Biological_Process_2023,Negative Regulation Of Protein Ubiquitination (GO:0031397),2/54,0.3368336985545927,0.6194288509558384,0,0,1.7011163439734869,1.8510968765946851,MINAR1;SPOPL
GO_Biological_Process_2023,Organelle Disassembly (GO:1903008),2/54,0.3368336985545927,0.6194288509558384,0,0,1.7011163439734869,1.8510968765946851,RB1CC1;PLIN3
GO_Biological_Process_2023,Regulation Of Neuron Projection Development (GO:0010975),5/174,0.3422089203131636,0.6217120952091536,0,0,1.3096106562913727,1.4043398374822682,MINAR1;FES;LPAR1;TWF1;SERPINI1
GO_Biological_Process_2023,Neuron Migration (GO:0001764),2/55,0.3449290469293687,0.6217120952091536,0,0,1.6689342403628118,1.7764412165843315,KIAA0319L;MDGA1
GO_Biological_Process_2023,Phosphatidylcholine Metabolic Process (GO:0046470),2/55,0.3449290469293687,0.6217120952091536,0,0,1.6689342403628118,1.7764412165843315,SLC44A2;MBOAT7
GO_Biological_Process_2023,Positive Regulation Of Tyrosine Phosphorylation Of STAT Protein (GO:0042531),2/55,0.3449290469293687,0.6217120952091536,0,0,1.6689342403628118,1.7764412165843315,IFNG;PIBF1
GO_Biological_Process_2023,Antigen Receptor-Mediated Signaling Pathway (GO:0050851),4/134,0.3454885859422075,0.6217120952091536,0,0,1.3616260732433854,1.447130298433421,LAT2;BCL2;IKBKG;SH2B2
GO_Biological_Process_2023,Peptidyl-Lysine Modification (GO:0018205),3/94,0.3458096869063441,0.6217120952091536,0,0,1.4584915084915084,1.5487235550270555,EGR2;ZBED1;PLOD1
GO_Biological_Process_2023,RNA Destabilization (GO:0050779),1/19,0.3467359496166474,0.6217120952091536,0,0,2.4558823529411766,2.6012503046601587,ROCK1
GO_Biological_Process_2023,Atrioventricular Valve Morphogenesis (GO:0003181),1/19,0.3467359496166474,0.6217120952091536,0,0,2.4558823529411766,2.6012503046601587,SMAD6
GO_Biological_Process_2023,Regulation Of Nuclear Division (GO:0051783),1/19,0.3467359496166474,0.6217120952091536,0,0,2.4558823529411766,2.6012503046601587,KIF20B
GO_Biological_Process_2023,Regulation Of Protein-Containing Complex Disassembly (GO:0043244),1/19,0.3467359496166474,0.6217120952091536,0,0,2.4558823529411766,2.6012503046601587,UPF1
GO_Biological_Process_2023,Regulation Of Smooth Muscle Cell Migration (GO:0014910),1/19,0.3467359496166474,0.6217120952091536,0,0,2.4558823529411766,2.6012503046601587,S100A11
GO_Biological_Process_2023,Cellular Response To Lectin (GO:1990858),1/19,0.3467359496166474,0.6217120952091536,0,0,2.4558823529411766,2.6012503046601587,TYROBP
GO_Biological_Process_2023,Regulation Of Transcription Involved In G1/S Transition Of Mitotic Cell Cycle (GO:0000083),1/19,0.3467359496166474,0.6217120952091536,0,0,2.4558823529411766,2.6012503046601587,CDK14
GO_Biological_Process_2023,Chondroitin Sulfate Proteoglycan Biosynthetic Process (GO:0050650),1/19,0.3467359496166474,0.6217120952091536,0,0,2.4558823529411766,2.6012503046601587,CHST15
GO_Biological_Process_2023,Cortical Actin Cytoskeleton Organization (GO:0030866),1/19,0.3467359496166474,0.6217120952091536,0,0,2.4558823529411766,2.6012503046601587,ROCK1
GO_Biological_Process_2023,Response To Fatty Acid (GO:0070542),1/19,0.3467359496166474,0.6217120952091536,0,0,2.4558823529411766,2.6012503046601587,PDK4
GO_Biological_Process_2023,Sphingosine Metabolic Process (GO:0006670),1/19,0.3467359496166474,0.6217120952091536,0,0,2.4558823529411766,2.6012503046601587,SGPP1
GO_Biological_Process_2023,Stimulatory C-type Lectin Receptor Signaling Pathway (GO:0002223),1/19,0.3467359496166474,0.6217120952091536,0,0,2.4558823529411766,2.6012503046601587,TYROBP
GO_Biological_Process_2023,Superoxide Anion Generation (GO:0042554),1/19,0.3467359496166474,0.6217120952091536,0,0,2.4558823529411766,2.6012503046601587,NCF1
GO_Biological_Process_2023,Glycosphingolipid Biosynthetic Process (GO:0006688),1/19,0.3467359496166474,0.6217120952091536,0,0,2.4558823529411766,2.6012503046601587,B4GALT6
GO_Biological_Process_2023,Interleukin-1-Mediated Signaling Pathway (GO:0070498),1/19,0.3467359496166474,0.6217120952091536,0,0,2.4558823529411766,2.6012503046601587,MYD88
GO_Biological_Process_2023,Negative Regulation Of Axon Extension Involved In Axon Guidance (GO:0048843),1/19,0.3467359496166474,0.6217120952091536,0,0,2.4558823529411766,2.6012503046601587,SEMA3C
GO_Biological_Process_2023,Negative Regulation Of Leukocyte Cell-Cell Adhesion (GO:1903038),1/19,0.3467359496166474,0.6217120952091536,0,0,2.4558823529411766,2.6012503046601587,GPNMB
GO_Biological_Process_2023,Nucleotide Biosynthetic Process (GO:0009165),1/19,0.3467359496166474,0.6217120952091536,0,0,2.4558823529411766,2.6012503046601587,RRM2B
GO_Biological_Process_2023,Phosphatidylcholine Biosynthetic Process (GO:0006656),1/19,0.3467359496166474,0.6217120952091536,0,0,2.4558823529411766,2.6012503046601587,SLC44A2
GO_Biological_Process_2023,Positive Regulation Of Axon Extension (GO:0045773),1/19,0.3467359496166474,0.6217120952091536,0,0,2.4558823529411766,2.6012503046601587,SHTN1
GO_Biological_Process_2023,Regulation Of B Cell Differentiation (GO:0045577),1/19,0.3467359496166474,0.6217120952091536,0,0,2.4558823529411766,2.6012503046601587,SPI1
GO_Biological_Process_2023,Regulation Of Behavior (GO:0050795),1/19,0.3467359496166474,0.6217120952091536,0,0,2.4558823529411766,2.6012503046601587,LEPR
GO_Biological_Process_2023,Cellular Response To Metal Ion (GO:0071248),4/135,0.3505233529804412,0.6279429050719134,0,0,1.3511624267505955,1.4164613330450038,NCF1;NEK7;ECT2;MMP9
GO_Biological_Process_2023,Regulation Of Mitotic Nuclear Division (GO:0007088),2/56,0.3529919997673428,0.6310449593979551,0,0,1.6379440665154952,1.7056073489389232,USP44;KIF20B
GO_Biological_Process_2023,Nucleotide-Excision Repair (GO:0006289),2/56,0.3529919997673428,0.6310449593979551,0,0,1.6379440665154952,1.7056073489389232,USP44;LIG4
GO_Biological_Process_2023,Positive Regulation Of Multicellular Organismal Process (GO:0051240),10/387,0.3551803903602392,0.6310449593979551,0,0,1.1749499206694396,1.2162252965397802,KDM6B;FGR;BRMS1;ROCK1;IFNG;SLC11A1;PDGFC;LEPR;INHBB;LILRA2
GO_Biological_Process_2023,Regulation Of Protein Metabolic Process (GO:0051246),3/96,0.3579325311944598,0.6310449593979551,0,0,1.4269794721407625,1.4660940792352182,PM20D2;PLAUR;SPOPL
GO_Biological_Process_2023,Endosome To Lysosome Transport (GO:0008333),2/57,0.3610200228737077,0.6310449593979551,0,0,1.608080808080808,1.6383478753574887,SNX16;MGRN1
GO_Biological_Process_2023,Fc-gamma Receptor Signaling Pathway Involved In Phagocytosis (GO:0038096),1/20,0.3612194834224015,0.6310449593979551,0,0,2.326506311026435,2.369010460136628,FGR
GO_Biological_Process_2023,Actin Filament-Based Transport (GO:0099515),1/20,0.3612194834224015,0.6310449593979551,0,0,2.326506311026435,2.369010460136628,MYO1F
GO_Biological_Process_2023,Calcium-Mediated Signaling Using Intracellular Calcium Source (GO:0035584),1/20,0.3612194834224015,0.6310449593979551,0,0,2.326506311026435,2.369010460136628,VCAM1
GO_Biological_Process_2023,Response To Ketone (GO:1901654),1/20,0.3612194834224015,0.6310449593979551,0,0,2.326506311026435,2.369010460136628,ABHD2
GO_Biological_Process_2023,Sensory Perception Of Pain (GO:0019233),1/20,0.3612194834224015,0.6310449593979551,0,0,2.326506311026435,2.369010460136628,SCN9A
GO_Biological_Process_2023,Endoplasmic Reticulum Calcium Ion Homeostasis (GO:0032469),1/20,0.3612194834224015,0.6310449593979551,0,0,2.326506311026435,2.369010460136628,BCL2
GO_Biological_Process_2023,Epithelial Cilium Movement Involved In Extracellular Fluid Movement (GO:0003351),1/20,0.3612194834224015,0.6310449593979551,0,0,2.326506311026435,2.369010460136628,DNAAF11
GO_Biological_Process_2023,Stress-Activated Protein Kinase Signaling Cascade (GO:0031098),1/20,0.3612194834224015,0.6310449593979551,0,0,2.326506311026435,2.369010460136628,PDCD10
GO_Biological_Process_2023,Striated Muscle Cell Differentiation (GO:0051146),1/20,0.3612194834224015,0.6310449593979551,0,0,2.326506311026435,2.369010460136628,KDM6B
GO_Biological_Process_2023,Limb Morphogenesis (GO:0035108),1/20,0.3612194834224015,0.6310449593979551,0,0,2.326506311026435,2.369010460136628,PTCH1
GO_Biological_Process_2023,Long-Term Memory (GO:0007616),1/20,0.3612194834224015,0.6310449593979551,0,0,2.326506311026435,2.369010460136628,RASGRF1
GO_Biological_Process_2023,Mesoderm Formation (GO:0001707),1/20,0.3612194834224015,0.6310449593979551,0,0,2.326506311026435,2.369010460136628,KDM6B
GO_Biological_Process_2023,Negative Regulation Of B Cell Activation (GO:0050869),1/20,0.3612194834224015,0.6310449593979551,0,0,2.326506311026435,2.369010460136628,TYROBP
GO_Biological_Process_2023,Negative Regulation Of miRNA Transcription (GO:1902894),1/20,0.3612194834224015,0.6310449593979551,0,0,2.326506311026435,2.369010460136628,NFIB
GO_Biological_Process_2023,Negative Regulation Of Microtubule Depolymerization (GO:0007026),1/20,0.3612194834224015,0.6310449593979551,0,0,2.326506311026435,2.369010460136628,HDGFL3
GO_Biological_Process_2023,Negative Regulation Of Phosphate Metabolic Process (GO:0045936),1/20,0.3612194834224015,0.6310449593979551,0,0,2.326506311026435,2.369010460136628,ROCK1
GO_Biological_Process_2023,Negative Regulation Of Phosphoprotein Phosphatase Activity (GO:0032515),1/20,0.3612194834224015,0.6310449593979551,0,0,2.326506311026435,2.369010460136628,ROCK1
GO_Biological_Process_2023,Negative Regulation Of Stem Cell Population Maintenance (GO:1902455),1/20,0.3612194834224015,0.6310449593979551,0,0,2.326506311026435,2.369010460136628,BRMS1
GO_Biological_Process_2023,Phosphatidylserine Metabolic Process (GO:0006658),1/20,0.3612194834224015,0.6310449593979551,0,0,2.326506311026435,2.369010460136628,OSBPL8
GO_Biological_Process_2023,Positive Regulation Of Antigen Receptor-Mediated Signaling Pathway (GO:0050857),1/20,0.3612194834224015,0.6310449593979551,0,0,2.326506311026435,2.369010460136628,IKBKG
GO_Biological_Process_2023,Positive Regulation Of Lipid Storage (GO:0010884),1/20,0.3612194834224015,0.6310449593979551,0,0,2.326506311026435,2.369010460136628,PLIN3
GO_Biological_Process_2023,Positive Regulation Of Vascular Associated Smooth Muscle Cell Proliferation (GO:1904707),1/20,0.3612194834224015,0.6310449593979551,0,0,2.326506311026435,2.369010460136628,MMP9
GO_Biological_Process_2023,Pulmonary Valve Development (GO:0003177),1/20,0.3612194834224015,0.6310449593979551,0,0,2.326506311026435,2.369010460136628,SMAD6
GO_Biological_Process_2023,Proteasomal Protein Catabolic Process (GO:0010498),6/220,0.3613595762522618,0.6310449593979551,0,0,1.2410231185440237,1.2632147964561422,TRIM9;IFI27;USP44;PMAIP1;SPOPL;SOCS6
GO_Biological_Process_2023,Selective Autophagy (GO:0061912),2/58,0.369010709637866,0.6415691541478429,0,0,1.5792840945902171,1.5744350795848387,RB1CC1;ATG13
GO_Biological_Process_2023,Inorganic Anion Transport (GO:0015698),2/58,0.369010709637866,0.6415691541478429,0,0,1.5792840945902171,1.5744350795848387,SLC11A1;ANO5
GO_Biological_Process_2023,mRNA Transport (GO:0051028),2/58,0.369010709637866,0.6415691541478429,0,0,1.5792840945902171,1.5744350795848387,UPF1;NXF3
GO_Biological_Process_2023,Memory (GO:0007613),2/58,0.369010709637866,0.6415691541478429,0,0,1.5792840945902171,1.5744350795848387,TAFA2;RASGRF1
GO_Biological_Process_2023,Positive Regulation Of Type II Interferon Production (GO:0032729),2/58,0.369010709637866,0.6415691541478429,0,0,1.5792840945902171,1.5744350795848387,SLC11A1;LILRB1
GO_Biological_Process_2023,Positive Regulation Of Cold-Induced Thermogenesis (GO:0120162),3/98,0.3700239100714131,0.6415691541478429,0,0,1.3967942583732058,1.3886756063179455,KDM6B;PDGFC;LEPR
GO_Biological_Process_2023,Positive Regulation Of Protein-Containing Complex Assembly (GO:0031334),3/98,0.3700239100714131,0.6415691541478429,0,0,1.3967942583732058,1.3886756063179455,IFNG;NEK7;MYD88
GO_Biological_Process_2023,Antigen Processing And Presentation Of Endogenous Peptide Antigen (GO:0002483),1/21,0.3753826106704517,0.6415691541478429,0,0,2.210067873303168,2.165445449369323,HLA-C
GO_Biological_Process_2023,Retrotransposon Silencing (GO:0010526),1/21,0.3753826106704517,0.6415691541478429,0,0,2.210067873303168,2.165445449369323,APOBEC3B
GO_Biological_Process_2023,Sulfur Compound Transport (GO:0072348),1/21,0.3753826106704517,0.6415691541478429,0,0,2.210067873303168,2.165445449369323,SLC19A2
GO_Biological_Process_2023,Focal Adhesion Assembly (GO:0048041),1/21,0.3753826106704517,0.6415691541478429,0,0,2.210067873303168,2.165445449369323,SORBS1
GO_Biological_Process_2023,"Maturation Of 5.8S rRNA From Tricistronic rRNA Transcript (SSU-rRNA, 5.8S rRNA, LSU-rRNA) (GO:0000466)",1/21,0.3753826106704517,0.6415691541478429,0,0,2.210067873303168,2.165445449369323,ERI2
GO_Biological_Process_2023,Negative Regulation Of Biomineral Tissue Development (GO:0070168),1/21,0.3753826106704517,0.6415691541478429,0,0,2.210067873303168,2.165445449369323,ROCK1
GO_Biological_Process_2023,Negative Regulation Of miRNA Metabolic Process (GO:2000629),1/21,0.3753826106704517,0.6415691541478429,0,0,2.210067873303168,2.165445449369323,NFIB
GO_Biological_Process_2023,Negative Regulation Of Osteoclast Differentiation (GO:0045671),1/21,0.3753826106704517,0.6415691541478429,0,0,2.210067873303168,2.165445449369323,LILRB1
GO_Biological_Process_2023,Outer Dynein Arm Assembly (GO:0036158),1/21,0.3753826106704517,0.6415691541478429,0,0,2.210067873303168,2.165445449369323,DNAAF11
GO_Biological_Process_2023,poly(A)+ mRNA Export From Nucleus (GO:0016973),1/21,0.3753826106704517,0.6415691541478429,0,0,2.210067873303168,2.165445449369323,NXF3
GO_Biological_Process_2023,Positive Regulation Of Amyloid Precursor Protein Catabolic Process (GO:1902993),1/21,0.3753826106704517,0.6415691541478429,0,0,2.210067873303168,2.165445449369323,IFNG
GO_Biological_Process_2023,Positive Regulation Of Blood Coagulation (GO:0030194),1/21,0.3753826106704517,0.6415691541478429,0,0,2.210067873303168,2.165445449369323,THBD
GO_Biological_Process_2023,Positive Regulation Of Signal Transduction By P53 Class Mediator (GO:1901798),1/21,0.3753826106704517,0.6415691541478429,0,0,2.210067873303168,2.165445449369323,PMAIP1
GO_Biological_Process_2023,Positive Regulation Of Transcription Regulatory Region DNA Binding (GO:2000679),1/21,0.3753826106704517,0.6415691541478429,0,0,2.210067873303168,2.165445449369323,IFNG
GO_Biological_Process_2023,Positive Regulation Of Vacuole Organization (GO:0044090),1/21,0.3753826106704517,0.6415691541478429,0,0,2.210067873303168,2.165445449369323,GRN
GO_Biological_Process_2023,Regulation Of Cardiac Conduction (GO:1903779),1/21,0.3753826106704517,0.6415691541478429,0,0,2.210067873303168,2.165445449369323,CORIN
GO_Biological_Process_2023,Regulation Of Cell-Substrate Junction Assembly (GO:0090109),1/21,0.3753826106704517,0.6415691541478429,0,0,2.210067873303168,2.165445449369323,ROCK1
GO_Biological_Process_2023,Aerobic Respiration (GO:0009060),2/59,0.3769617766410957,0.6415691541478429,0,0,1.5514977920992958,1.513659064760012,C2ORF69;NDUFA5
GO_Biological_Process_2023,Regulation Of miRNA Transcription (GO:1902893),2/59,0.3769617766410957,0.6415691541478429,0,0,1.5514977920992958,1.513659064760012,SPI1;NFIB
GO_Biological_Process_2023,Regulation Of Type I Interferon Production (GO:0032479),2/59,0.3769617766410957,0.6415691541478429,0,0,1.5514977920992958,1.513659064760012,TYROBP;MYD88
GO_Biological_Process_2023,Phospholipid Transport (GO:0015914),2/59,0.3769617766410957,0.6415691541478429,0,0,1.5514977920992958,1.513659064760012,OSBPL8;ATP8B4
GO_Biological_Process_2023,Positive Regulation Of Proteolysis (GO:0045862),2/59,0.3769617766410957,0.6415691541478429,0,0,1.5514977920992958,1.513659064760012,ASPH;IFNG
GO_Biological_Process_2023,Regulation Of Cell Death (GO:0010941),2/59,0.3769617766410957,0.6415691541478429,0,0,1.5514977920992958,1.513659064760012,HBE1;ZDHHC17
GO_Biological_Process_2023,Negative Regulation Of Apoptotic Process (GO:0043066),12/482,0.3811974320440635,0.6482291357094482,0,0,1.130690625462803,1.090480828747506,GRN;BCL2A1;PDCD10;CEACAM6;RPS6KA1;BCL2;PDK4;PLAUR;LIG4;RICTOR;SMAD6;MMP9
GO_Biological_Process_2023,Response To Retinoic Acid (GO:0032526),2/60,0.3848710595181248,0.6492590302375288,0,0,1.5246696379701306,1.45582609431234,ALDH1A2;FZD7
GO_Biological_Process_2023,Sterol Metabolic Process (GO:0016125),2/60,0.3848710595181248,0.6492590302375288,0,0,1.5246696379701306,1.45582609431234,CYP51A1;CYP1B1
GO_Biological_Process_2023,Negative Regulation Of Peptidase Activity (GO:0010466),2/60,0.3848710595181248,0.6492590302375288,0,0,1.5246696379701306,1.45582609431234,SERPINI1;CST7
GO_Biological_Process_2023,Regulation Of Cell Growth (GO:0001558),6/227,0.3890121157086024,0.6492590302375288,0,0,1.2012798078217382,1.1341820719690725,MINAR1;RPS6KA1;BCL2;ADAM10;RICTOR;CXCL16
GO_Biological_Process_2023,Fc Receptor Mediated Stimulatory Signaling Pathway (GO:0002431),1/22,0.389232403699613,0.6492590302375288,0,0,2.104718810601164,1.9859677864340728,FGR
GO_Biological_Process_2023,Regulation Of Histone Acetylation (GO:0035065),1/22,0.389232403699613,0.6492590302375288,0,0,2.104718810601164,1.9859677864340728,DEK
GO_Biological_Process_2023,Acetylcholine Receptor Signaling Pathway (GO:0095500),1/22,0.389232403699613,0.6492590302375288,0,0,2.104718810601164,1.9859677864340728,CHRM5
GO_Biological_Process_2023,Regulation Of Protein Export From Nucleus (GO:0046825),1/22,0.389232403699613,0.6492590302375288,0,0,2.104718810601164,1.9859677864340728,IFI27
GO_Biological_Process_2023,Cellular Response To Interferon-Beta (GO:0035458),1/22,0.389232403699613,0.6492590302375288,0,0,2.104718810601164,1.9859677864340728,IFITM2
GO_Biological_Process_2023,Regulation Of Telomere Capping (GO:1904353),1/22,0.389232403699613,0.6492590302375288,0,0,2.104718810601164,1.9859677864340728,NEK7
GO_Biological_Process_2023,Cellular Response To Low-Density Lipoprotein Particle Stimulus (GO:0071404),1/22,0.389232403699613,0.6492590302375288,0,0,2.104718810601164,1.9859677864340728,MYD88
GO_Biological_Process_2023,Response To Gamma Radiation (GO:0010332),1/22,0.389232403699613,0.6492590302375288,0,0,2.104718810601164,1.9859677864340728,LIG4
GO_Biological_Process_2023,Dendritic Cell Differentiation (GO:0097028),1/22,0.389232403699613,0.6492590302375288,0,0,2.104718810601164,1.9859677864340728,LILRB1
GO_Biological_Process_2023,Vesicle Transport Along Microtubule (GO:0047496),1/22,0.389232403699613,0.6492590302375288,0,0,2.104718810601164,1.9859677864340728,BICDL2
GO_Biological_Process_2023,Inositol Phosphate Metabolic Process (GO:0043647),1/22,0.389232403699613,0.6492590302375288,0,0,2.104718810601164,1.9859677864340728,IPMK
GO_Biological_Process_2023,Modulation By Host Of Viral Process (GO:0044788),1/22,0.389232403699613,0.6492590302375288,0,0,2.104718810601164,1.9859677864340728,IFI27
GO_Biological_Process_2023,Natural Killer Cell Mediated Immunity (GO:0002228),1/22,0.389232403699613,0.6492590302375288,0,0,2.104718810601164,1.9859677864340728,KIR3DL1
GO_Biological_Process_2023,Negative Regulation Of G Protein-Coupled Receptor Signaling Pathway (GO:0045744),1/22,0.389232403699613,0.6492590302375288,0,0,2.104718810601164,1.9859677864340728,MGRN1
GO_Biological_Process_2023,Negative Regulation Of Extrinsic Apoptotic Signaling Pathway In Absence Of Ligand (GO:2001240),1/22,0.389232403699613,0.6492590302375288,0,0,2.104718810601164,1.9859677864340728,BCL2
GO_Biological_Process_2023,Negative Regulation Of Signal Transduction In Absence Of Ligand (GO:1901099),1/22,0.389232403699613,0.6492590302375288,0,0,2.104718810601164,1.9859677864340728,BCL2
GO_Biological_Process_2023,Placenta Development (GO:0001890),1/22,0.389232403699613,0.6492590302375288,0,0,2.104718810601164,1.9859677864340728,TFEB
GO_Biological_Process_2023,Positive Regulation Of Cholesterol Efflux (GO:0010875),1/22,0.389232403699613,0.6492590302375288,0,0,2.104718810601164,1.9859677864340728,PTCH1
GO_Biological_Process_2023,Regulation Of Cardiac Muscle Cell Membrane Repolarization (GO:0099623),1/22,0.389232403699613,0.6492590302375288,0,0,2.104718810601164,1.9859677864340728,KCNA5
GO_Biological_Process_2023,Autophagosome Organization (GO:1905037),2/61,0.3927365087568027,0.6522366968803012,0,0,1.4987509127944962,1.4007571123978788,RB1CC1;ATG13
GO_Biological_Process_2023,Negative Regulation Of Autophagy (GO:0010507),2/61,0.3927365087568027,0.6522366968803012,0,0,1.4987509127944962,1.4007571123978788,LEPR;BCL2
GO_Biological_Process_2023,Negative Regulation Of Viral Process (GO:0048525),2/61,0.3927365087568027,0.6522366968803012,0,0,1.4987509127944962,1.4007571123978788,IFITM3;IFITM2
GO_Biological_Process_2023,Positive Regulation Of Cell Junction Assembly (GO:1901890),2/61,0.3927365087568027,0.6522366968803012,0,0,1.4987509127944962,1.4007571123978788,ROCK1;SLITRK4
GO_Biological_Process_2023,Positive Regulation Of Interleukin-8 Production (GO:0032757),2/61,0.3927365087568027,0.6522366968803012,0,0,1.4987509127944962,1.4007571123978788,LILRA2;MYD88
GO_Biological_Process_2023,Cilium Organization (GO:0044782),6/228,0.3929644974736541,0.6522366968803012,0,0,1.195806790772466,1.1169266016835149,FAM161A;IFT81;SNX10;PIBF1;CEP290;KIF27
GO_Biological_Process_2023,Protein Catabolic Process (GO:0030163),3/102,0.3940710385863704,0.6535336531011589,0,0,1.3400826446280991,1.2479172345089982,PMAIP1;SOCS6;CTSD
GO_Biological_Process_2023,Negative Regulation Of Macromolecule Metabolic Process (GO:0010605),5/186,0.3949169252897632,0.6543965538602012,0,0,1.2220288100103434,1.1353623458495443,SPI1;IFNG;PDCD10;ADAM10;STOX1
GO_Biological_Process_2023,mRNA Export From Nucleus (GO:0006406),2/62,0.400556185659942,0.657126068177189,0,0,1.4736961451247166,1.3482864210147651,UPF1;NXF3
GO_Biological_Process_2023,Positive Regulation Of Apoptotic Signaling Pathway (GO:2001235),2/62,0.400556185659942,0.657126068177189,0,0,1.4736961451247166,1.3482864210147651,PMAIP1;TPD52L1
GO_Biological_Process_2023,Protein Lipidation (GO:0006497),2/62,0.400556185659942,0.657126068177189,0,0,1.4736961451247166,1.3482864210147651,PIGA;ZDHHC17
GO_Biological_Process_2023,Regulation Of T Cell Activation (GO:0050863),2/62,0.400556185659942,0.657126068177189,0,0,1.4736961451247166,1.3482864210147651,GPNMB;SIRPB1
GO_Biological_Process_2023,Chemical Synaptic Transmission (GO:0007268),7/273,0.4013402697013471,0.657126068177189,0,0,1.164352969579913,1.0629909886814182,GABRR2;DTNA;CACNB4;HOMER1;RPS6KA1;CHRM5;HTR3A
GO_Biological_Process_2023,Regulation Of Extracellular Matrix Organization (GO:1903053),1/23,0.4027757791016402,0.657126068177189,0,0,2.008946935417524,1.8268866241880355,PRDM5
GO_Biological_Process_2023,Cellular Lipid Catabolic Process (GO:0044242),1/23,0.4027757791016402,0.657126068177189,0,0,2.008946935417524,1.8268866241880355,CYP1B1
GO_Biological_Process_2023,Cellular Response To Interleukin-6 (GO:0071354),1/23,0.4027757791016402,0.657126068177189,0,0,2.008946935417524,1.8268866241880355,SPI1
GO_Biological_Process_2023,Rescue Of Stalled Ribosome (GO:0072344),1/23,0.4027757791016402,0.657126068177189,0,0,2.008946935417524,1.8268866241880355,LTN1
GO_Biological_Process_2023,Entrainment Of Circadian Clock By Photoperiod (GO:0043153),1/23,0.4027757791016402,0.657126068177189,0,0,2.008946935417524,1.8268866241880355,FBXL3
GO_Biological_Process_2023,Long-Chain fatty-acyl-CoA Metabolic Process (GO:0035336),1/23,0.4027757791016402,0.657126068177189,0,0,2.008946935417524,1.8268866241880355,FAR1
GO_Biological_Process_2023,Negative Regulation Of Actin Filament Polymerization (GO:0030837),1/23,0.4027757791016402,0.657126068177189,0,0,2.008946935417524,1.8268866241880355,TWF1
GO_Biological_Process_2023,Negative Regulation Of Protein Depolymerization (GO:1901880),1/23,0.4027757791016402,0.657126068177189,0,0,2.008946935417524,1.8268866241880355,HDGFL3
GO_Biological_Process_2023,Positive Regulation Of Protein Targeting To Membrane (GO:0090314),1/23,0.4027757791016402,0.657126068177189,0,0,2.008946935417524,1.8268866241880355,TCAF1
GO_Biological_Process_2023,Protein N-linked Glycosylation Via Asparagine (GO:0018279),1/23,0.4027757791016402,0.657126068177189,0,0,2.008946935417524,1.8268866241880355,MGAT1
GO_Biological_Process_2023,Protein Localization To Cell Junction (GO:1902414),1/23,0.4027757791016402,0.657126068177189,0,0,2.008946935417524,1.8268866241880355,DSP
GO_Biological_Process_2023,Regulation Of Axon Extension Involved In Axon Guidance (GO:0048841),1/23,0.4027757791016402,0.657126068177189,0,0,2.008946935417524,1.8268866241880355,SEMA3C
GO_Biological_Process_2023,Regulation Of Cardiac Muscle Hypertrophy (GO:0010611),1/23,0.4027757791016402,0.657126068177189,0,0,2.008946935417524,1.8268866241880355,ROCK1
GO_Biological_Process_2023,Regulation Of Cell Junction Assembly (GO:1901888),1/23,0.4027757791016402,0.657126068177189,0,0,2.008946935417524,1.8268866241880355,ROCK1
GO_Biological_Process_2023,Oxidative Phosphorylation (GO:0006119),2/63,0.4083282585108861,0.6600335497140618,0,0,1.4494628452473886,1.2982604948344614,C2ORF69;NDUFA5
GO_Biological_Process_2023,Phosphatidylinositol Metabolic Process (GO:0046488),2/63,0.4083282585108861,0.6600335497140618,0,0,1.4494628452473886,1.2982604948344614,CDS1;MBOAT7
GO_Biological_Process_2023,Plasma Membrane Bounded Cell Projection Assembly (GO:0120031),7/275,0.4085831794884864,0.6600335497140618,0,0,1.1555439545392303,1.034280898838613,SHTN1;FAM161A;IFT81;SNX10;PIBF1;CEP290;KIF27
GO_Biological_Process_2023,Dephosphorylation (GO:0016311),4/147,0.4107568225882473,0.6600335497140618,0,0,1.2370135559201618,1.1006376507351454,PPM1B;CTDSP1;PTPN6;SGPP1
GO_Biological_Process_2023,Proteasome-Mediated Ubiquitin-Dependent Protein Catabolic Process (GO:0043161),8/319,0.4112499207037731,0.6600335497140618,0,0,1.1381010459400525,1.011264429932894,TRIM9;IFI27;OS9;USP44;KLHDC1;LTN1;SPOPL;FBXL3
GO_Biological_Process_2023,Regulation Of Neuron Apoptotic Process (GO:0043523),3/105,0.4119499718723712,0.6600335497140618,0,0,1.3004679144385027,1.1533243453437856,GRN;BCL2;LIG4
GO_Biological_Process_2023,Lysosomal Transport (GO:0007041),3/105,0.4119499718723712,0.6600335497140618,0,0,1.3004679144385027,1.1533243453437856,GRN;SNX16;MGRN1
GO_Biological_Process_2023,Regulation Of Endoplasmic Reticulum Stress-Induced Intrinsic Apoptotic Signaling Pathway (GO:1902235),1/24,0.4160195011743133,0.6600335497140618,0,0,1.9215030493802872,1.6852026417238088,PMAIP1
GO_Biological_Process_2023,Fc-gamma Receptor Signaling Pathway (GO:0038094),1/24,0.4160195011743133,0.6600335497140618,0,0,1.9215030493802872,1.6852026417238088,FGR
GO_Biological_Process_2023,"RNA Splicing, Via Transesterification Reactions (GO:0000375)",1/24,0.4160195011743133,0.6600335497140618,0,0,1.9215030493802872,1.6852026417238088,GEMIN2
GO_Biological_Process_2023,Regulation Of Heterotypic Cell-Cell Adhesion (GO:0034114),1/24,0.4160195011743133,0.6600335497140618,0,0,1.9215030493802872,1.6852026417238088,CEACAM6
GO_Biological_Process_2023,Acylglycerol Catabolic Process (GO:0046464),1/24,0.4160195011743133,0.6600335497140618,0,0,1.9215030493802872,1.6852026417238088,ABHD2
GO_Biological_Process_2023,Regulation Of Microtubule Depolymerization (GO:0031114),1/24,0.4160195011743133,0.6600335497140618,0,0,1.9215030493802872,1.6852026417238088,HDGFL3
GO_Biological_Process_2023,Cell Morphogenesis Involved In Differentiation (GO:0000904),1/24,0.4160195011743133,0.6600335497140618,0,0,1.9215030493802872,1.6852026417238088,SPI1
GO_Biological_Process_2023,Regulation Of Ruffle Assembly (GO:1900027),1/24,0.4160195011743133,0.6600335497140618,0,0,1.9215030493802872,1.6852026417238088,EPS8
GO_Biological_Process_2023,Response To Purine-Containing Compound (GO:0014074),1/24,0.4160195011743133,0.6600335497140618,0,0,1.9215030493802872,1.6852026417238088,ADORA1
GO_Biological_Process_2023,Secondary Alcohol Biosynthetic Process (GO:1902653),1/24,0.4160195011743133,0.6600335497140618,0,0,1.9215030493802872,1.6852026417238088,CYP51A1
GO_Biological_Process_2023,Early Endosome To Late Endosome Transport (GO:0045022),1/24,0.4160195011743133,0.6600335497140618,0,0,1.9215030493802872,1.6852026417238088,SNX16
GO_Biological_Process_2023,Fat-Soluble Vitamin Metabolic Process (GO:0006775),1/24,0.4160195011743133,0.6600335497140618,0,0,1.9215030493802872,1.6852026417238088,ALDH1A2
GO_Biological_Process_2023,Gliogenesis (GO:0042063),1/24,0.4160195011743133,0.6600335497140618,0,0,1.9215030493802872,1.6852026417238088,NFIB
GO_Biological_Process_2023,Iron Ion Transport (GO:0006826),1/24,0.4160195011743133,0.6600335497140618,0,0,1.9215030493802872,1.6852026417238088,SLC11A1
GO_Biological_Process_2023,Lipid Translocation (GO:0034204),1/24,0.4160195011743133,0.6600335497140618,0,0,1.9215030493802872,1.6852026417238088,ATP8B4
GO_Biological_Process_2023,Mononuclear Cell Differentiation (GO:1903131),1/24,0.4160195011743133,0.6600335497140618,0,0,1.9215030493802872,1.6852026417238088,LILRB1
GO_Biological_Process_2023,Multivesicular Body Sorting Pathway (GO:0071985),1/24,0.4160195011743133,0.6600335497140618,0,0,1.9215030493802872,1.6852026417238088,EXPH5
GO_Biological_Process_2023,Natural Killer Cell Mediated Cytotoxicity (GO:0042267),1/24,0.4160195011743133,0.6600335497140618,0,0,1.9215030493802872,1.6852026417238088,KIR3DL1
GO_Biological_Process_2023,Negative Regulation Of Cell Junction Assembly (GO:1901889),1/24,0.4160195011743133,0.6600335497140618,0,0,1.9215030493802872,1.6852026417238088,ROCK1
GO_Biological_Process_2023,Negative Regulation Of Ossification (GO:0030279),1/24,0.4160195011743133,0.6600335497140618,0,0,1.9215030493802872,1.6852026417238088,SMAD6
GO_Biological_Process_2023,Neuromuscular Junction Development (GO:0007528),1/24,0.4160195011743133,0.6600335497140618,0,0,1.9215030493802872,1.6852026417238088,CACNB4
GO_Biological_Process_2023,Photoperiodism (GO:0009648),1/24,0.4160195011743133,0.6600335497140618,0,0,1.9215030493802872,1.6852026417238088,FBXL3
GO_Biological_Process_2023,Positive Regulation Of Interleukin-17 Production (GO:0032740),1/24,0.4160195011743133,0.6600335497140618,0,0,1.9215030493802872,1.6852026417238088,MYD88
GO_Biological_Process_2023,Positive Regulation Of Lipid Metabolic Process (GO:0045834),1/24,0.4160195011743133,0.6600335497140618,0,0,1.9215030493802872,1.6852026417238088,SORBS1
GO_Biological_Process_2023,Positive Regulation Of Peptidyl-Threonine Phosphorylation (GO:0010800),1/24,0.4160195011743133,0.6600335497140618,0,0,1.9215030493802872,1.6852026417238088,STOX1
GO_Biological_Process_2023,Protein Exit From Endoplasmic Reticulum (GO:0032527),1/24,0.4160195011743133,0.6600335497140618,0,0,1.9215030493802872,1.6852026417238088,OS9
GO_Biological_Process_2023,Response To Metal Ion (GO:0010038),2/64,0.4160509987501076,0.6600335497140618,0,0,1.4260112647209422,1.2505369181480417,HOMER1;BCL2
GO_Biological_Process_2023,Negative Regulation Of Cell Death (GO:0060548),2/64,0.4160509987501076,0.6600335497140618,0,0,1.4260112647209422,1.2505369181480417,GPNMB;IKBKG
GO_Biological_Process_2023,Positive Regulation Of GTPase Activity (GO:0043547),6/234,0.4166506201194547,0.660463522429104,0,0,1.163976875828014,1.0190701933972282,TBC1D8B;SYDE2;PREX1;RASGRF1;RHOG;ECT2
GO_Biological_Process_2023,Neuron Projection Development (GO:0031175),5/192,0.421184965272679,0.6663292675195707,0,0,1.1824530559421775,1.0224472855733633,SHTN1;ROCK1;RASGRF1;KIF20B;HDGFL3
GO_Biological_Process_2023,Organelle Assembly (GO:0070925),8/322,0.4213372656250824,0.6663292675195707,0,0,1.127051760743832,0.974135248770146,FAM161A;IFT81;RB1CC1;SNX10;ATG13;PIBF1;CEP290;KIF27
GO_Biological_Process_2023,RNA Export From Nucleus (GO:0006405),2/65,0.4237227774572138,0.6663292675195707,0,0,1.403304178814383,1.2049834286753152,UPF1;NXF3
GO_Biological_Process_2023,Autophagosome Assembly (GO:0000045),2/65,0.4237227774572138,0.6663292675195707,0,0,1.403304178814383,1.2049834286753152,RB1CC1;ATG13
GO_Biological_Process_2023,Regulation Of Tyrosine Phosphorylation Of STAT Protein (GO:0042509),2/65,0.4237227774572138,0.6663292675195707,0,0,1.403304178814383,1.2049834286753152,IFNG;PIBF1
GO_Biological_Process_2023,Regulation Of Glycogen Biosynthetic Process (GO:0005979),1/25,0.4289701851593653,0.6663292675195707,0,0,1.8413461538461535,1.558456205466628,SORBS1
GO_Biological_Process_2023,Activation Of Protein Kinase B Activity (GO:0032148),1/25,0.4289701851593653,0.6663292675195707,0,0,1.8413461538461535,1.558456205466628,OSBPL8
GO_Biological_Process_2023,Regulation Of Lysosomal Lumen pH (GO:0035751),1/25,0.4289701851593653,0.6663292675195707,0,0,1.8413461538461535,1.558456205466628,GRN
GO_Biological_Process_2023,Regulation Of Myelination (GO:0031641),1/25,0.4289701851593653,0.6663292675195707,0,0,1.8413461538461535,1.558456205466628,EGR2
GO_Biological_Process_2023,Regulation Of Protein Processing (GO:0070613),1/25,0.4289701851593653,0.6663292675195707,0,0,1.8413461538461535,1.558456205466628,PLAUR
GO_Biological_Process_2023,Cholesterol Biosynthetic Process (GO:0006695),1/25,0.4289701851593653,0.6663292675195707,0,0,1.8413461538461535,1.558456205466628,CYP51A1
GO_Biological_Process_2023,Response To dsRNA (GO:0043331),1/25,0.4289701851593653,0.6663292675195707,0,0,1.8413461538461535,1.558456205466628,PMAIP1
GO_Biological_Process_2023,Sterol Transport (GO:0015918),1/25,0.4289701851593653,0.6663292675195707,0,0,1.8413461538461535,1.558456205466628,GRAMD1C
GO_Biological_Process_2023,Vesicle Cargo Loading (GO:0035459),1/25,0.4289701851593653,0.6663292675195707,0,0,1.8413461538461535,1.558456205466628,MIA2
GO_Biological_Process_2023,Vesicle-Mediated Transport Between Endosomal Compartments (GO:0098927),1/25,0.4289701851593653,0.6663292675195707,0,0,1.8413461538461535,1.558456205466628,SNX16
GO_Biological_Process_2023,"Wound Healing, Spreading Of Cells (GO:0044319)",1/25,0.4289701851593653,0.6663292675195707,0,0,1.8413461538461535,1.558456205466628,PDCD10
GO_Biological_Process_2023,Metanephros Development (GO:0001656),1/25,0.4289701851593653,0.6663292675195707,0,0,1.8413461538461535,1.558456205466628,PTCH1
GO_Biological_Process_2023,Negative Regulation Of Intrinsic Apoptotic Signaling Pathway In Response To DNA Damage (GO:1902230),1/25,0.4289701851593653,0.6663292675195707,0,0,1.8413461538461535,1.558456205466628,BCL2
GO_Biological_Process_2023,Negative Regulation Of Protein Transport (GO:0051224),1/25,0.4289701851593653,0.6663292675195707,0,0,1.8413461538461535,1.558456205466628,CYP51A1
GO_Biological_Process_2023,Negative Regulation Of Response To Wounding (GO:1903035),1/25,0.4289701851593653,0.6663292675195707,0,0,1.8413461538461535,1.558456205466628,PTPN6
GO_Biological_Process_2023,Negative Regulation Of Transposition (GO:0010529),1/25,0.4289701851593653,0.6663292675195707,0,0,1.8413461538461535,1.558456205466628,APOBEC3B
GO_Biological_Process_2023,Organophosphate Ester Transport (GO:0015748),1/25,0.4289701851593653,0.6663292675195707,0,0,1.8413461538461535,1.558456205466628,OSBPL8
GO_Biological_Process_2023,Positive Regulation Of T Cell Migration (GO:2000406),1/25,0.4289701851593653,0.6663292675195707,0,0,1.8413461538461535,1.558456205466628,ADAM10
GO_Biological_Process_2023,Positive Regulation Of Peptidase Activity (GO:0010952),1/25,0.4289701851593653,0.6663292675195707,0,0,1.8413461538461535,1.558456205466628,GRN
GO_Biological_Process_2023,Regulation Of Actin Cytoskeleton Reorganization (GO:2000249),1/25,0.4289701851593653,0.6663292675195707,0,0,1.8413461538461535,1.558456205466628,FES
GO_Biological_Process_2023,Regulation Of Biomineral Tissue Development (GO:0070167),1/25,0.4289701851593653,0.6663292675195707,0,0,1.8413461538461535,1.558456205466628,ROCK1
GO_Biological_Process_2023,Response To Reactive Oxygen Species (GO:0000302),2/66,0.4313420615418691,0.6694961727406618,0,0,1.3813066893424035,1.1614770579586584,NCF1;MMP9
GO_Biological_Process_2023,Regulation Of Wnt Signaling Pathway (GO:0030111),3/109,0.4355238664409576,0.6740204589587935,0,0,1.2511363636363635,1.039951654162284,FZD7;CDK14;CXXC4
GO_Biological_Process_2023,Regulation Of Neurogenesis (GO:0050767),2/67,0.4389074106644002,0.6740204589587935,0,0,1.3599860457003314,1.1199033541052974,IFNG;LIG4
GO_Biological_Process_2023,Regulation Of Viral Genome Replication (GO:0045069),2/67,0.4389074106644002,0.6740204589587935,0,0,1.3599860457003314,1.1199033541052974,IFITM3;IFITM2
GO_Biological_Process_2023,Protein Secretion (GO:0009306),2/67,0.4389074106644002,0.6740204589587935,0,0,1.3599860457003314,1.1199033541052974,RAB3D;MIA2
GO_Biological_Process_2023,Transmembrane Receptor Protein Tyrosine Kinase Signaling Pathway (GO:0007169),7/284,0.441090232444053,0.6740204589587935,0,0,1.1174775610240784,0.9146618826662396,FGR;KL;PDGFC;PDK4;SORBS1;MMP9;SH2B2
GO_Biological_Process_2023,Regulation Of JNK Cascade (GO:0046328),3/110,0.4413634120962816,0.6740204589587935,0,0,1.2393797790994052,1.0136722117691916,NCF1;FZD7;TPD52L1
GO_Biological_Process_2023,L-amino Acid Transport (GO:0015807),1/26,0.4416343007207616,0.6740204589587935,0,0,1.767601809954751,1.4446134343001302,SLC6A20
GO_Biological_Process_2023,Regulation Of Fatty Acid Biosynthetic Process (GO:0042304),1/26,0.4416343007207616,0.6740204589587935,0,0,1.767601809954751,1.4446134343001302,PDK4
GO_Biological_Process_2023,"Wnt Signaling Pathway, Planar Cell Polarity Pathway (GO:0060071)",1/26,0.4416343007207616,0.6740204589587935,0,0,1.767601809954751,1.4446134343001302,FZD7
GO_Biological_Process_2023,Antigen Processing And Presentation Of Exogenous Peptide Antigen Via MHC Class II (GO:0019886),1/26,0.4416343007207616,0.6740204589587935,0,0,1.767601809954751,1.4446134343001302,CTSD
GO_Biological_Process_2023,Spindle Assembly Checkpoint Signaling (GO:0071173),1/26,0.4416343007207616,0.6740204589587935,0,0,1.767601809954751,1.4446134343001302,ZWILCH
GO_Biological_Process_2023,Mitotic Spindle Assembly Checkpoint Signaling (GO:0007094),1/26,0.4416343007207616,0.6740204589587935,0,0,1.767601809954751,1.4446134343001302,ZWILCH
GO_Biological_Process_2023,Mitotic Spindle Checkpoint Signaling (GO:0071174),1/26,0.4416343007207616,0.6740204589587935,0,0,1.767601809954751,1.4446134343001302,ZWILCH
GO_Biological_Process_2023,Negative Regulation Of Protein Polymerization (GO:0032272),1/26,0.4416343007207616,0.6740204589587935,0,0,1.767601809954751,1.4446134343001302,TWF1
GO_Biological_Process_2023,Organelle Fusion (GO:0048284),1/26,0.4416343007207616,0.6740204589587935,0,0,1.767601809954751,1.4446134343001302,BCL2A1
GO_Biological_Process_2023,Positive Regulation Of Microtubule Polymerization Or Depolymerization (GO:0031112),1/26,0.4416343007207616,0.6740204589587935,0,0,1.767601809954751,1.4446134343001302,FES
GO_Biological_Process_2023,Positive Regulation Of Monooxygenase Activity (GO:0032770),1/26,0.4416343007207616,0.6740204589587935,0,0,1.767601809954751,1.4446134343001302,IFNG
GO_Biological_Process_2023,Positive Regulation Of Phosphatidylinositol 3-Kinase Activity (GO:0043552),1/26,0.4416343007207616,0.6740204589587935,0,0,1.767601809954751,1.4446134343001302,FGR
GO_Biological_Process_2023,Protein Export From Nucleus (GO:0006611),1/26,0.4416343007207616,0.6740204589587935,0,0,1.767601809954751,1.4446134343001302,EGR2
GO_Biological_Process_2023,Protein Targeting To Lysosome (GO:0006622),1/26,0.4416343007207616,0.6740204589587935,0,0,1.767601809954751,1.4446134343001302,SNX16
GO_Biological_Process_2023,Regulation Of Actin Filament Bundle Assembly (GO:0032231),1/26,0.4416343007207616,0.6740204589587935,0,0,1.767601809954751,1.4446134343001302,ROCK1
GO_Biological_Process_2023,Regulation Of Cardiac Muscle Cell Contraction (GO:0086004),1/26,0.4416343007207616,0.6740204589587935,0,0,1.767601809954751,1.4446134343001302,DSP
GO_Biological_Process_2023,Epithelium Development (GO:0060429),4/154,0.4454009759705651,0.6788752603204565,0,0,1.1788610478359909,0.953439630757172,ERRFI1;PDCD10;PTCH1;ALDH1A2
GO_Biological_Process_2023,B Cell Differentiation (GO:0030183),2/68,0.446417473557237,0.6788752603204565,0,0,1.339311482168625,1.0801556819159026,ADGRG3;VCAM1
GO_Biological_Process_2023,Skin Development (GO:0043588),2/68,0.446417473557237,0.6788752603204565,0,0,1.339311482168625,1.0801556819159026,DSP;ERRFI1
GO_Biological_Process_2023,Regulation Of Transforming Growth Factor Beta Receptor Signaling Pathway (GO:0017015),3/111,0.4471795247085992,0.6788752603204565,0,0,1.227840909090909,0.9881604009029704,BRMS1;LEMD3;SMAD6
GO_Biological_Process_2023,Cytoskeleton Organization (GO:0007010),3/111,0.4471795247085992,0.6788752603204565,0,0,1.227840909090909,0.9881604009029704,MAST3;RHOG;RICTOR
GO_Biological_Process_2023,Negative Regulation Of Inflammatory Response (GO:0050728),3/111,0.4471795247085992,0.6788752603204565,0,0,1.227840909090909,0.9881604009029704,FGR;GRN;PTPN6
GO_Biological_Process_2023,Negative Regulation Of Transmembrane Receptor Protein Serine/Threonine Kinase Signaling Pathway (GO:0090101),3/111,0.4471795247085992,0.6788752603204565,0,0,1.227840909090909,0.9881604009029704,BRMS1;LEMD3;SMAD6
GO_Biological_Process_2023,Proteolysis (GO:0006508),8/330,0.448164452092725,0.6795059801992789,0,0,1.0985935603626755,0.8817257352290447,PM20D2;THBD;ADAMTS1;PTCH1;ADAM10;CTSD;MMP9;PHEX
GO_Biological_Process_2023,Protein Deubiquitination (GO:0016579),3/112,0.4529713255020582,0.6795059801992789,0,0,1.2165137614678898,0.9633894301096608,OTUD6B;USP44;USP9Y
GO_Biological_Process_2023,Regulation Of Heart Contraction (GO:0008016),2/69,0.4538709849985365,0.6795059801992789,0,0,1.319254069787119,1.0421345880215145,ASB3;CORIN
GO_Biological_Process_2023,Response To Molecule Of Bacterial Origin (GO:0002237),2/69,0.4538709849985365,0.6795059801992789,0,0,1.319254069787119,1.0421345880215145,SLC11A1;SMAD6
GO_Biological_Process_2023,DNA Synthesis Involved In DNA Repair (GO:0000731),1/27,0.4540181748296674,0.6795059801992789,0,0,1.699530107901149,1.3419796481495634,RRM2B
GO_Biological_Process_2023,GPI Anchor Metabolic Process (GO:0006505),1/27,0.4540181748296674,0.6795059801992789,0,0,1.699530107901149,1.3419796481495634,PIGA
GO_Biological_Process_2023,Regulation Of Extrinsic Apoptotic Signaling Pathway In Absence Of Ligand (GO:2001239),1/27,0.4540181748296674,0.6795059801992789,0,0,1.699530107901149,1.3419796481495634,BCL2
GO_Biological_Process_2023,Activation Of Phospholipase C Activity (GO:0007202),1/27,0.4540181748296674,0.6795059801992789,0,0,1.699530107901149,1.3419796481495634,LPAR1
GO_Biological_Process_2023,Amino Acid Import Across Plasma Membrane (GO:0089718),1/27,0.4540181748296674,0.6795059801992789,0,0,1.699530107901149,1.3419796481495634,SLC6A20
GO_Biological_Process_2023,Regulation Of Peptidase Activity (GO:0052547),1/27,0.4540181748296674,0.6795059801992789,0,0,1.699530107901149,1.3419796481495634,CST7
GO_Biological_Process_2023,Cardiac Muscle Cell Differentiation (GO:0055007),1/27,0.4540181748296674,0.6795059801992789,0,0,1.699530107901149,1.3419796481495634,KDM6B
GO_Biological_Process_2023,Clathrin-Dependent Endocytosis (GO:0072583),1/27,0.4540181748296674,0.6795059801992789,0,0,1.699530107901149,1.3419796481495634,FCHO2
GO_Biological_Process_2023,Dorsal/Ventral Pattern Formation (GO:0009953),1/27,0.4540181748296674,0.6795059801992789,0,0,1.699530107901149,1.3419796481495634,PTCH1
GO_Biological_Process_2023,Microtubule Polymerization Or Depolymerization (GO:0031109),1/27,0.4540181748296674,0.6795059801992789,0,0,1.699530107901149,1.3419796481495634,HDGFL3
GO_Biological_Process_2023,Peptide Cross-Linking (GO:0018149),1/27,0.4540181748296674,0.6795059801992789,0,0,1.699530107901149,1.3419796481495634,DSP
GO_Biological_Process_2023,Phospholipid Biosynthetic Process (GO:0008654),1/27,0.4540181748296674,0.6795059801992789,0,0,1.699530107901149,1.3419796481495634,FAR1
GO_Biological_Process_2023,Positive Regulation Of Cytosolic Calcium Ion Concentration Involved In Phospholipase C-activating G Protein-Coupled Signaling Pathway (GO:0051482),1/27,0.4540181748296674,0.6795059801992789,0,0,1.699530107901149,1.3419796481495634,LPAR1
GO_Biological_Process_2023,Positive Regulation Of Response To Wounding (GO:1903036),1/27,0.4540181748296674,0.6795059801992789,0,0,1.699530107901149,1.3419796481495634,GRN
GO_Biological_Process_2023,Positive Regulation Of Ubiquitin-Protein Transferase Activity (GO:0051443),1/27,0.4540181748296674,0.6795059801992789,0,0,1.699530107901149,1.3419796481495634,ARRDC4
GO_Biological_Process_2023,Regulation Of Protein Ubiquitination (GO:0031396),3/113,0.4587379647934493,0.6848810455361357,0,0,1.2053925619834711,0.939333632439175,MINAR1;SPOPL;SASH1
GO_Biological_Process_2023,Positive Regulation Of Protein Polymerization (GO:0032273),2/70,0.4612667627083631,0.6848810455361357,0,0,1.2997865812991864,1.0057472262304672,TENM1;FES
GO_Biological_Process_2023,Regulation Of Actin Filament Polymerization (GO:0030833),2/70,0.4612667627083631,0.6848810455361357,0,0,1.2997865812991864,1.0057472262304672,TENM1;TWF1
GO_Biological_Process_2023,Response To Endoplasmic Reticulum Stress (GO:0034976),3/114,0.464478621605905,0.6848810455361357,0,0,1.1944717444717443,0.9159684095137892,OS9;RASGRF1;BCL2
GO_Biological_Process_2023,Protein Modification By Small Protein Removal (GO:0070646),3/114,0.464478621605905,0.6848810455361357,0,0,1.1944717444717443,0.9159684095137892,OTUD6B;USP44;USP9Y
GO_Biological_Process_2023,Peptidyl-Serine Phosphorylation (GO:0018105),4/158,0.46492070413268,0.6848810455361357,0,0,1.1480046149750025,0.8792434369084241,ROCK1;MAST3;NEK7;RICTOR
GO_Biological_Process_2023,Regulation Of Chromosome Segregation (GO:0051983),1/28,0.4661279951708625,0.6848810455361357,0,0,1.636500754147813,1.2491328673936972,NCAPG
GO_Biological_Process_2023,Antigen Processing And Presentation Of Peptide Antigen Via MHC Class II (GO:0002495),1/28,0.4661279951708625,0.6848810455361357,0,0,1.636500754147813,1.2491328673936972,CTSD
GO_Biological_Process_2023,Apoptotic Cell Clearance (GO:0043277),1/28,0.4661279951708625,0.6848810455361357,0,0,1.636500754147813,1.2491328673936972,TYROBP
GO_Biological_Process_2023,Regulation Of Plasma Membrane Bounded Cell Projection Organization (GO:0120035),1/28,0.4661279951708625,0.6848810455361357,0,0,1.636500754147813,1.2491328673936972,HOMER1
GO_Biological_Process_2023,Regulation Of Platelet Activation (GO:0010543),1/28,0.4661279951708625,0.6848810455361357,0,0,1.636500754147813,1.2491328673936972,THBD
GO_Biological_Process_2023,Regulation Of Protein Targeting To Membrane (GO:0090313),1/28,0.4661279951708625,0.6848810455361357,0,0,1.636500754147813,1.2491328673936972,TCAF1
GO_Biological_Process_2023,Sterol Biosynthetic Process (GO:0016126),1/28,0.4661279951708625,0.6848810455361357,0,0,1.636500754147813,1.2491328673936972,CYP51A1
GO_Biological_Process_2023,Fatty Acid Derivative Biosynthetic Process (GO:1901570),1/28,0.4661279951708625,0.6848810455361357,0,0,1.636500754147813,1.2491328673936972,FAR1
GO_Biological_Process_2023,Limb Development (GO:0060173),1/28,0.4661279951708625,0.6848810455361357,0,0,1.636500754147813,1.2491328673936972,PTCH1
GO_Biological_Process_2023,Negative Regulation Of Cation Channel Activity (GO:2001258),1/28,0.4661279951708625,0.6848810455361357,0,0,1.636500754147813,1.2491328673936972,MMP9
GO_Biological_Process_2023,Negative Regulation Of Cytoskeleton Organization (GO:0051494),1/28,0.4661279951708625,0.6848810455361357,0,0,1.636500754147813,1.2491328673936972,TWF1
GO_Biological_Process_2023,Negative Regulation Of Type II Interferon Production (GO:0032689),1/28,0.4661279951708625,0.6848810455361357,0,0,1.636500754147813,1.2491328673936972,LILRB1
GO_Biological_Process_2023,Negative Regulation Of Wound Healing (GO:0061045),1/28,0.4661279951708625,0.6848810455361357,0,0,1.636500754147813,1.2491328673936972,THBD
GO_Biological_Process_2023,"Nuclear-Transcribed mRNA Catabolic Process, Nonsense-Mediated Decay (GO:0000184)",1/28,0.4661279951708625,0.6848810455361357,0,0,1.636500754147813,1.2491328673936972,UPF1
GO_Biological_Process_2023,Positive Regulation Of Defense Response To Virus By Host (GO:0002230),1/28,0.4661279951708625,0.6848810455361357,0,0,1.636500754147813,1.2491328673936972,LILRB1
GO_Biological_Process_2023,Protein Depolymerization (GO:0051261),1/28,0.4661279951708625,0.6848810455361357,0,0,1.636500754147813,1.2491328673936972,TWF1
GO_Biological_Process_2023,Pyroptosis (GO:0070269),1/28,0.4661279951708625,0.6848810455361357,0,0,1.636500754147813,1.2491328673936972,IFI27
GO_Biological_Process_2023,"Regulation Of DNA Damage Response, Signal Transduction By P53 Class Mediator (GO:0043516)",1/28,0.4661279951708625,0.6848810455361357,0,0,1.636500754147813,1.2491328673936972,PMAIP1
GO_Biological_Process_2023,Regulation Of Cardiac Muscle Cell Action Potential (GO:0098901),1/28,0.4661279951708625,0.6848810455361357,0,0,1.636500754147813,1.2491328673936972,DSP
GO_Biological_Process_2023,Regulation Of Double-Strand Break Repair Via Homologous Recombination (GO:0010569),2/71,0.468603704144337,0.6870119951350238,0,0,1.2808833678398897,0.9709068366633956,PPP4C;PPP4R2
GO_Biological_Process_2023,Negative Regulation Of Cellular Response To Growth Factor Stimulus (GO:0090288),2/71,0.468603704144337,0.6870119951350238,0,0,1.2808833678398897,0.9709068366633956,LEMD3;SMAD6
GO_Biological_Process_2023,Negative Regulation Of Supramolecular Fiber Organization (GO:1902904),2/71,0.468603704144337,0.6870119951350238,0,0,1.2808833678398897,0.9709068366633956,TWF1;HDGFL3
GO_Biological_Process_2023,Defense Response To Bacterium (GO:0042742),5/204,0.4730079705685444,0.691662580550269,0,0,1.1104609807025998,0.8313388838792038,FGR;COLEC12;SLC11A1;TFEB;MYD88
GO_Biological_Process_2023,Response To Ionizing Radiation (GO:0010212),2/72,0.4758807836581742,0.691662580550269,0,0,1.2625202461937155,0.9375322717355768,LIG4;ECT2
GO_Biological_Process_2023,Positive Regulation Of Protein Localization To Nucleus (GO:1900182),2/72,0.4758807836581742,0.691662580550269,0,0,1.2625202461937155,0.9375322717355768,IFNG;ECT2
GO_Biological_Process_2023,Regulation Of Establishment Of Planar Polarity (GO:0090175),1/29,0.4779698131265291,0.691662580550269,0,0,1.577973497091144,1.1648721874316548,FZD7
GO_Biological_Process_2023,JNK Cascade (GO:0007254),1/29,0.4779698131265291,0.691662580550269,0,0,1.577973497091144,1.1648721874316548,SH2D3C
GO_Biological_Process_2023,TOR Signaling (GO:0031929),1/29,0.4779698131265291,0.691662580550269,0,0,1.577973497091144,1.1648721874316548,RICTOR
GO_Biological_Process_2023,Regulation Of Muscle Contraction (GO:0006937),1/29,0.4779698131265291,0.691662580550269,0,0,1.577973497091144,1.1648721874316548,MYBPH
GO_Biological_Process_2023,Carbohydrate Derivative Biosynthetic Process (GO:1901137),1/29,0.4779698131265291,0.691662580550269,0,0,1.577973497091144,1.1648721874316548,RRM2B
GO_Biological_Process_2023,Chondrocyte Differentiation (GO:0002062),1/29,0.4779698131265291,0.691662580550269,0,0,1.577973497091144,1.1648721874316548,NFIB
GO_Biological_Process_2023,Response To Steroid Hormone (GO:0048545),1/29,0.4779698131265291,0.691662580550269,0,0,1.577973497091144,1.1648721874316548,ABHD2
GO_Biological_Process_2023,Modified Amino Acid Transport (GO:0072337),1/29,0.4779698131265291,0.691662580550269,0,0,1.577973497091144,1.1648721874316548,SLC6A20
GO_Biological_Process_2023,Organic Cyclic Compound Biosynthetic Process (GO:1901362),1/29,0.4779698131265291,0.691662580550269,0,0,1.577973497091144,1.1648721874316548,CYP51A1
GO_Biological_Process_2023,Peptidyl-Tyrosine Dephosphorylation (GO:0035335),1/29,0.4779698131265291,0.691662580550269,0,0,1.577973497091144,1.1648721874316548,PTPN6
GO_Biological_Process_2023,Phosphatidic Acid Biosynthetic Process (GO:0006654),1/29,0.4779698131265291,0.691662580550269,0,0,1.577973497091144,1.1648721874316548,DGKH
GO_Biological_Process_2023,Positive Regulation Of B Cell Proliferation (GO:0030890),1/29,0.4779698131265291,0.691662580550269,0,0,1.577973497091144,1.1648721874316548,BCL2
GO_Biological_Process_2023,Positive Regulation Of Calcium Ion Transport (GO:0051928),1/29,0.4779698131265291,0.691662580550269,0,0,1.577973497091144,1.1648721874316548,LILRA2
GO_Biological_Process_2023,Positive Regulation Of Dephosphorylation (GO:0035306),1/29,0.4779698131265291,0.691662580550269,0,0,1.577973497091144,1.1648721874316548,ROCK1
GO_Biological_Process_2023,Positive Regulation Of Microtubule Polymerization (GO:0031116),1/29,0.4779698131265291,0.691662580550269,0,0,1.577973497091144,1.1648721874316548,FES
GO_Biological_Process_2023,Cellular Response To Oxidative Stress (GO:0034599),3/117,0.4815369118812983,0.6958225685703879,0,0,1.1628588516746412,0.8497851428437418,NCF1;MMP9;ETV5
GO_Biological_Process_2023,Protein Maturation (GO:0051604),3/117,0.4815369118812983,0.6958225685703879,0,0,1.1628588516746412,0.8497851428437418,PTCH1;ADAM10;PHEX
GO_Biological_Process_2023,Cellular Response To Decreased Oxygen Levels (GO:0036294),2/73,0.4830970497308097,0.6970747092311038,0,0,1.2446743955798285,0.905547564924669,PMAIP1;PTGS2
GO_Biological_Process_2023,Protein Tetramerization (GO:0051262),2/73,0.4830970497308097,0.6970747092311038,0,0,1.2446743955798285,0.905547564924669,HOMER1;ALDH1A2
GO_Biological_Process_2023,Regulation Of Macromolecule Metabolic Process (GO:0060255),4/162,0.4841921067957865,0.6978685027279873,0,0,1.1187105331449496,0.8113711443001038,KDM6B;PM20D2;NKAPL;STOX1
GO_Biological_Process_2023,Regulation Of Canonical Wnt Signaling Pathway (GO:0060828),5/207,0.4857453079715147,0.6978685027279873,0,0,1.0937994484379945,0.7898006975940153,TLE3;PPM1B;FZD7;ILK;CDK14
GO_Biological_Process_2023,Positive Regulation Of Cell Projection Organization (GO:0031346),3/118,0.4871659913798878,0.6978685027279873,0,0,1.1526877470355732,0.828955818912141,FES;TWF1;SERPINI1
GO_Biological_Process_2023,DNA Geometric Change (GO:0032392),1/30,0.4895495466897821,0.6978685027279873,0,0,1.5234826025901076,1.0881773139667448,UPF1
GO_Biological_Process_2023,GPI Anchor Biosynthetic Process (GO:0006506),1/30,0.4895495466897821,0.6978685027279873,0,0,1.5234826025901076,1.0881773139667448,PIGA
GO_Biological_Process_2023,Cardiac Muscle Cell Action Potential Involved In Contraction (GO:0086002),1/30,0.4895495466897821,0.6978685027279873,0,0,1.5234826025901076,1.0881773139667448,KCNA5
GO_Biological_Process_2023,Embryonic Skeletal System Morphogenesis (GO:0048704),1/30,0.4895495466897821,0.6978685027279873,0,0,1.5234826025901076,1.0881773139667448,HOXA4
GO_Biological_Process_2023,Homologous Chromosome Pairing At Meiosis (GO:0007129),1/30,0.4895495466897821,0.6978685027279873,0,0,1.5234826025901076,1.0881773139667448,SYCP2
GO_Biological_Process_2023,Intrinsic Apoptotic Signaling Pathway In Response To Endoplasmic Reticulum Stress (GO:0070059),1/30,0.4895495466897821,0.6978685027279873,0,0,1.5234826025901076,1.0881773139667448,BCL2
GO_Biological_Process_2023,Negative Regulation Of Axon Extension (GO:0030517),1/30,0.4895495466897821,0.6978685027279873,0,0,1.5234826025901076,1.0881773139667448,SEMA3C
GO_Biological_Process_2023,Negative Regulation Of Blood Coagulation (GO:0030195),1/30,0.4895495466897821,0.6978685027279873,0,0,1.5234826025901076,1.0881773139667448,THBD
GO_Biological_Process_2023,Phospholipid Dephosphorylation (GO:0046839),1/30,0.4895495466897821,0.6978685027279873,0,0,1.5234826025901076,1.0881773139667448,SGPP1
GO_Biological_Process_2023,Positive Regulation Of JUN Kinase Activity (GO:0043507),1/30,0.4895495466897821,0.6978685027279873,0,0,1.5234826025901076,1.0881773139667448,SASH1
GO_Biological_Process_2023,Positive Regulation Of Interleukin-10 Production (GO:0032733),1/30,0.4895495466897821,0.6978685027279873,0,0,1.5234826025901076,1.0881773139667448,PIBF1
GO_Biological_Process_2023,Positive Regulation Of Lipid Kinase Activity (GO:0090218),1/30,0.4895495466897821,0.6978685027279873,0,0,1.5234826025901076,1.0881773139667448,FGR
GO_Biological_Process_2023,Positive Regulation Of Protein Targeting To Mitochondrion (GO:1903955),1/30,0.4895495466897821,0.6978685027279873,0,0,1.5234826025901076,1.0881773139667448,ATG13
GO_Biological_Process_2023,Protein Palmitoylation (GO:0018345),1/30,0.4895495466897821,0.6978685027279873,0,0,1.5234826025901076,1.0881773139667448,ZDHHC17
GO_Biological_Process_2023,Import Into Nucleus (GO:0051170),2/74,0.4902516219408035,0.6978794334993025,0,0,1.2273242630385488,0.8748815387992008,E2F3;RANBP6
GO_Biological_Process_2023,Positive Regulation Of Lymphocyte Proliferation (GO:0050671),2/74,0.4902516219408035,0.6978794334993025,0,0,1.2273242630385488,0.8748815387992008,VCAM1;BCL2
GO_Biological_Process_2023,Regulation Of Protein Kinase Activity (GO:0045859),3/119,0.4927654013464213,0.7009613989428922,0,0,1.1426920062695924,0.8087083606589769,FGR;SPDYA;ECT2
GO_Biological_Process_2023,Regulation Of Stress Fiber Assembly (GO:0051492),2/75,0.4973436887339567,0.7020604580083337,0,0,1.2104494765942906,0.8454674456542557,ROCK1;LPAR1
GO_Biological_Process_2023,Positive Regulation Of Neurogenesis (GO:0050769),2/75,0.4973436887339567,0.7020604580083337,0,0,1.2104494765942906,0.8454674456542557,IFNG;LIG4
GO_Biological_Process_2023,Regulation Of Dendrite Morphogenesis (GO:0048814),1/31,0.5008729834746023,0.7020604580083337,0,0,1.4726244343891404,1.018176563094859,HECW2
GO_Biological_Process_2023,Regulation Of Extrinsic Apoptotic Signaling Pathway Via Death Domain Receptors (GO:1902041),1/31,0.5008729834746023,0.7020604580083337,0,0,1.4726244343891404,1.018176563094859,PMAIP1
GO_Biological_Process_2023,Regulation Of Long-Term Synaptic Potentiation (GO:1900271),1/31,0.5008729834746023,0.7020604580083337,0,0,1.4726244343891404,1.018176563094859,TYROBP
GO_Biological_Process_2023,Antigen Processing And Presentation Of Exogenous Peptide Antigen (GO:0002478),1/31,0.5008729834746023,0.7020604580083337,0,0,1.4726244343891404,1.018176563094859,CTSD
GO_Biological_Process_2023,Regulation Of Protein Localization To Cell Surface (GO:2000008),1/31,0.5008729834746023,0.7020604580083337,0,0,1.4726244343891404,1.018176563094859,TYROBP
GO_Biological_Process_2023,Regulation Of Response To Biotic Stimulus (GO:0002831),1/31,0.5008729834746023,0.7020604580083337,0,0,1.4726244343891404,1.018176563094859,FGR
GO_Biological_Process_2023,Regulation Of Transmembrane Receptor Protein Serine/Threonine Kinase Signaling Pathway (GO:0090092),1/31,0.5008729834746023,0.7020604580083337,0,0,1.4726244343891404,1.018176563094859,TWSG1
GO_Biological_Process_2023,Central Nervous System Neuron Differentiation (GO:0021953),1/31,0.5008729834746023,0.7020604580083337,0,0,1.4726244343891404,1.018176563094859,MDGA1
GO_Biological_Process_2023,Endodermal Cell Differentiation (GO:0035987),1/31,0.5008729834746023,0.7020604580083337,0,0,1.4726244343891404,1.018176563094859,MMP9
GO_Biological_Process_2023,Negative Chemotaxis (GO:0050919),1/31,0.5008729834746023,0.7020604580083337,0,0,1.4726244343891404,1.018176563094859,SEMA3C
GO_Biological_Process_2023,Negative Regulation Of Chemotaxis (GO:0050922),1/31,0.5008729834746023,0.7020604580083337,0,0,1.4726244343891404,1.018176563094859,SEMA3C
GO_Biological_Process_2023,Negative Regulation Of Developmental Growth (GO:0048640),1/31,0.5008729834746023,0.7020604580083337,0,0,1.4726244343891404,1.018176563094859,PTCH1
GO_Biological_Process_2023,Negative Regulation Of Microtubule Polymerization Or Depolymerization (GO:0031111),1/31,0.5008729834746023,0.7020604580083337,0,0,1.4726244343891404,1.018176563094859,HDGFL3
GO_Biological_Process_2023,Non-Motile Cilium Assembly (GO:1905515),1/31,0.5008729834746023,0.7020604580083337,0,0,1.4726244343891404,1.018176563094859,PIBF1
GO_Biological_Process_2023,Phospholipid Translocation (GO:0045332),1/31,0.5008729834746023,0.7020604580083337,0,0,1.4726244343891404,1.018176563094859,ATP8B4
GO_Biological_Process_2023,Positive Regulation Of Rho Protein Signal Transduction (GO:0035025),1/31,0.5008729834746023,0.7020604580083337,0,0,1.4726244343891404,1.018176563094859,LPAR1
GO_Biological_Process_2023,Positive Regulation Of Cholesterol Transport (GO:0032376),1/31,0.5008729834746023,0.7020604580083337,0,0,1.4726244343891404,1.018176563094859,PTCH1
GO_Biological_Process_2023,Positive Regulation Of Extrinsic Apoptotic Signaling Pathway (GO:2001238),1/31,0.5008729834746023,0.7020604580083337,0,0,1.4726244343891404,1.018176563094859,PMAIP1
GO_Biological_Process_2023,Presynaptic Endocytosis (GO:0140238),1/31,0.5008729834746023,0.7020604580083337,0,0,1.4726244343891404,1.018176563094859,FCHO2
GO_Biological_Process_2023,Peptidyl-Serine Modification (GO:0018209),4/166,0.5031816623819989,0.7048049765768766,0,0,1.090863072639838,0.7492091394864978,ROCK1;MAST3;NEK7;RICTOR
GO_Biological_Process_2023,Receptor-Mediated Endocytosis (GO:0006898),3/122,0.5093791747676402,0.7081975397193226,0,0,1.113712757830405,0.751268972637217,FCHO2;LILRB1;CXCL16
GO_Biological_Process_2023,Sphingolipid Biosynthetic Process (GO:0030148),2/77,0.5113373862566598,0.7081975397193226,0,0,1.1780498866213152,0.7901482872081246,B4GALT6;SGPP1
GO_Biological_Process_2023,Negative Regulation Of Blood Vessel Morphogenesis (GO:2000181),2/77,0.5113373862566598,0.7081975397193226,0,0,1.1780498866213152,0.7901482872081246,MINAR1;ROCK1
GO_Biological_Process_2023,Positive Regulation Of Response To Stimulus (GO:0048584),2/77,0.5113373862566598,0.7081975397193226,0,0,1.1780498866213152,0.7901482872081246,HOMER1;ILK
GO_Biological_Process_2023,Regulation Of Cholesterol Efflux (GO:0010874),1/32,0.5119457836876496,0.7081975397193226,0,0,1.4250474383301708,0.9541213465639572,PTCH1
GO_Biological_Process_2023,Regulation Of Metaphase/Anaphase Transition Of Cell Cycle (GO:1902099),1/32,0.5119457836876496,0.7081975397193226,0,0,1.4250474383301708,0.9541213465639572,HECW2
GO_Biological_Process_2023,Regulation Of Natural Killer Cell Mediated Cytotoxicity (GO:0042269),1/32,0.5119457836876496,0.7081975397193226,0,0,1.4250474383301708,0.9541213465639572,LILRB1
GO_Biological_Process_2023,Cellular Nitrogen Compound Biosynthetic Process (GO:0044271),1/32,0.5119457836876496,0.7081975397193226,0,0,1.4250474383301708,0.9541213465639572,CYP1B1
GO_Biological_Process_2023,Regulation Of Transcription By RNA Polymerase I (GO:0006356),1/32,0.5119457836876496,0.7081975397193226,0,0,1.4250474383301708,0.9541213465639572,DEK
GO_Biological_Process_2023,Regulation Of Transmembrane Transport (GO:0034762),1/32,0.5119457836876496,0.7081975397193226,0,0,1.4250474383301708,0.9541213465639572,BCL2
GO_Biological_Process_2023,Regulation Of Ubiquitin-Protein Transferase Activity (GO:0051438),1/32,0.5119457836876496,0.7081975397193226,0,0,1.4250474383301708,0.9541213465639572,ARRDC4
GO_Biological_Process_2023,Chromosome Condensation (GO:0030261),1/32,0.5119457836876496,0.7081975397193226,0,0,1.4250474383301708,0.9541213465639572,NCAPG
GO_Biological_Process_2023,Transition Metal Ion Transport (GO:0000041),1/32,0.5119457836876496,0.7081975397193226,0,0,1.4250474383301708,0.9541213465639572,SLC11A1
GO_Biological_Process_2023,Glycosphingolipid Metabolic Process (GO:0006687),1/32,0.5119457836876496,0.7081975397193226,0,0,1.4250474383301708,0.9541213465639572,B4GALT6
GO_Biological_Process_2023,Intracellular pH Reduction (GO:0051452),1/32,0.5119457836876496,0.7081975397193226,0,0,1.4250474383301708,0.9541213465639572,SLC11A1
GO_Biological_Process_2023,Mesenchymal Cell Migration (GO:0090497),1/32,0.5119457836876496,0.7081975397193226,0,0,1.4250474383301708,0.9541213465639572,SEMA3C
GO_Biological_Process_2023,Positive Regulation Of Synapse Assembly (GO:0051965),1/32,0.5119457836876496,0.7081975397193226,0,0,1.4250474383301708,0.9541213465639572,SLITRK4
GO_Biological_Process_2023,Positive Regulation Of Telomere Maintenance Via Telomerase (GO:0032212),1/32,0.5119457836876496,0.7081975397193226,0,0,1.4250474383301708,0.9541213465639572,NEK7
GO_Biological_Process_2023,Brain Development (GO:0007420),4/169,0.5172205679809007,0.7133568907843245,0,0,1.0708635328225304,0.7060051904595915,EGR2;NFIB;PTCH1;MDGA1
GO_Biological_Process_2023,Proteolysis Involved In Protein Catabolic Process (GO:0051603),2/78,0.5182377137183941,0.7133568907843245,0,0,1.1624895572263994,0.7641290716583986,PMAIP1;SOCS6
GO_Biological_Process_2023,Protein Dephosphorylation (GO:0006470),3/124,0.5202953156035104,0.7133568907843245,0,0,1.09519158527423,0.7155529657241633,PPM1B;CTDSP1;PTPN6
GO_Biological_Process_2023,Regulation Of Lamellipodium Assembly (GO:0010591),1/33,0.522773482649408,0.7133568907843245,0,0,1.380444004524887,0.8953656724743486,TWF1
GO_Biological_Process_2023,Signal Transduction By P53 Class Mediator (GO:0072331),1/33,0.522773482649408,0.7133568907843245,0,0,1.380444004524887,0.8953656724743486,PMAIP1
GO_Biological_Process_2023,Ventricular Cardiac Muscle Tissue Morphogenesis (GO:0055010),1/33,0.522773482649408,0.7133568907843245,0,0,1.380444004524887,0.8953656724743486,DSP
GO_Biological_Process_2023,Lung Development (GO:0030324),1/33,0.522773482649408,0.7133568907843245,0,0,1.380444004524887,0.8953656724743486,ERRFI1
GO_Biological_Process_2023,Negative Regulation Of Blood Vessel Endothelial Cell Migration (GO:0043537),1/33,0.522773482649408,0.7133568907843245,0,0,1.380444004524887,0.8953656724743486,PDCD10
GO_Biological_Process_2023,Negative Regulation Of Endocytosis (GO:0045806),1/33,0.522773482649408,0.7133568907843245,0,0,1.380444004524887,0.8953656724743486,LILRB1
GO_Biological_Process_2023,Phosphatidic Acid Metabolic Process (GO:0046473),1/33,0.522773482649408,0.7133568907843245,0,0,1.380444004524887,0.8953656724743486,DGKH
GO_Biological_Process_2023,Positive Regulation Of Notch Signaling Pathway (GO:0045747),1/33,0.522773482649408,0.7133568907843245,0,0,1.380444004524887,0.8953656724743486,PDCD10
GO_Biological_Process_2023,Positive Regulation Of T Cell Mediated Cytotoxicity (GO:0001916),1/33,0.522773482649408,0.7133568907843245,0,0,1.380444004524887,0.8953656724743486,HLA-C
GO_Biological_Process_2023,Positive Regulation Of Cytokine Production Involved In Immune Response (GO:0002720),1/33,0.522773482649408,0.7133568907843245,0,0,1.380444004524887,0.8953656724743486,LACC1
GO_Biological_Process_2023,Positive Regulation Of Establishment Of Protein Localization To Mitochondrion (GO:1903749),1/33,0.522773482649408,0.7133568907843245,0,0,1.380444004524887,0.8953656724743486,ATG13
GO_Biological_Process_2023,Positive Regulation Of Interleukin-12 Production (GO:0032735),1/33,0.522773482649408,0.7133568907843245,0,0,1.380444004524887,0.8953656724743486,IFNG
GO_Biological_Process_2023,Positive Regulation Of Nitrogen Compound Metabolic Process (GO:0051173),1/33,0.522773482649408,0.7133568907843245,0,0,1.380444004524887,0.8953656724743486,IFNG
GO_Biological_Process_2023,Positive Regulation Of Reproductive Process (GO:2000243),1/33,0.522773482649408,0.7133568907843245,0,0,1.380444004524887,0.8953656724743486,INHBB
GO_Biological_Process_2023,Positive Regulation Of Telomerase Activity (GO:0051973),1/33,0.522773482649408,0.7133568907843245,0,0,1.380444004524887,0.8953656724743486,NEK7
GO_Biological_Process_2023,Regulation Of G0 To G1 Transition (GO:0070316),1/33,0.522773482649408,0.7133568907843245,0,0,1.380444004524887,0.8953656724743486,RRM2B
GO_Biological_Process_2023,Regulation Of Cell Adhesion Mediated By Integrin (GO:0033628),1/33,0.522773482649408,0.7133568907843245,0,0,1.380444004524887,0.8953656724743486,CYP1B1
GO_Biological_Process_2023,Regulation Of Neuron Differentiation (GO:0045664),2/79,0.5250729240344986,0.7145542161877739,0,0,1.1473333922313511,0.7391329645290438,ROCK1;ECT2
GO_Biological_Process_2023,Response To Insulin (GO:0032868),2/79,0.5250729240344986,0.7145542161877739,0,0,1.1473333922313511,0.7391329645290438,INHBB;SORBS1
GO_Biological_Process_2023,Positive Regulation Of Cytoskeleton Organization (GO:0051495),2/79,0.5250729240344986,0.7145542161877739,0,0,1.1473333922313511,0.7391329645290438,TENM1;FES
GO_Biological_Process_2023,Protein Import Into Nucleus (GO:0006606),2/79,0.5250729240344986,0.7145542161877739,0,0,1.1473333922313511,0.7391329645290438,E2F3;RANBP6
GO_Biological_Process_2023,Cell-Cell Adhesion Via Plasma-Membrane Adhesion Molecules (GO:0098742),4/172,0.5310723161692168,0.7161366749749485,0,0,1.0515782622844123,0.6654987467471741,TENM1;ALCAM;VCAM1;CEACAM6
GO_Biological_Process_2023,Positive Regulation Of Immune Response (GO:0050778),2/80,0.5318425111465065,0.7161366749749485,0,0,1.1325658468515611,0.7151109834978372,IFNG;LILRB1
GO_Biological_Process_2023,Positive Regulation Of MAPK Cascade (GO:0043410),7/310,0.5326983236987474,0.7161366749749485,0,0,1.0202107366699973,0.6425287340603916,TENM1;GPNMB;ROCK1;PDCD10;PDGFC;LPAR1;TPD52L1
GO_Biological_Process_2023,Regulation Of Phosphatidylinositol 3-Kinase Activity (GO:0043551),1/34,0.533361493749999,0.7161366749749485,0,0,1.3385438091320443,0.8413495551435684,FGR
GO_Biological_Process_2023,Cellular Response To Amyloid-Beta (GO:1904646),1/34,0.533361493749999,0.7161366749749485,0,0,1.3385438091320443,0.8413495551435684,VCAM1
GO_Biological_Process_2023,Semaphorin-Plexin Signaling Pathway (GO:0071526),1/34,0.533361493749999,0.7161366749749485,0,0,1.3385438091320443,0.8413495551435684,SEMA3C
GO_Biological_Process_2023,Embryonic Limb Morphogenesis (GO:0030326),1/34,0.533361493749999,0.7161366749749485,0,0,1.3385438091320443,0.8413495551435684,PTCH1
GO_Biological_Process_2023,Embryonic Skeletal System Development (GO:0048706),1/34,0.533361493749999,0.7161366749749485,0,0,1.3385438091320443,0.8413495551435684,HOXA4
GO_Biological_Process_2023,Smoothened Signaling Pathway (GO:0007224),1/34,0.533361493749999,0.7161366749749485,0,0,1.3385438091320443,0.8413495551435684,PTCH1
GO_Biological_Process_2023,Transcription Initiation-Coupled Chromatin Remodeling (GO:0045815),1/34,0.533361493749999,0.7161366749749485,0,0,1.3385438091320443,0.8413495551435684,SPI1
GO_Biological_Process_2023,Inner Mitochondrial Membrane Organization (GO:0007007),1/34,0.533361493749999,0.7161366749749485,0,0,1.3385438091320443,0.8413495551435684,APOOL
GO_Biological_Process_2023,Microtubule Polymerization (GO:0046785),1/34,0.533361493749999,0.7161366749749485,0,0,1.3385438091320443,0.8413495551435684,HDGFL3
GO_Biological_Process_2023,"Mitochondrial Electron Transport, NADH To Ubiquinone (GO:0006120)",1/34,0.533361493749999,0.7161366749749485,0,0,1.3385438091320443,0.8413495551435684,NDUFA5
GO_Biological_Process_2023,Negative Regulation Of Interleukin-6 Production (GO:0032715),1/34,0.533361493749999,0.7161366749749485,0,0,1.3385438091320443,0.8413495551435684,PTPN6
GO_Biological_Process_2023,Organophosphate Biosynthetic Process (GO:0090407),1/34,0.533361493749999,0.7161366749749485,0,0,1.3385438091320443,0.8413495551435684,IPMK
GO_Biological_Process_2023,Positive Regulation Of Organelle Organization (GO:0010638),1/34,0.533361493749999,0.7161366749749485,0,0,1.3385438091320443,0.8413495551435684,LIG4
GO_Biological_Process_2023,Positive Regulation Of Transcription By RNA Polymerase I (GO:0045943),1/34,0.533361493749999,0.7161366749749485,0,0,1.3385438091320443,0.8413495551435684,DEK
GO_Biological_Process_2023,Protein Targeting To Vacuole (GO:0006623),1/34,0.533361493749999,0.7161366749749485,0,0,1.3385438091320443,0.8413495551435684,SNX16
GO_Biological_Process_2023,Purine Nucleotide Metabolic Process (GO:0006163),1/34,0.533361493749999,0.7161366749749485,0,0,1.3385438091320443,0.8413495551435684,AMPD2
GO_Biological_Process_2023,Regulation Of T Cell Receptor Signaling Pathway (GO:0050856),1/34,0.533361493749999,0.7161366749749485,0,0,1.3385438091320443,0.8413495551435684,IKBKG
GO_Biological_Process_2023,Regulation Of Anatomical Structure Morphogenesis (GO:0022603),3/127,0.5364190825258115,0.7194650253675375,0,0,1.0685300586510265,0.6655227841280169,GPNMB;PDCD10;HECW2
GO_Biological_Process_2023,Regulation Of Interleukin-8 Production (GO:0032677),2/81,0.538546023232205,0.7194650253675375,0,0,1.11817216338012,0.6920169831077844,LILRA2;MYD88
GO_Biological_Process_2023,Cellular Response To Interleukin-1 (GO:0071347),2/81,0.538546023232205,0.7194650253675375,0,0,1.11817216338012,0.6920169831077844,UPF1;MYD88
GO_Biological_Process_2023,Spindle Assembly (GO:0051225),2/81,0.538546023232205,0.7194650253675375,0,0,1.11817216338012,0.6920169831077844,NEK7;PIBF1
GO_Biological_Process_2023,Macromolecule Modification (GO:0043412),2/81,0.538546023232205,0.7194650253675375,0,0,1.11817216338012,0.6920169831077844,PPP4R2;PHEX
GO_Biological_Process_2023,Positive Regulation Of Signal Transduction (GO:0009967),6/266,0.5393998145900982,0.7194650253675375,0,0,1.0190283400809717,0.6290443723196678,HOMER1;PDCD10;ILK;SORBS1;TPD52L1;SASH1
GO_Biological_Process_2023,Negative Regulation Of Signal Transduction (GO:0009968),6/267,0.5430731339377448,0.7194650253675375,0,0,1.01507141166259,0.6197125500221824,MGRN1;PTCH1;PALM;BCL2;LILRA2;CXXC4
GO_Biological_Process_2023,Regulation Of Regulated Secretory Pathway (GO:1903305),1/35,0.5437151112105918,0.7194650253675375,0,0,1.2991083311152516,0.7915855000288293,RAB3D
GO_Biological_Process_2023,Regulatory ncRNA Processing (GO:0070918),1/35,0.5437151112105918,0.7194650253675375,0,0,1.2991083311152516,0.7915855000288293,TSNAX
GO_Biological_Process_2023,Response To Exogenous dsRNA (GO:0043330),1/35,0.5437151112105918,0.7194650253675375,0,0,1.2991083311152516,0.7915855000288293,COLEC12
GO_Biological_Process_2023,Response To Nutrient Levels (GO:0031667),1/35,0.5437151112105918,0.7194650253675375,0,0,1.2991083311152516,0.7915855000288293,RICTOR
GO_Biological_Process_2023,Endoderm Formation (GO:0001706),1/35,0.5437151112105918,0.7194650253675375,0,0,1.2991083311152516,0.7915855000288293,MMP9
GO_Biological_Process_2023,Glutamate Receptor Signaling Pathway (GO:0007215),1/35,0.5437151112105918,0.7194650253675375,0,0,1.2991083311152516,0.7915855000288293,HOMER1
GO_Biological_Process_2023,Hexose Biosynthetic Process (GO:0019319),1/35,0.5437151112105918,0.7194650253675375,0,0,1.2991083311152516,0.7915855000288293,CHST15
GO_Biological_Process_2023,Intrinsic Apoptotic Signaling Pathway By P53 Class Mediator (GO:0072332),1/35,0.5437151112105918,0.7194650253675375,0,0,1.2991083311152516,0.7915855000288293,PMAIP1
GO_Biological_Process_2023,Negative Regulation Of Cell Cycle G1/S Phase Transition (GO:1902807),1/35,0.5437151112105918,0.7194650253675375,0,0,1.2991083311152516,0.7915855000288293,GPNMB
GO_Biological_Process_2023,Neutral Amino Acid Transport (GO:0015804),1/35,0.5437151112105918,0.7194650253675375,0,0,1.2991083311152516,0.7915855000288293,SLC6A20
GO_Biological_Process_2023,Platelet Aggregation (GO:0070527),1/35,0.5437151112105918,0.7194650253675375,0,0,1.2991083311152516,0.7915855000288293,ILK
GO_Biological_Process_2023,Positive Regulation Of Substrate Adhesion-Dependent Cell Spreading (GO:1900026),1/35,0.5437151112105918,0.7194650253675375,0,0,1.2991083311152516,0.7915855000288293,ILK
GO_Biological_Process_2023,Positive Regulation Of Telomere Maintenance Via Telomere Lengthening (GO:1904358),1/35,0.5437151112105918,0.7194650253675375,0,0,1.2991083311152516,0.7915855000288293,NEK7
GO_Biological_Process_2023,Regulation Of Axon Extension (GO:0030516),1/35,0.5437151112105918,0.7194650253675375,0,0,1.2991083311152516,0.7915855000288293,SHTN1
GO_Biological_Process_2023,Regulation Of Cardiac Muscle Contraction (GO:0055117),1/35,0.5437151112105918,0.7194650253675375,0,0,1.2991083311152516,0.7915855000288293,ASB3
GO_Biological_Process_2023,Cellular Response To Organic Substance (GO:0071310),2/82,0.545183060407674,0.720458876672863,0,0,1.1041383219954648,0.6698074604446105,GNRHR;CYP1B1
GO_Biological_Process_2023,Sodium Ion Transmembrane Transport (GO:0035725),2/82,0.545183060407674,0.720458876672863,0,0,1.1041383219954648,0.6698074604446105,SCN9A;SLC6A20
GO_Biological_Process_2023,Chromatin Organization (GO:0006325),6/268,0.5467336543341496,0.7219049462678966,0,0,1.0111446888046536,0.6105226067603243,KDM6B;PCGF6;NAP1L2;DEK;JARID2;HDGFL3
GO_Biological_Process_2023,Regulation Of DNA Repair (GO:0006282),3/129,0.546995638391048,0.7219049462678966,0,0,1.051461038961039,0.6343616387146662,PPP4C;PPP4R2;DEK
GO_Biological_Process_2023,Positive Regulation Of Hydrolase Activity (GO:0051345),4/176,0.5492320631697192,0.7243808707159682,0,0,1.0269110557821688,0.6153602508625494,PREX1;ROCK1;RASGRF1;ECT2
GO_Biological_Process_2023,Vascular Transport (GO:0010232),2/83,0.5517532729329758,0.7252230747418494,0,0,1.0904509952129,0.6484413753689278,LEPR;SLC6A20
GO_Biological_Process_2023,Golgi Organization (GO:0007030),3/130,0.5522308104505671,0.7252230747418494,0,0,1.043128131710809,0.619398203413683,ATP8B4;PDCD10;LYSMD3
GO_Biological_Process_2023,Regulation Of Cell Cycle Process (GO:0010564),3/130,0.5522308104505671,0.7252230747418494,0,0,1.043128131710809,0.619398203413683,TIPIN;KIF20B;ECT2
GO_Biological_Process_2023,Regulation Of Erythrocyte Differentiation (GO:0045646),1/36,0.5538395123028552,0.7252230747418494,0,0,1.2619263089851325,0.7456474252910963,SPI1
GO_Biological_Process_2023,Blood Vessel Diameter Maintenance (GO:0097746),1/36,0.5538395123028552,0.7252230747418494,0,0,1.2619263089851325,0.7456474252910963,ROCK1
GO_Biological_Process_2023,Regulation Of Peptidyl-Threonine Phosphorylation (GO:0010799),1/36,0.5538395123028552,0.7252230747418494,0,0,1.2619263089851325,0.7456474252910963,STOX1
GO_Biological_Process_2023,Substrate Adhesion-Dependent Cell Spreading (GO:0034446),1/36,0.5538395123028552,0.7252230747418494,0,0,1.2619263089851325,0.7456474252910963,ILK
GO_Biological_Process_2023,Neural Crest Cell Migration (GO:0001755),1/36,0.5538395123028552,0.7252230747418494,0,0,1.2619263089851325,0.7456474252910963,SEMA3C
GO_Biological_Process_2023,Positive Regulation Of Myeloid Cell Differentiation (GO:0045639),1/36,0.5538395123028552,0.7252230747418494,0,0,1.2619263089851325,0.7456474252910963,FES
GO_Biological_Process_2023,Positive Regulation Of Phospholipase C Activity (GO:0010863),1/36,0.5538395123028552,0.7252230747418494,0,0,1.2619263089851325,0.7456474252910963,LPAR1
GO_Biological_Process_2023,Protein Destabilization (GO:0031648),1/36,0.5538395123028552,0.7252230747418494,0,0,1.2619263089851325,0.7456474252910963,FBXL3
GO_Biological_Process_2023,Positive Regulation Of Macromolecule Metabolic Process (GO:0010604),8/364,0.5587308656555535,0.7257231749112526,0,0,0.9919152783158982,0.5773813641010647,TYROBP;IFNG;ROCK1;PDCD10;SLC11A1;LILRB1;MYD88;STOX1
GO_Biological_Process_2023,Protein Polyubiquitination (GO:0000209),5/226,0.5635078047642761,0.7257231749112526,0,0,0.9987809665488956,0.5728748890762722,ARRDC4;IFI27;BCL2;RNF19B;SASH1
GO_Biological_Process_2023,Regulation Of Defense Response To Virus By Host (GO:0050691),1/37,0.5637397605061573,0.7257231749112526,0,0,1.2268099547511313,0.7031615238857056,LILRB1
GO_Biological_Process_2023,RNA Stabilization (GO:0043489),1/37,0.5637397605061573,0.7257231749112526,0,0,1.2268099547511313,0.7031615238857056,SLC11A1
GO_Biological_Process_2023,Regulation Of Ossification (GO:0030278),1/37,0.5637397605061573,0.7257231749112526,0,0,1.2268099547511313,0.7031615238857056,SMAD6
GO_Biological_Process_2023,Calcium Ion Import Across Plasma Membrane (GO:0098703),1/37,0.5637397605061573,0.7257231749112526,0,0,1.2268099547511313,0.7031615238857056,SCN9A
GO_Biological_Process_2023,Regulation Of Sodium Ion Transmembrane Transporter Activity (GO:2000649),1/37,0.5637397605061573,0.7257231749112526,0,0,1.2268099547511313,0.7031615238857056,HECW2
GO_Biological_Process_2023,Regulation Of Vascular Associated Smooth Muscle Cell Proliferation (GO:1904705),1/37,0.5637397605061573,0.7257231749112526,0,0,1.2268099547511313,0.7031615238857056,MMP9
GO_Biological_Process_2023,Spliceosomal snRNP Assembly (GO:0000387),1/37,0.5637397605061573,0.7257231749112526,0,0,1.2268099547511313,0.7031615238857056,GEMIN2
GO_Biological_Process_2023,Mitochondrion Disassembly (GO:0061726),1/37,0.5637397605061573,0.7257231749112526,0,0,1.2268099547511313,0.7031615238857056,RB1CC1
GO_Biological_Process_2023,Muscle Cell Differentiation (GO:0042692),1/37,0.5637397605061573,0.7257231749112526,0,0,1.2268099547511313,0.7031615238857056,NINJ1
GO_Biological_Process_2023,Muscle Tissue Development (GO:0060537),1/37,0.5637397605061573,0.7257231749112526,0,0,1.2268099547511313,0.7031615238857056,PTCH1
GO_Biological_Process_2023,Negative Regulation Of Endothelial Cell Proliferation (GO:0001937),1/37,0.5637397605061573,0.7257231749112526,0,0,1.2268099547511313,0.7031615238857056,PDCD10
GO_Biological_Process_2023,Negative Regulation Of Smooth Muscle Cell Proliferation (GO:0048662),1/37,0.5637397605061573,0.7257231749112526,0,0,1.2268099547511313,0.7031615238857056,IFNG
GO_Biological_Process_2023,Positive Regulation Of Receptor Signaling Pathway Via STAT (GO:1904894),1/37,0.5637397605061573,0.7257231749112526,0,0,1.2268099547511313,0.7031615238857056,CYP1B1
GO_Biological_Process_2023,Protein Acylation (GO:0043543),1/37,0.5637397605061573,0.7257231749112526,0,0,1.2268099547511313,0.7031615238857056,ZDHHC17
GO_Biological_Process_2023,Regulation Of Cellular Component Biogenesis (GO:0044087),1/37,0.5637397605061573,0.7257231749112526,0,0,1.2268099547511313,0.7031615238857056,ROCK1
GO_Biological_Process_2023,Regulation Of Kinase Activity (GO:0043549),2/85,0.5646920624682582,0.7257231749112526,0,0,1.064065786957353,0.6080866961673255,FGR;ECT2
GO_Biological_Process_2023,Regulation Of Osteoblast Differentiation (GO:0045667),2/85,0.5646920624682582,0.7257231749112526,0,0,1.064065786957353,0.6080866961673255,PTCH1;SMAD6
GO_Biological_Process_2023,Calcium-Mediated Signaling (GO:0019722),2/85,0.5646920624682582,0.7257231749112526,0,0,1.064065786957353,0.6080866961673255,LAT2;VCAM1
GO_Biological_Process_2023,Response To Interleukin-1 (GO:0070555),2/85,0.5646920624682582,0.7257231749112526,0,0,1.064065786957353,0.6080866961673255,UPF1;MYD88
GO_Biological_Process_2023,Defense Response To Gram-positive Bacterium (GO:0050830),2/85,0.5646920624682582,0.7257231749112526,0,0,1.064065786957353,0.6080866961673255,FGR;MYD88
GO_Biological_Process_2023,Establishment Of Protein Localization To Organelle (GO:0072594),2/85,0.5646920624682582,0.7257231749112526,0,0,1.064065786957353,0.6080866961673255,E2F3;RANBP6
GO_Biological_Process_2023,Transport Across Blood-Brain Barrier (GO:0150104),2/85,0.5646920624682582,0.7257231749112526,0,0,1.064065786957353,0.6080866961673255,LEPR;SLC6A20
GO_Biological_Process_2023,mRNA Metabolic Process (GO:0016071),2/85,0.5646920624682582,0.7257231749112526,0,0,1.064065786957353,0.6080866961673255,GEMIN2;DCP2
GO_Biological_Process_2023,Negative Regulation Of Cell Cycle (GO:0045786),2/85,0.5646920624682582,0.7257231749112526,0,0,1.064065786957353,0.6080866961673255,LILRB1;NUDT6
GO_Biological_Process_2023,Nuclear-Transcribed mRNA Catabolic Process (GO:0000956),2/85,0.5646920624682582,0.7257231749112526,0,0,1.064065786957353,0.6080866961673255,UPF1;DCP2
GO_Biological_Process_2023,Positive Regulation Of Canonical Wnt Signaling Pathway (GO:0090263),2/85,0.5646920624682582,0.7257231749112526,0,0,1.064065786957353,0.6080866961673255,PPM1B;ILK
GO_Biological_Process_2023,Positive Regulation Of Endothelial Cell Migration (GO:0010595),2/85,0.5646920624682582,0.7257231749112526,0,0,1.064065786957353,0.6080866961673255,GRN;SASH1
GO_Biological_Process_2023,Negative Regulation Of Cell Motility (GO:2000146),3/133,0.5677192124859156,0.7291473591672143,0,0,1.0188986013986014,0.5768273602911499,TCAF1;BRMS1;CYP1B1
GO_Biological_Process_2023,Regulation Of Mitotic Cell Cycle Phase Transition (GO:1901990),2/86,0.57106017190432,0.7299403565551396,0,0,1.0513443472627146,0.5890269146930154,HECW2;PTPN6
GO_Biological_Process_2023,Negative Regulation Of Angiogenesis (GO:0016525),2/86,0.57106017190432,0.7299403565551396,0,0,1.0513443472627146,0.5890269146930154,MINAR1;ROCK1
GO_Biological_Process_2023,Negative Regulation Of Binding (GO:0051100),2/86,0.57106017190432,0.7299403565551396,0,0,1.0513443472627146,0.5890269146930154,ROCK1;GEMIN2
GO_Biological_Process_2023,Chromatin Remodeling (GO:0006338),5/228,0.5713498427171768,0.7299403565551396,0,0,0.9897209083277024,0.55399981438485,KDM6B;PCGF6;DEK;JARID2;HDGFL3
GO_Biological_Process_2023,Regulation Of Telomere Maintenance (GO:0032204),1/38,0.5734208074629679,0.7299403565551396,0,0,1.193591781827076,0.6637986887665684,UPF1
GO_Biological_Process_2023,Response To Peptide (GO:1901652),1/38,0.5734208074629679,0.7299403565551396,0,0,1.193591781827076,0.6637986887665684,MMP9
GO_Biological_Process_2023,Response To Transforming Growth Factor Beta (GO:0071559),1/38,0.5734208074629679,0.7299403565551396,0,0,1.193591781827076,0.6637986887665684,ROCK1
GO_Biological_Process_2023,Tumor Necrosis Factor-Mediated Signaling Pathway (GO:0033209),1/38,0.5734208074629679,0.7299403565551396,0,0,1.193591781827076,0.6637986887665684,ILK
GO_Biological_Process_2023,Import Into Cell (GO:0098657),1/38,0.5734208074629679,0.7299403565551396,0,0,1.193591781827076,0.6637986887665684,SLC6A20
GO_Biological_Process_2023,Lymphocyte Proliferation (GO:0046651),1/38,0.5734208074629679,0.7299403565551396,0,0,1.193591781827076,0.6637986887665684,TNFSF14
GO_Biological_Process_2023,Positive Regulation Of Axonogenesis (GO:0050772),1/38,0.5734208074629679,0.7299403565551396,0,0,1.193591781827076,0.6637986887665684,SHTN1
GO_Biological_Process_2023,Positive Regulation Of Bone Mineralization (GO:0030501),1/38,0.5734208074629679,0.7299403565551396,0,0,1.193591781827076,0.6637986887665684,KL
GO_Biological_Process_2023,Positive Regulation Of Production Of Molecular Mediator Of Immune Response (GO:0002702),1/38,0.5734208074629679,0.7299403565551396,0,0,1.193591781827076,0.6637986887665684,LACC1
GO_Biological_Process_2023,Positive Regulation Of Protein Tyrosine Kinase Activity (GO:0061098),1/38,0.5734208074629679,0.7299403565551396,0,0,1.193591781827076,0.6637986887665684,NCF1
GO_Biological_Process_2023,Regulation Of Type II Interferon Production (GO:0032649),2/87,0.577360517852343,0.7340257058084816,0,0,1.038922235560891,0.5706679255214523,SLC11A1;LILRB1
GO_Biological_Process_2023,Glucose Homeostasis (GO:0042593),2/87,0.577360517852343,0.7340257058084816,0,0,1.038922235560891,0.5706679255214523,LEPR;PDK4
GO_Biological_Process_2023,Regulation Of Protein Targeting To Mitochondrion (GO:1903214),1/39,0.5828874958204581,0.7363946364545071,0,0,1.1621219337937605,0.627268196854411,ATG13
GO_Biological_Process_2023,Fibroblast Growth Factor Receptor Signaling Pathway (GO:0008543),1/39,0.5828874958204581,0.7363946364545071,0,0,1.1621219337937605,0.627268196854411,KL
GO_Biological_Process_2023,Negative Regulation Of Cell-Substrate Adhesion (GO:0010812),1/39,0.5828874958204581,0.7363946364545071,0,0,1.1621219337937605,0.627268196854411,FZD7
GO_Biological_Process_2023,Negative Regulation Of Transport (GO:0051051),1/39,0.5828874958204581,0.7363946364545071,0,0,1.1621219337937605,0.627268196854411,LILRB1
GO_Biological_Process_2023,Neuron Projection Extension (GO:1990138),1/39,0.5828874958204581,0.7363946364545071,0,0,1.1621219337937605,0.627268196854411,S100B
GO_Biological_Process_2023,"Nuclear-Transcribed mRNA Catabolic Process, Deadenylation-Dependent Decay (GO:0000288)",1/39,0.5828874958204581,0.7363946364545071,0,0,1.1621219337937605,0.627268196854411,DCP2
GO_Biological_Process_2023,Organelle Transport Along Microtubule (GO:0072384),1/39,0.5828874958204581,0.7363946364545071,0,0,1.1621219337937605,0.627268196854411,BICDL2
GO_Biological_Process_2023,Positive Regulation Of Lipid Biosynthetic Process (GO:0046889),1/39,0.5828874958204581,0.7363946364545071,0,0,1.1621219337937605,0.627268196854411,SORBS1
GO_Biological_Process_2023,Positive Regulation Of Lymphocyte Differentiation (GO:0045621),1/39,0.5828874958204581,0.7363946364545071,0,0,1.1621219337937605,0.627268196854411,SPI1
GO_Biological_Process_2023,Positive Regulation Of Pattern Recognition Receptor Signaling Pathway (GO:0062208),1/39,0.5828874958204581,0.7363946364545071,0,0,1.1621219337937605,0.627268196854411,NINJ1
GO_Biological_Process_2023,Regulation Of Endothelial Cell Migration (GO:0010594),2/88,0.5835929716066214,0.7368227845033348,0,0,1.0267890101777144,0.5529787673390112,GRN;SASH1
GO_Biological_Process_2023,Protein Localization To Organelle (GO:0033365),3/137,0.5878511426238596,0.7397206763481821,0,0,0.9882801899592945,0.5250550034213355,DNAAF11;SNX10;WASHC2A
GO_Biological_Process_2023,Cellular Response To Chemical Stress (GO:0062197),2/89,0.5897574430312258,0.7397206763481821,0,0,1.0149347095159904,0.5359301229764527,ETV5;STOX1
GO_Biological_Process_2023,Cellular Response To Peptide Hormone Stimulus (GO:0071375),2/89,0.5897574430312258,0.7397206763481821,0,0,1.0149347095159904,0.5359301229764527,INHBB;SORBS1
GO_Biological_Process_2023,Regulation Of Vesicle-Mediated Transport (GO:0060627),2/89,0.5897574430312258,0.7397206763481821,0,0,1.0149347095159904,0.5359301229764527,FES;RAB3D
GO_Biological_Process_2023,Sodium Ion Transport (GO:0006814),2/89,0.5897574430312258,0.7397206763481821,0,0,1.0149347095159904,0.5359301229764527,SCN9A;SLC6A20
GO_Biological_Process_2023,Organic Anion Transport (GO:0015711),2/89,0.5897574430312258,0.7397206763481821,0,0,1.0149347095159904,0.5359301229764527,CA4;SLCO4C1
GO_Biological_Process_2023,Regulation Of Cytokine-Mediated Signaling Pathway (GO:0001959),1/40,0.5921445613155348,0.7397206763481821,0,0,1.1322659241211277,0.5933124196176542,PTPN6
GO_Biological_Process_2023,L-alpha-amino Acid Transmembrane Transport (GO:1902475),1/40,0.5921445613155348,0.7397206763481821,0,0,1.1322659241211277,0.5933124196176542,SLC6A20
GO_Biological_Process_2023,Regulation Of Glycolytic Process (GO:0006110),1/40,0.5921445613155348,0.7397206763481821,0,0,1.1322659241211277,0.5933124196176542,IFNG
GO_Biological_Process_2023,Regulation Of Microtubule Polymerization (GO:0031113),1/40,0.5921445613155348,0.7397206763481821,0,0,1.1322659241211277,0.5933124196176542,FES
GO_Biological_Process_2023,Regulation Of Small Molecule Metabolic Process (GO:0062012),1/40,0.5921445613155348,0.7397206763481821,0,0,1.1322659241211277,0.5933124196176542,PDK4
GO_Biological_Process_2023,Endothelial Cell Migration (GO:0043542),1/40,0.5921445613155348,0.7397206763481821,0,0,1.1322659241211277,0.5933124196176542,CYP1B1
GO_Biological_Process_2023,Synaptic Vesicle Endocytosis (GO:0048488),1/40,0.5921445613155348,0.7397206763481821,0,0,1.1322659241211277,0.5933124196176542,FCHO2
GO_Biological_Process_2023,Water-Soluble Vitamin Metabolic Process (GO:0006767),1/40,0.5921445613155348,0.7397206763481821,0,0,1.1322659241211277,0.5933124196176542,SLC19A2
GO_Biological_Process_2023,Negative Regulation Of Protein Localization (GO:1903828),1/40,0.5921445613155348,0.7397206763481821,0,0,1.1322659241211277,0.5933124196176542,SPI1
GO_Biological_Process_2023,Positive Regulation Of Monoatomic Ion Transport (GO:0043270),1/40,0.5921445613155348,0.7397206763481821,0,0,1.1322659241211277,0.5933124196176542,LILRA2
GO_Biological_Process_2023,Positive Regulation Of Stem Cell Population Maintenance (GO:1902459),1/40,0.5921445613155348,0.7397206763481821,0,0,1.1322659241211277,0.5933124196176542,BRMS1
GO_Biological_Process_2023,Regulation Of Apoptotic Process (GO:0042981),15/705,0.600489546398631,0.7440918949451142,0,0,0.9582994717594474,0.4887423574589312,BCL2A1;PLAUR;LILRB1;SMAD6;MMP9;BRMS1;PDCD10;RPS6KA1;BCL2;CYP1B1;PMAIP1;RICTOR;PTPN6;ECT2;CTSD
GO_Biological_Process_2023,Regulation Of Chemokine Production (GO:0032642),1/41,0.6011966355178435,0.7440918949451142,0,0,1.1039027149321268,0.5617023701318465,IFNG
GO_Biological_Process_2023,DNA Duplex Unwinding (GO:0032508),1/41,0.6011966355178435,0.7440918949451142,0,0,1.1039027149321268,0.5617023701318465,UPF1
GO_Biological_Process_2023,Regulation Of Dendrite Development (GO:0050773),1/41,0.6011966355178435,0.7440918949451142,0,0,1.1039027149321268,0.5617023701318465,HECW2
GO_Biological_Process_2023,Cellular Response To Retinoic Acid (GO:0071300),1/41,0.6011966355178435,0.7440918949451142,0,0,1.1039027149321268,0.5617023701318465,FZD7
GO_Biological_Process_2023,Response To Amino Acid Starvation (GO:1990928),1/41,0.6011966355178435,0.7440918949451142,0,0,1.1039027149321268,0.5617023701318465,TFEB
GO_Biological_Process_2023,Detection Of Chemical Stimulus Involved In Sensory Perception Of Bitter Taste (GO:0001580),1/41,0.6011966355178435,0.7440918949451142,0,0,1.1039027149321268,0.5617023701318465,TAS2R40
GO_Biological_Process_2023,Double-Strand Break Repair Via Nonhomologous End Joining (GO:0006303),1/41,0.6011966355178435,0.7440918949451142,0,0,1.1039027149321268,0.5617023701318465,LIG4
GO_Biological_Process_2023,Stem Cell Differentiation (GO:0048863),1/41,0.6011966355178435,0.7440918949451142,0,0,1.1039027149321268,0.5617023701318465,JARID2
GO_Biological_Process_2023,Negative Regulation Of mRNA Catabolic Process (GO:1902373),1/41,0.6011966355178435,0.7440918949451142,0,0,1.1039027149321268,0.5617023701318465,SLC11A1
GO_Biological_Process_2023,Non-Canonical Wnt Signaling Pathway (GO:0035567),1/41,0.6011966355178435,0.7440918949451142,0,0,1.1039027149321268,0.5617023701318465,FZD7
GO_Biological_Process_2023,Positive Regulation Of Actin Filament Polymerization (GO:0030838),1/41,0.6011966355178435,0.7440918949451142,0,0,1.1039027149321268,0.5617023701318465,TENM1
GO_Biological_Process_2023,Positive Regulation Of Ossification (GO:0045778),1/41,0.6011966355178435,0.7440918949451142,0,0,1.1039027149321268,0.5617023701318465,KL
GO_Biological_Process_2023,Protein Localization To Lysosome (GO:0061462),1/41,0.6011966355178435,0.7440918949451142,0,0,1.1039027149321268,0.5617023701318465,SNX16
GO_Biological_Process_2023,Regulation Of Amide Metabolic Process (GO:0034248),1/41,0.6011966355178435,0.7440918949451142,0,0,1.1039027149321268,0.5617023701318465,ROCK1
GO_Biological_Process_2023,Positive Regulation Of Binding (GO:0051099),2/91,0.6018822638879144,0.7444820617936665,0,0,0.9920252745292872,0.5036447120281147,PLAUR;MMP9
GO_Biological_Process_2023,Endocytosis (GO:0006897),4/189,0.6055736084248042,0.7467454521073701,0,0,0.9541094625377086,0.4785614199318915,SLC11A1;ADORA1;MYD88;CXCL16
GO_Biological_Process_2023,Steroid Metabolic Process (GO:0008202),2/92,0.60784261306411,0.7467454521073701,0,0,0.9809523809523808,0.4883566374633233,CYP51A1;CYP1B1
GO_Biological_Process_2023,DNA Integrity Checkpoint Signaling (GO:0031570),1/42,0.6100482477309247,0.7467454521073701,0,0,1.0769230769230769,0.5322339403249466,TIPIN
GO_Biological_Process_2023,DNA Recombination (GO:0006310),1/42,0.6100482477309247,0.7467454521073701,0,0,1.0769230769230769,0.5322339403249466,LIG4
GO_Biological_Process_2023,Amino Acid Transmembrane Transport (GO:0003333),1/42,0.6100482477309247,0.7467454521073701,0,0,1.0769230769230769,0.5322339403249466,SLC6A20
GO_Biological_Process_2023,Regulation Of Osteoclast Differentiation (GO:0045670),1/42,0.6100482477309247,0.7467454521073701,0,0,1.0769230769230769,0.5322339403249466,IFNG
GO_Biological_Process_2023,Cellular Response To Amino Acid Starvation (GO:0034198),1/42,0.6100482477309247,0.7467454521073701,0,0,1.0769230769230769,0.5322339403249466,TFEB
GO_Biological_Process_2023,Ceramide Biosynthetic Process (GO:0046513),1/42,0.6100482477309247,0.7467454521073701,0,0,1.0769230769230769,0.5322339403249466,B4GALT6
GO_Biological_Process_2023,Collagen Fibril Organization (GO:0030199),1/42,0.6100482477309247,0.7467454521073701,0,0,1.0769230769230769,0.5322339403249466,CYP1B1
GO_Biological_Process_2023,Sensory Perception Of Bitter Taste (GO:0050913),1/42,0.6100482477309247,0.7467454521073701,0,0,1.0769230769230769,0.5322339403249466,TAS2R40
GO_Biological_Process_2023,Skeletal Muscle Tissue Development (GO:0007519),1/42,0.6100482477309247,0.7467454521073701,0,0,1.0769230769230769,0.5322339403249466,EGR2
GO_Biological_Process_2023,Stress-Activated MAPK Cascade (GO:0051403),1/42,0.6100482477309247,0.7467454521073701,0,0,1.0769230769230769,0.5322339403249466,SH2D3C
GO_Biological_Process_2023,Translational Elongation (GO:0006414),1/42,0.6100482477309247,0.7467454521073701,0,0,1.0769230769230769,0.5322339403249466,LTN1
GO_Biological_Process_2023,Lysosome Localization (GO:0032418),1/42,0.6100482477309247,0.7467454521073701,0,0,1.0769230769230769,0.5322339403249466,TFEB
GO_Biological_Process_2023,Monoatomic Cation Transport (GO:0006812),1/42,0.6100482477309247,0.7467454521073701,0,0,1.0769230769230769,0.5322339403249466,SLC11A1
GO_Biological_Process_2023,Negative Regulation Of I-kappaB kinase/NF-kappaB Signaling (GO:0043124),1/42,0.6100482477309247,0.7467454521073701,0,0,1.0769230769230769,0.5322339403249466,PPM1B
GO_Biological_Process_2023,Positive Regulation Of Neuron Differentiation (GO:0045666),1/42,0.6100482477309247,0.7467454521073701,0,0,1.0769230769230769,0.5322339403249466,ECT2
GO_Biological_Process_2023,Negative Regulation Of Programmed Cell Death (GO:0043069),8/381,0.6103993919464721,0.7467454521073701,0,0,0.9458691565745276,0.4669205484457106,BCL2A1;PDCD10;RPS6KA1;BCL2;PLAUR;RICTOR;SMAD6;MMP9
GO_Biological_Process_2023,Positive Regulation Of Protein Kinase B Signaling (GO:0051897),2/93,0.6137349764700722,0.7499132539239179,0,0,0.970122847673868,0.4736062893378562,OSBPL8;RICTOR
GO_Biological_Process_2023,Protein O-linked Glycosylation (GO:0006493),2/93,0.6137349764700722,0.7499132539239179,0,0,0.970122847673868,0.4736062893378562,EOGT;PLOD1
GO_Biological_Process_2023,DNA-templated DNA Replication Maintenance Of Fidelity (GO:0045005),1/43,0.6187038273657025,0.7500571127895428,0,0,1.0512281835811248,0.5047247058905064,TIPIN
GO_Biological_Process_2023,SCF-dependent Proteasomal Ubiquitin-Dependent Protein Catabolic Process (GO:0031146),1/43,0.6187038273657025,0.7500571127895428,0,0,1.0512281835811248,0.5047247058905064,FBXL3
GO_Biological_Process_2023,Regulation Of Primary Metabolic Process (GO:0080090),1/43,0.6187038273657025,0.7500571127895428,0,0,1.0512281835811248,0.5047247058905064,PM20D2
GO_Biological_Process_2023,Skeletal System Morphogenesis (GO:0048705),1/43,0.6187038273657025,0.7500571127895428,0,0,1.0512281835811248,0.5047247058905064,HOXA4
GO_Biological_Process_2023,Energy Derivation By Oxidation Of Organic Compounds (GO:0015980),1/43,0.6187038273657025,0.7500571127895428,0,0,1.0512281835811248,0.5047247058905064,LEPR
GO_Biological_Process_2023,Ephrin Receptor Signaling Pathway (GO:0048013),1/43,0.6187038273657025,0.7500571127895428,0,0,1.0512281835811248,0.5047247058905064,MMP9
GO_Biological_Process_2023,Positive Regulation Of T Cell Mediated Immunity (GO:0002711),1/43,0.6187038273657025,0.7500571127895428,0,0,1.0512281835811248,0.5047247058905064,HLA-C
GO_Biological_Process_2023,Positive Regulation Of Biomineral Tissue Development (GO:0070169),1/43,0.6187038273657025,0.7500571127895428,0,0,1.0512281835811248,0.5047247058905064,KL
GO_Biological_Process_2023,Positive Regulation Of miRNA Transcription (GO:1902895),1/43,0.6187038273657025,0.7500571127895428,0,0,1.0512281835811248,0.5047247058905064,SPI1
GO_Biological_Process_2023,Positive Regulation Of Stress Fiber Assembly (GO:0051496),1/43,0.6187038273657025,0.7500571127895428,0,0,1.0512281835811248,0.5047247058905064,LPAR1
GO_Biological_Process_2023,Regulation Of JUN Kinase Activity (GO:0043506),1/43,0.6187038273657025,0.7500571127895428,0,0,1.0512281835811248,0.5047247058905064,SASH1
GO_Biological_Process_2023,Regulation Of Cell-Cell Adhesion (GO:0022407),1/43,0.6187038273657025,0.7500571127895428,0,0,1.0512281835811248,0.5047247058905064,MDGA1
GO_Biological_Process_2023,Regulation Of Cellular Component Size (GO:0032535),1/43,0.6187038273657025,0.7500571127895428,0,0,1.0512281835811248,0.5047247058905064,EPS8
GO_Biological_Process_2023,Vesicle Organization (GO:0016050),2/94,0.6195594347724865,0.7506416298328499,0,0,0.9595287390318448,0.4593711622971119,WASHC4;SNX10
GO_Biological_Process_2023,Actin Filament Organization (GO:0007015),3/144,0.6216059290963943,0.7526674201709352,0,0,0.9388781431334624,0.4463886193792331,EPS8;RHOG;MYO1F
GO_Biological_Process_2023,Regulation Of Cell Differentiation (GO:0045595),4/193,0.622024678272168,0.7527210134419372,0,0,0.9337238312181364,0.4433092094274761,SUZ12;ROCK1;FES;RPS6KA1
GO_Biological_Process_2023,Positive Regulation Of Gene Expression (GO:0010628),10/480,0.6226544645156791,0.7530297675550632,0,0,0.9378900299739572,0.4443381060355957,FGR;SPI1;TYROBP;ROCK1;IFNG;PDCD10;SLC11A1;LILRB1;MYD88;STOX1
GO_Biological_Process_2023,Positive Regulation Of Transmembrane Receptor Protein Serine/Threonine Kinase Signaling Pathway (GO:0090100),2/95,0.6253160983619924,0.7535009503751883,0,0,0.949162460683198,0.4456298766988451,TWSG1;INHBB
GO_Biological_Process_2023,Regulation Of Insulin Receptor Signaling Pathway (GO:0046626),1/44,0.6271677064565622,0.7535009503751883,0,0,1.026728401557403,0.4790112029032806,SORBS1
GO_Biological_Process_2023,Embryonic Organ Morphogenesis (GO:0048562),1/44,0.6271677064565622,0.7535009503751883,0,0,1.026728401557403,0.4790112029032806,HOXA4
GO_Biological_Process_2023,Extracellular Matrix Disassembly (GO:0022617),1/44,0.6271677064565622,0.7535009503751883,0,0,1.026728401557403,0.4790112029032806,MMP9
GO_Biological_Process_2023,Synaptic Vesicle Recycling (GO:0036465),1/44,0.6271677064565622,0.7535009503751883,0,0,1.026728401557403,0.4790112029032806,FCHO2
GO_Biological_Process_2023,Lymphocyte Chemotaxis (GO:0048247),1/44,0.6271677064565622,0.7535009503751883,0,0,1.026728401557403,0.4790112029032806,CXCL16
GO_Biological_Process_2023,Negative Regulation Of Immune System Process (GO:0002683),1/44,0.6271677064565622,0.7535009503751883,0,0,1.026728401557403,0.4790112029032806,LILRA2
GO_Biological_Process_2023,Positive Regulation Of Biosynthetic Process (GO:0009891),1/44,0.6271677064565622,0.7535009503751883,0,0,1.026728401557403,0.4790112029032806,SORBS1
GO_Biological_Process_2023,Positive Regulation Of Cytokine-Mediated Signaling Pathway (GO:0001961),1/44,0.6271677064565622,0.7535009503751883,0,0,1.026728401557403,0.4790112029032806,RBM47
GO_Biological_Process_2023,Positive Regulation Of Leukocyte Cell-Cell Adhesion (GO:1903039),1/44,0.6271677064565622,0.7535009503751883,0,0,1.026728401557403,0.4790112029032806,SIRPB1
GO_Biological_Process_2023,Regulation Of Cell-Substrate Adhesion (GO:0010810),1/44,0.6271677064565622,0.7535009503751883,0,0,1.026728401557403,0.4790112029032806,FZD7
GO_Biological_Process_2023,Negative Regulation Of Response To External Stimulus (GO:0032102),3/146,0.6308974199803419,0.7572061269499262,0,0,0.9256516211061666,0.4263662417619455,PPM1B;TRAFD1;LILRA2
GO_Biological_Process_2023,Positive Regulation Of Supramolecular Fiber Organization (GO:1902905),2/96,0.6310051057916052,0.7572061269499262,0,0,0.9390167414483525,0.4323621125229244,TENM1;FES
GO_Biological_Process_2023,Endomembrane System Organization (GO:0010256),4/196,0.6340760935242079,0.758054714737856,0,0,0.918992027334852,0.4186801870345954,WASHC4;ATP8B4;SNX10;LYSMD3
GO_Biological_Process_2023,Regulation Of Telomerase Activity (GO:0051972),1/45,0.6354441209799178,0.758054714737856,0,0,1.0033422459893049,0.4549465997869024,NEK7
GO_Biological_Process_2023,Chromosome Organization (GO:0051276),1/45,0.6354441209799178,0.758054714737856,0,0,1.0033422459893049,0.4549465997869024,LIG4
GO_Biological_Process_2023,Detection Of Chemical Stimulus Involved In Sensory Perception Of Taste (GO:0050912),1/45,0.6354441209799178,0.758054714737856,0,0,1.0033422459893049,0.4549465997869024,TAS2R40
GO_Biological_Process_2023,Determination Of Left/Right Symmetry (GO:0007368),1/45,0.6354441209799178,0.758054714737856,0,0,1.0033422459893049,0.4549465997869024,DNAAF11
GO_Biological_Process_2023,Triglyceride Metabolic Process (GO:0006641),1/45,0.6354441209799178,0.758054714737856,0,0,1.0033422459893049,0.4549465997869024,APOBR
GO_Biological_Process_2023,Mitotic Nuclear Division (GO:0140014),1/45,0.6354441209799178,0.758054714737856,0,0,1.0033422459893049,0.4549465997869024,EPS8
GO_Biological_Process_2023,Organic Hydroxy Compound Transport (GO:0015850),1/45,0.6354441209799178,0.758054714737856,0,0,1.0033422459893049,0.4549465997869024,SLC44A2
GO_Biological_Process_2023,Negative Regulation Of Protein Metabolic Process (GO:0051248),3/147,0.6354836787727798,0.758054714737856,0,0,0.9191761363636364,0.4167258473587959,ROCK1;CYP51A1;INHBB
GO_Biological_Process_2023,Protein Glycosylation (GO:0006486),3/147,0.6354836787727798,0.758054714737856,0,0,0.9191761363636364,0.4167258473587959,EOGT;MGAT1;PLOD1
GO_Biological_Process_2023,Regulation Of Protein Localization (GO:0032880),2/97,0.6366266230428008,0.7589676822752252,0,0,0.9290846163026614,0.4195485466326346,CEP290;CTSD
GO_Biological_Process_2023,Amino Acid Transport (GO:0006865),1/46,0.6435372141703817,0.7635831171679263,0,0,0.980995475113122,0.4323986952485157,SLC6A20
GO_Biological_Process_2023,Antiviral Innate Immune Response (GO:0140374),1/46,0.6435372141703817,0.7635831171679263,0,0,0.980995475113122,0.4323986952485157,USP44
GO_Biological_Process_2023,Cellular Component Disassembly (GO:0022411),1/46,0.6435372141703817,0.7635831171679263,0,0,0.980995475113122,0.4323986952485157,MMP9
GO_Biological_Process_2023,Development Of Primary Male Sexual Characteristics (GO:0046546),1/46,0.6435372141703817,0.7635831171679263,0,0,0.980995475113122,0.4323986952485157,DNAAF11
GO_Biological_Process_2023,Vacuolar Transport (GO:0007034),1/46,0.6435372141703817,0.7635831171679263,0,0,0.980995475113122,0.4323986952485157,GRN
GO_Biological_Process_2023,Homotypic Cell-Cell Adhesion (GO:0034109),1/46,0.6435372141703817,0.7635831171679263,0,0,0.980995475113122,0.4323986952485157,ILK
GO_Biological_Process_2023,Male Gonad Development (GO:0008584),1/46,0.6435372141703817,0.7635831171679263,0,0,0.980995475113122,0.4323986952485157,DNAAF11
GO_Biological_Process_2023,Positive Regulation Of Blood Vessel Endothelial Cell Migration (GO:0043536),1/46,0.6435372141703817,0.7635831171679263,0,0,0.980995475113122,0.4323986952485157,PTGS2
GO_Biological_Process_2023,Axon Guidance (GO:0007411),3/149,0.644536752201873,0.7638672593901915,0,0,0.9064912826899127,0.3981522139525198,ALCAM;SEMA3C;NFIB
GO_Biological_Process_2023,Negative Regulation Of Protein Phosphorylation (GO:0001933),3/149,0.644536752201873,0.7638672593901915,0,0,0.9064912826899127,0.3981522139525198,ERRFI1;PTPN6;SMAD6
GO_Biological_Process_2023,Regulation Of Intracellular Signal Transduction (GO:1902531),6/297,0.6464770459131496,0.7657152989307192,0,0,0.9090094128193636,0.3965258922221637,SYDE2;PLEKHG3;PREX1;ARHGEF17;RICTOR;ECT2
GO_Biological_Process_2023,Bicellular Tight Junction Assembly (GO:0070830),1/47,0.65145103745728,0.7688881886606769,0,0,0.9596203029706866,0.4112481969312288,ECT2
GO_Biological_Process_2023,Response To Organonitrogen Compound (GO:0010243),1/47,0.65145103745728,0.7688881886606769,0,0,0.9596203029706866,0.4112481969312288,ADORA1
GO_Biological_Process_2023,Epithelial To Mesenchymal Transition (GO:0001837),1/47,0.65145103745728,0.7688881886606769,0,0,0.9596203029706866,0.4112481969312288,ROCK1
GO_Biological_Process_2023,Negative Regulation Of Hydrolase Activity (GO:0051346),1/47,0.65145103745728,0.7688881886606769,0,0,0.9596203029706866,0.4112481969312288,CST7
GO_Biological_Process_2023,Positive Regulation Of TOR Signaling (GO:0032008),1/47,0.65145103745728,0.7688881886606769,0,0,0.9596203029706866,0.4112481969312288,RICTOR
GO_Biological_Process_2023,Positive Regulation Of Smooth Muscle Cell Proliferation (GO:0048661),1/47,0.65145103745728,0.7688881886606769,0,0,0.9596203029706866,0.4112481969312288,MMP9
GO_Biological_Process_2023,Antimicrobial Humoral Response (GO:0019730),2/100,0.6530882706416937,0.7699163777066301,0,0,0.9005044194548568,0.383653587942123,SLC11A1;CXCL5
GO_Biological_Process_2023,Regulation Of Organelle Organization (GO:0033043),2/100,0.6530882706416937,0.7699163777066301,0,0,0.9005044194548568,0.383653587942123,PDCD10;STOX1
GO_Biological_Process_2023,Chloride Transmembrane Transport (GO:1902476),1/48,0.6591895529862543,0.7752902290827215,0,0,0.9391547126215462,0.3913872310502307,ANO5
GO_Biological_Process_2023,Cytoplasmic Microtubule Organization (GO:0031122),1/48,0.6591895529862543,0.7752902290827215,0,0,0.9391547126215462,0.3913872310502307,MAP10
GO_Biological_Process_2023,Myelination (GO:0042552),1/48,0.6591895529862543,0.7752902290827215,0,0,0.9391547126215462,0.3913872310502307,B4GALT6
GO_Biological_Process_2023,Positive Regulation Of Reactive Oxygen Species Metabolic Process (GO:2000379),1/48,0.6591895529862543,0.7752902290827215,0,0,0.9391547126215462,0.3913872310502307,TYROBP
GO_Biological_Process_2023,Regulation Of Cellular Component Organization (GO:0051128),3/153,0.6621633586293175,0.7783323689151628,0,0,0.8821363636363636,0.3636545305326283,ROCK1;SLITRK4;PRDM5
GO_Biological_Process_2023,Regulation Of MAPK Cascade (GO:0043408),4/204,0.6649823577990579,0.7809911642120289,0,0,0.881867881548975,0.359797482007028,ROCK1;LPAR1;PTPN6;ZDHHC17
GO_Biological_Process_2023,Unsaturated Fatty Acid Metabolic Process (GO:0033559),1/49,0.666756635715344,0.7809911642120289,0,0,0.91954185520362,0.3727180506440297,CYP1B1
GO_Biological_Process_2023,Negative Regulation Of DNA Metabolic Process (GO:0051053),1/49,0.666756635715344,0.7809911642120289,0,0,0.91954185520362,0.3727180506440297,S100A11
GO_Biological_Process_2023,Neurogenesis (GO:0022008),1/49,0.666756635715344,0.7809911642120289,0,0,0.91954185520362,0.3727180506440297,LPAR1
GO_Biological_Process_2023,Positive Regulation Of miRNA Metabolic Process (GO:2000630),1/49,0.666756635715344,0.7809911642120289,0,0,0.91954185520362,0.3727180506440297,SPI1
GO_Biological_Process_2023,Regulation Of Cell Communication (GO:0010646),1/49,0.666756635715344,0.7809911642120289,0,0,0.91954185520362,0.3727180506440297,GRK6
GO_Biological_Process_2023,Regulation Of Nucleic Acid-Templated Transcription (GO:1903506),9/452,0.6736213959288808,0.7855383830067658,0,0,0.8947477920753971,0.3535032683547784,SPI1;ZNF718;FZD7;TFEB;JMJD1C;ZBED1;ZNF117;ZBTB11;BACH1
GO_Biological_Process_2023,"G Protein-Coupled Receptor Signaling Pathway, Coupled To Cyclic Nucleotide Second Messenger (GO:0007187)",1/50,0.6741560749684931,0.7855383830067658,0,0,0.900729522578262,0.3551519127828796,CHRM5
GO_Biological_Process_2023,Regulation Of Mitochondrion Organization (GO:0010821),1/50,0.6741560749684931,0.7855383830067658,0,0,0.900729522578262,0.3551519127828796,STOX1
GO_Biological_Process_2023,Blood Circulation (GO:0008015),1/50,0.6741560749684931,0.7855383830067658,0,0,0.900729522578262,0.3551519127828796,ROCK1
GO_Biological_Process_2023,Steroid Biosynthetic Process (GO:0006694),1/50,0.6741560749684931,0.7855383830067658,0,0,0.900729522578262,0.3551519127828796,CYP51A1
GO_Biological_Process_2023,Intracellular Iron Ion Homeostasis (GO:0006879),1/50,0.6741560749684931,0.7855383830067658,0,0,0.900729522578262,0.3551519127828796,SLC11A1
GO_Biological_Process_2023,Mitotic Metaphase Plate Congression (GO:0007080),1/50,0.6741560749684931,0.7855383830067658,0,0,0.900729522578262,0.3551519127828796,PIBF1
GO_Biological_Process_2023,Positive Regulation Of Developmental Growth (GO:0048639),1/50,0.6741560749684931,0.7855383830067658,0,0,0.900729522578262,0.3551519127828796,SHTN1
GO_Biological_Process_2023,Pyruvate Metabolic Process (GO:0006090),1/50,0.6741560749684931,0.7855383830067658,0,0,0.900729522578262,0.3551519127828796,LDHC
GO_Biological_Process_2023,Negative Regulation Of Cell Differentiation (GO:0045596),4/207,0.6761034986930093,0.7873511195671778,0,0,0.8687006968367427,0.3400173666773728,SUZ12;IFNG;PTCH1;SMAD6
GO_Biological_Process_2023,Protein Stabilization (GO:0050821),4/208,0.679753223526186,0.7898483672575829,0,0,0.8643976952967976,0.3336795121218157,GRN;TYROBP;PDCD10;SPAG1
GO_Biological_Process_2023,Cellular Response To Cytokine Stimulus (GO:0071345),6/308,0.6806395618232706,0.7898483672575829,0,0,0.8753996999408975,0.33678586541619,UPF1;IFITM2;LEPR;LILRB1;PTPN6;LILRA2
GO_Biological_Process_2023,Regulation Of Stress-Activated MAPK Cascade (GO:0032872),1/51,0.681391576529676,0.7898483672575829,0,0,0.8826696832579185,0.338608098451108,PDCD10
GO_Biological_Process_2023,Regulation Of Substrate Adhesion-Dependent Cell Spreading (GO:1900024),1/51,0.681391576529676,0.7898483672575829,0,0,0.8826696832579185,0.338608098451108,ILK
GO_Biological_Process_2023,Sensory Perception (GO:0007600),1/51,0.681391576529676,0.7898483672575829,0,0,0.8826696832579185,0.338608098451108,SCN9A
GO_Biological_Process_2023,Metaphase Plate Congression (GO:0051310),1/51,0.681391576529676,0.7898483672575829,0,0,0.8826696832579185,0.338608098451108,PIBF1
GO_Biological_Process_2023,Positive Regulation Of Actin Filament Bundle Assembly (GO:0032233),1/51,0.681391576529676,0.7898483672575829,0,0,0.8826696832579185,0.338608098451108,LPAR1
GO_Biological_Process_2023,Receptor Internalization (GO:0031623),1/51,0.681391576529676,0.7898483672575829,0,0,0.8826696832579185,0.338608098451108,LILRB1
GO_Biological_Process_2023,Response To Calcium Ion (GO:0051592),2/106,0.684222416326454,0.7926726552254596,0,0,0.8482905982905983,0.3219027370229829,HOMER1;ECT2
GO_Biological_Process_2023,Cellular Component Assembly (GO:0022607),5/260,0.6858967703637631,0.7941546707552787,0,0,0.8640881009938222,0.3257855321915356,EPS8;SYCP2;PDCD10;FSCN3;IKBKG
GO_Biological_Process_2023,Cardiac Muscle Tissue Development (GO:0048738),1/52,0.6884667644415784,0.7947552162305903,0,0,0.8653180729305296,0.3230130556339632,KDM6B
GO_Biological_Process_2023,Cartilage Development (GO:0051216),1/52,0.6884667644415784,0.7947552162305903,0,0,0.8653180729305296,0.3230130556339632,NFIB
GO_Biological_Process_2023,Icosanoid Metabolic Process (GO:0006690),1/52,0.6884667644415784,0.7947552162305903,0,0,0.8653180729305296,0.3230130556339632,CYP1B1
GO_Biological_Process_2023,Positive Regulation Of Telomere Maintenance (GO:0032206),1/52,0.6884667644415784,0.7947552162305903,0,0,0.8653180729305296,0.3230130556339632,NEK7
GO_Biological_Process_2023,Regulation Of Cell Development (GO:0060284),1/52,0.6884667644415784,0.7947552162305903,0,0,0.8653180729305296,0.3230130556339632,GRN
GO_Biological_Process_2023,Monoatomic Ion Transport (GO:0006811),2/107,0.6891832546716015,0.7947552162305903,0,0,0.8401684483317137,0.312751084530491,P2RX1;SLC15A3
GO_Biological_Process_2023,Positive Regulation Of T Cell Activation (GO:0050870),2/107,0.6891832546716015,0.7947552162305903,0,0,0.8401684483317137,0.312751084530491,VCAM1;SIRPB1
GO_Biological_Process_2023,Response To Tumor Necrosis Factor (GO:0034612),2/108,0.6940798809498367,0.7955833500906786,0,0,0.8321995464852607,0.3038928294598241,ADAM10;CXCL16
GO_Biological_Process_2023,Regulation Of Cyclin-Dependent Protein Kinase Activity (GO:1904029),1/53,0.6953851828933416,0.7955833500906786,0,0,0.8486338322311173,0.3082996476836826,STOX1
GO_Biological_Process_2023,NADH Dehydrogenase Complex Assembly (GO:0010257),1/53,0.6953851828933416,0.7955833500906786,0,0,0.8486338322311173,0.3082996476836826,NDUFA5
GO_Biological_Process_2023,Actin Cytoskeleton Reorganization (GO:0031532),1/53,0.6953851828933416,0.7955833500906786,0,0,0.8486338322311173,0.3082996476836826,RICTOR
GO_Biological_Process_2023,Blood Vessel Morphogenesis (GO:0048514),1/53,0.6953851828933416,0.7955833500906786,0,0,0.8486338322311173,0.3082996476836826,CYP1B1
GO_Biological_Process_2023,Carboxylic Acid Transport (GO:0046942),1/53,0.6953851828933416,0.7955833500906786,0,0,0.8486338322311173,0.3082996476836826,SLC6A20
GO_Biological_Process_2023,Regulation Of Receptor Signaling Pathway Via JAK-STAT (GO:0046425),1/53,0.6953851828933416,0.7955833500906786,0,0,0.8486338322311173,0.3082996476836826,CYP1B1
GO_Biological_Process_2023,Tight Junction Assembly (GO:0120192),1/53,0.6953851828933416,0.7955833500906786,0,0,0.8486338322311173,0.3082996476836826,ECT2
GO_Biological_Process_2023,Gonad Development (GO:0008406),1/53,0.6953851828933416,0.7955833500906786,0,0,0.8486338322311173,0.3082996476836826,DNAAF11
GO_Biological_Process_2023,Mitochondrial Respiratory Chain Complex I Assembly (GO:0032981),1/53,0.6953851828933416,0.7955833500906786,0,0,0.8486338322311173,0.3082996476836826,NDUFA5
GO_Biological_Process_2023,Protein Homotetramerization (GO:0051289),1/53,0.6953851828933416,0.7955833500906786,0,0,0.8486338322311173,0.3082996476836826,ALDH1A2
GO_Biological_Process_2023,Proton Motive Force-Driven Mitochondrial ATP Synthesis (GO:0042776),1/53,0.6953851828933416,0.7955833500906786,0,0,0.8486338322311173,0.3082996476836826,NDUFA5
GO_Biological_Process_2023,"Regulation Of Alternative mRNA Splicing, Via Spliceosome (GO:0000381)",1/53,0.6953851828933416,0.7955833500906786,0,0,0.8486338322311173,0.3082996476836826,RBM47
GO_Biological_Process_2023,Protein Transport (GO:0015031),6/313,0.6954427592583693,0.7955833500906786,0,0,0.8609187605751385,0.3126913522941525,ARRDC4;RAB3D;MIA2;ZDHHC17;CEP290;TRIM23
GO_Biological_Process_2023,Cellular Response To Salt (GO:1902075),2/109,0.698912698566052,0.7978078567672846,0,0,0.8243795960751902,0.2953170404753574,NEK7;ECT2
GO_Biological_Process_2023,Positive Regulation Of Wnt Signaling Pathway (GO:0030177),2/109,0.698912698566052,0.7978078567672846,0,0,0.8243795960751902,0.2953170404753574,PPM1B;ILK
GO_Biological_Process_2023,Positive Regulation Of Cysteine-Type Endopeptidase Activity Involved In Apoptotic Process (GO:0043280),2/109,0.698912698566052,0.7978078567672846,0,0,0.8243795960751902,0.2953170404753574,PMAIP1;CTSD
GO_Biological_Process_2023,Regulation Of Focal Adhesion Assembly (GO:0051893),1/54,0.7021502978215555,0.7978078567672846,0,0,0.832579185520362,0.2944064927950446,ROCK1
GO_Biological_Process_2023,Regulation Of Lipid Metabolic Process (GO:0019216),1/54,0.7021502978215555,0.7978078567672846,0,0,0.832579185520362,0.2944064927950446,MBOAT7
GO_Biological_Process_2023,Apical Junction Assembly (GO:0043297),1/54,0.7021502978215555,0.7978078567672846,0,0,0.832579185520362,0.2944064927950446,ECT2
GO_Biological_Process_2023,Regulation Of Smooth Muscle Cell Proliferation (GO:0048660),1/54,0.7021502978215555,0.7978078567672846,0,0,0.832579185520362,0.2944064927950446,IFNG
GO_Biological_Process_2023,Endoplasmic Reticulum Organization (GO:0007029),1/54,0.7021502978215555,0.7978078567672846,0,0,0.832579185520362,0.2944064927950446,SHTN1
GO_Biological_Process_2023,Epidermal Cell Differentiation (GO:0009913),1/54,0.7021502978215555,0.7978078567672846,0,0,0.832579185520362,0.2944064927950446,DSP
GO_Biological_Process_2023,Monoatomic Anion Transmembrane Transport (GO:0098656),1/54,0.7021502978215555,0.7978078567672846,0,0,0.832579185520362,0.2944064927950446,ANO5
GO_Biological_Process_2023,Nucleosome Assembly (GO:0006334),1/54,0.7021502978215555,0.7978078567672846,0,0,0.832579185520362,0.2944064927950446,NAP1L2
GO_Biological_Process_2023,Protein K63-linked Ubiquitination (GO:0070534),1/54,0.7021502978215555,0.7978078567672846,0,0,0.832579185520362,0.2944064927950446,ARRDC4
GO_Biological_Process_2023,Negative Regulation Of Cell Migration (GO:0030336),3/163,0.7034289376647562,0.7988091326023503,0,0,0.8265767045454545,0.2907801129742418,TCAF1;BRMS1;CYP1B1
GO_Biological_Process_2023,Supramolecular Fiber Organization (GO:0097435),6/316,0.7041031504756508,0.7991232820192309,0,0,0.8524544179523141,0.299066935509776,MAP10;DSP;RHOG;CYP1B1;HDGFL3;MYO1F
GO_Biological_Process_2023,T Cell Activation (GO:0042110),2/111,0.7083885893677427,0.8016987351817867,0,0,0.8091701512409245,0.2789715087433262,TNFSF14;LEPR
GO_Biological_Process_2023,Mitotic Sister Chromatid Segregation (GO:0000070),2/111,0.7083885893677427,0.8016987351817867,0,0,0.8091701512409245,0.2789715087433262,NCAPG;PIBF1
GO_Biological_Process_2023,Cellular Response To Fibroblast Growth Factor Stimulus (GO:0044344),1/55,0.7087654987154404,0.8016987351817867,0,0,0.8171191553544495,0.2812773815770567,KL
GO_Biological_Process_2023,"Regulation Of Synaptic Transmission, Glutamatergic (GO:0051966)",1/55,0.7087654987154404,0.8016987351817867,0,0,0.8171191553544495,0.2812773815770567,HOMER1
GO_Biological_Process_2023,Response To Peptide Hormone (GO:0043434),1/55,0.7087654987154404,0.8016987351817867,0,0,0.8171191553544495,0.2812773815770567,ROCK1
GO_Biological_Process_2023,Purine Ribonucleotide Biosynthetic Process (GO:0009152),1/55,0.7087654987154404,0.8016987351817867,0,0,0.8171191553544495,0.2812773815770567,AMPD2
GO_Biological_Process_2023,Regulation Of Protein Serine/Threonine Kinase Activity (GO:0071900),2/112,0.7130325344657349,0.8049387130474562,0,0,0.801772830344259,0.2711822046457705,IFNG;PDCD10
GO_Biological_Process_2023,Small GTPase Mediated Signal Transduction (GO:0007264),2/112,0.7130325344657349,0.8049387130474562,0,0,0.801772830344259,0.2711822046457705,SHTN1;RASGRF1
GO_Biological_Process_2023,Negative Regulation Of Defense Response (GO:0031348),2/112,0.7130325344657349,0.8049387130474562,0,0,0.801772830344259,0.2711822046457705,PPM1B;TRAFD1
GO_Biological_Process_2023,Regulation Of Reactive Oxygen Species Metabolic Process (GO:2000377),1/56,0.7152341002501277,0.8049387130474562,0,0,0.802221308103661,0.2688607626927443,CYP1B1
GO_Biological_Process_2023,Regulation Of Stem Cell Population Maintenance (GO:2000036),1/56,0.7152341002501277,0.8049387130474562,0,0,0.802221308103661,0.2688607626927443,BRMS1
GO_Biological_Process_2023,Cellular Response To Peptide (GO:1901653),1/56,0.7152341002501277,0.8049387130474562,0,0,0.802221308103661,0.2688607626927443,VCAM1
GO_Biological_Process_2023,Mitotic DNA Damage Checkpoint Signaling (GO:0044773),1/56,0.7152341002501277,0.8049387130474562,0,0,0.802221308103661,0.2688607626927443,TIPIN
GO_Biological_Process_2023,Pattern Recognition Receptor Signaling Pathway (GO:0002221),1/56,0.7152341002501277,0.8049387130474562,0,0,0.802221308103661,0.2688607626927443,LACC1
GO_Biological_Process_2023,Positive Regulation Of Cellular Metabolic Process (GO:0031325),1/56,0.7152341002501277,0.8049387130474562,0,0,0.802221308103661,0.2688607626927443,IFNG
GO_Biological_Process_2023,RNA Catabolic Process (GO:0006401),1/57,0.7215593440852401,0.8093383267920384,0,0,0.787855526826115,0.25710928722507,DCP2
GO_Biological_Process_2023,Chemokine-Mediated Signaling Pathway (GO:0070098),1/57,0.7215593440852401,0.8093383267920384,0,0,0.787855526826115,0.25710928722507,CXCL5
GO_Biological_Process_2023,Striated Muscle Contraction (GO:0006941),1/57,0.7215593440852401,0.8093383267920384,0,0,0.787855526826115,0.25710928722507,DTNA
GO_Biological_Process_2023,Membrane Lipid Biosynthetic Process (GO:0046467),1/57,0.7215593440852401,0.8093383267920384,0,0,0.787855526826115,0.25710928722507,SGPP1
GO_Biological_Process_2023,Monoatomic Anion Transport (GO:0006820),1/57,0.7215593440852401,0.8093383267920384,0,0,0.787855526826115,0.25710928722507,ANO5
GO_Biological_Process_2023,Myeloid Cell Differentiation (GO:0030099),1/57,0.7215593440852401,0.8093383267920384,0,0,0.787855526826115,0.25710928722507,SPI1
GO_Biological_Process_2023,Renal System Development (GO:0072001),1/58,0.7277444002946631,0.8140045879756665,0,0,0.7739938080495357,0.2459794047455886,CEP290
GO_Biological_Process_2023,Eye Development (GO:0001654),1/58,0.7277444002946631,0.8140045879756665,0,0,0.7739938080495357,0.2459794047455886,CEP290
GO_Biological_Process_2023,Glycosaminoglycan Biosynthetic Process (GO:0006024),1/58,0.7277444002946631,0.8140045879756665,0,0,0.7739938080495357,0.2459794047455886,CHST15
GO_Biological_Process_2023,Peptidyl-Threonine Phosphorylation (GO:0018107),1/58,0.7277444002946631,0.8140045879756665,0,0,0.7739938080495357,0.2459794047455886,ROCK1
GO_Biological_Process_2023,Regulation Of Bone Mineralization (GO:0030500),1/58,0.7277444002946631,0.8140045879756665,0,0,0.7739938080495357,0.2459794047455886,KL
GO_Biological_Process_2023,Metal Ion Transport (GO:0030001),3/171,0.7335897448859617,0.8171316684451079,0,0,0.7868912337662337,0.2437831040958924,SLC11A1;SCN9A;KCNA5
GO_Biological_Process_2023,DNA-templated Transcription Initiation (GO:0006352),1/59,0.7337923689270744,0.8171316684451079,0,0,0.7606100795755968,0.235431003966922,E2F3
GO_Biological_Process_2023,Anterior/Posterior Pattern Specification (GO:0009952),1/59,0.7337923689270744,0.8171316684451079,0,0,0.7606100795755968,0.235431003966922,HOXA4
GO_Biological_Process_2023,Cellular Response To Chemokine (GO:1990869),1/59,0.7337923689270744,0.8171316684451079,0,0,0.7606100795755968,0.235431003966922,CXCL5
GO_Biological_Process_2023,Cilium Movement (GO:0003341),1/59,0.7337923689270744,0.8171316684451079,0,0,0.7606100795755968,0.235431003966922,DNAAF11
GO_Biological_Process_2023,Negative Regulation Of Protein-Containing Complex Assembly (GO:0031333),1/59,0.7337923689270744,0.8171316684451079,0,0,0.7606100795755968,0.235431003966922,SMAD6
GO_Biological_Process_2023,Positive Regulation Of Protein Binding (GO:0032092),1/59,0.7337923689270744,0.8171316684451079,0,0,0.7606100795755968,0.235431003966922,MMP9
GO_Biological_Process_2023,protein-DNA Complex Assembly (GO:0065004),1/59,0.7337923689270744,0.8171316684451079,0,0,0.7606100795755968,0.235431003966922,NAP1L2
GO_Biological_Process_2023,Generation Of Neurons (GO:0048699),3/172,0.7371847246665937,0.820454760010993,0,0,0.7821947283485745,0.2385042933223727,FZD7;KIAA0319L;MDGA1
GO_Biological_Process_2023,Homophilic Cell Adhesion Via Plasma Membrane Adhesion Molecules (GO:0007156),1/60,0.7397062817438816,0.8223504570272137,0,0,0.7476800368126391,0.2254270923584606,CEACAM6
GO_Biological_Process_2023,Proton Motive Force-Driven ATP Synthesis (GO:0015986),1/60,0.7397062817438816,0.8223504570272137,0,0,0.7476800368126391,0.2254270923584606,NDUFA5
GO_Biological_Process_2023,Positive Regulation Of Cellular Biosynthetic Process (GO:0031328),3/174,0.744259590446905,0.8269551004965612,0,0,0.7729665071770335,0.2283075562560237,IFNG;SORBS1;PTGS2
GO_Biological_Process_2023,Fatty Acid Catabolic Process (GO:0009062),1/61,0.7454891036053205,0.8278635901915438,0,0,0.7351809954751132,0.2159335104569254,ABHD2
GO_Biological_Process_2023,DNA Damage Response (GO:0006974),7/384,0.749978812873542,0.8323895162207726,0,0,0.8168057820066678,0.2350034548407281,UPF1;RRM2B;BCL2A1;SPDYA;BCL2;IKBKG;BACH1
GO_Biological_Process_2023,Positive Regulation Of Macromolecule Biosynthetic Process (GO:0010557),2/122,0.7561378811069216,0.8379043606955429,0,0,0.7345804988662131,0.2053384159098264,IFNG;SORBS1
GO_Biological_Process_2023,Protein Localization To Nucleus (GO:0034504),2/122,0.7561378811069216,0.8379043606955429,0,0,0.7345804988662131,0.2053384159098264,E2F3;RANBP6
GO_Biological_Process_2023,Inorganic Anion Transmembrane Transport (GO:0098661),1/63,0.7566730080248509,0.8379043606955429,0,0,0.7113924974456284,0.1983533561722264,ANO5
GO_Biological_Process_2023,Regulation Of Cellular Catabolic Process (GO:0031329),1/63,0.7566730080248509,0.8379043606955429,0,0,0.7113924974456284,0.1983533561722264,ROCK1
GO_Biological_Process_2023,Inorganic Cation Transmembrane Transport (GO:0098662),5/284,0.7570319995139829,0.8379043606955429,0,0,0.7887759611135661,0.2195555954890277,SLC11A1;SCN9A;KCNA5;HTR3A;SLC6A20
GO_Biological_Process_2023,Organonitrogen Compound Biosynthetic Process (GO:1901566),2/123,0.7601260456802829,0.8402524380547107,0,0,0.7284721050954818,0.1997987799295486,SLC44A2;SGPP1
GO_Biological_Process_2023,Positive Regulation Of Epithelial Cell Proliferation (GO:0050679),2/123,0.7601260456802829,0.8402524380547107,0,0,0.7284721050954818,0.1997987799295486,GRN;FZD7
GO_Biological_Process_2023,Regulation Of Secretion By Cell (GO:1903530),1/64,0.7620796987929043,0.8402524380547107,0,0,0.7000646412411118,0.1902104593137925,RAB3D
GO_Biological_Process_2023,Cellular Response To Virus (GO:0098586),1/64,0.7620796987929043,0.8402524380547107,0,0,0.7000646412411118,0.1902104593137925,IFNG
GO_Biological_Process_2023,Positive Regulation Of Macroautophagy (GO:0016239),1/64,0.7620796987929043,0.8402524380547107,0,0,0.7000646412411118,0.1902104593137925,IKBKG
GO_Biological_Process_2023,Positive Regulation Of Type I Interferon Production (GO:0032481),1/64,0.7620796987929043,0.8402524380547107,0,0,0.7000646412411118,0.1902104593137925,MYD88
GO_Biological_Process_2023,Protein N-linked Glycosylation (GO:0006487),1/64,0.7620796987929043,0.8402524380547107,0,0,0.7000646412411118,0.1902104593137925,MGAT1
GO_Biological_Process_2023,Regulation Of DNA Metabolic Process (GO:0051052),2/124,0.7640576915516171,0.8414657398099237,0,0,0.7224638489275491,0.194423676982105,UPF1;STOX1
GO_Biological_Process_2023,Positive Regulation Of Transcription By RNA Polymerase II (GO:0045944),18/938,0.7673155812411561,0.8414657398099237,0,0,0.8579693094629156,0.2272392747087288,KDM6B;EGR2;SPI1;MACC1;SLC11A1;TFE3;PRDM5;TFEB;LILRB1;DEK;ZFY;ETV5;NFIB;PLAGL1;RPS6KA1;ZBED1;E2F3;IKBKG
GO_Biological_Process_2023,Antimicrobial Humoral Immune Response Mediated By Antimicrobial Peptide (GO:0061844),1/65,0.7673665179460647,0.8414657398099237,0,0,0.6890907805429864,0.1824648526298341,CXCL5
GO_Biological_Process_2023,Canonical Wnt Signaling Pathway (GO:0060070),1/65,0.7673665179460647,0.8414657398099237,0,0,0.6890907805429864,0.1824648526298341,FZD7
GO_Biological_Process_2023,Fatty Acid Biosynthetic Process (GO:0006633),1/65,0.7673665179460647,0.8414657398099237,0,0,0.6890907805429864,0.1824648526298341,ABHD2
GO_Biological_Process_2023,Monocarboxylic Acid Biosynthetic Process (GO:0072330),1/65,0.7673665179460647,0.8414657398099237,0,0,0.6890907805429864,0.1824648526298341,ALDH1A2
GO_Biological_Process_2023,Positive Regulation Of DNA Biosynthetic Process (GO:2000573),1/65,0.7673665179460647,0.8414657398099237,0,0,0.6890907805429864,0.1824648526298341,NEK7
GO_Biological_Process_2023,Positive Regulation Of T Cell Proliferation (GO:0042102),1/65,0.7673665179460647,0.8414657398099237,0,0,0.6890907805429864,0.1824648526298341,VCAM1
GO_Biological_Process_2023,Positive Regulation Of Cell Cycle (GO:0045787),1/65,0.7673665179460647,0.8414657398099237,0,0,0.6890907805429864,0.1824648526298341,SPDYA
GO_Biological_Process_2023,Regulation Of Cell-Matrix Adhesion (GO:0001952),1/65,0.7673665179460647,0.8414657398099237,0,0,0.6890907805429864,0.1824648526298341,ROCK1
GO_Biological_Process_2023,Regulation Of Mitotic Cell Cycle (GO:0007346),2/125,0.7679333590793295,0.8416281634402685,0,0,0.7165532879818595,0.1892075592642937,NEK7;KIF20B
GO_Biological_Process_2023,Cellular Response To Type II Interferon (GO:0071346),1/66,0.7725361170723786,0.8452899266823523,0,0,0.678454577097111,0.1750931947504248,IFNG
GO_Biological_Process_2023,Negative Regulation Of Endopeptidase Activity (GO:0010951),1/66,0.7725361170723786,0.8452899266823523,0,0,0.678454577097111,0.1750931947504248,SERPINI1
GO_Biological_Process_2023,Peptidyl-Threonine Modification (GO:0018210),1/66,0.7725361170723786,0.8452899266823523,0,0,0.678454577097111,0.1750931947504248,ROCK1
GO_Biological_Process_2023,DNA Repair (GO:0006281),5/291,0.7753442085553081,0.847630814340031,0,0,0.7691908548072932,0.1957192347375686,UPF1;RRM2B;USP44;LIG4;BACH1
GO_Biological_Process_2023,Cytosolic Transport (GO:0016482),2/127,0.7755189390902074,0.847630814340031,0,0,0.705015873015873,0.1792311620769382,SNX16;WASHC2A
GO_Biological_Process_2023,Cholesterol Metabolic Process (GO:0008203),1/67,0.7775910896519485,0.8494337446741395,0,0,0.6681406828465652,0.168073785168875,CYP51A1
GO_Biological_Process_2023,Aerobic Electron Transport Chain (GO:0019646),1/68,0.782533971571167,0.8525166844759055,0,0,0.6581346660363342,0.161386429260495,NDUFA5
GO_Biological_Process_2023,Cell-Cell Junction Organization (GO:0045216),1/68,0.782533971571167,0.8525166844759055,0,0,0.6581346660363342,0.161386429260495,DSP
GO_Biological_Process_2023,Telomere Maintenance (GO:0000723),1/68,0.782533971571167,0.8525166844759055,0,0,0.6581346660363342,0.161386429260495,TENM1
GO_Biological_Process_2023,Intermediate Filament Organization (GO:0045109),1/68,0.782533971571167,0.8525166844759055,0,0,0.6581346660363342,0.161386429260495,DSP
GO_Biological_Process_2023,Neuropeptide Signaling Pathway (GO:0007218),1/68,0.782533971571167,0.8525166844759055,0,0,0.6581346660363342,0.161386429260495,LTB4R
GO_Biological_Process_2023,Positive Regulation Of Peptidyl-Tyrosine Phosphorylation (GO:0050731),2/130,0.7864911776277135,0.8550017061950611,0,0,0.6883857709750567,0.1653322084475605,IFNG;PIBF1
GO_Biological_Process_2023,DNA-templated DNA Replication (GO:0006261),1/69,0.787367242869183,0.8550017061950611,0,0,0.6484229438381688,0.1550123150959177,RRM2B
GO_Biological_Process_2023,Regulation Of Endopeptidase Activity (GO:0052548),1/69,0.787367242869183,0.8550017061950611,0,0,0.6484229438381688,0.1550123150959177,SERPINI1
GO_Biological_Process_2023,Regulation Of Monoatomic Ion Transmembrane Transporter Activity (GO:0032412),1/69,0.787367242869183,0.8550017061950611,0,0,0.6484229438381688,0.1550123150959177,HOMER1
GO_Biological_Process_2023,Cellular Response To Calcium Ion (GO:0071277),1/69,0.787367242869183,0.8550017061950611,0,0,0.6484229438381688,0.1550123150959177,ECT2
GO_Biological_Process_2023,Establishment Of Protein Localization To Membrane (GO:0090150),1/69,0.787367242869183,0.8550017061950611,0,0,0.6484229438381688,0.1550123150959177,NCF1
GO_Biological_Process_2023,Sulfur Compound Biosynthetic Process (GO:0044272),1/70,0.7920933288882739,0.855598119077457,0,0,0.638992720834153,0.1489339022932388,CHST15
GO_Biological_Process_2023,Mitochondrial ATP Synthesis Coupled Electron Transport (GO:0042775),1/70,0.7920933288882739,0.855598119077457,0,0,0.638992720834153,0.1489339022932388,NDUFA5
GO_Biological_Process_2023,Negative Regulation Of Epithelial Cell Proliferation (GO:0050680),1/70,0.7920933288882739,0.855598119077457,0,0,0.638992720834153,0.1489339022932388,NFIB
GO_Biological_Process_2023,Negative Regulation Of Extrinsic Apoptotic Signaling Pathway (GO:2001237),1/70,0.7920933288882739,0.855598119077457,0,0,0.638992720834153,0.1489339022932388,BCL2
GO_Biological_Process_2023,Neutrophil Chemotaxis (GO:0030593),1/70,0.7920933288882739,0.855598119077457,0,0,0.638992720834153,0.1489339022932388,CXCL5
GO_Biological_Process_2023,Protein K48-linked Ubiquitination (GO:0070936),1/70,0.7920933288882739,0.855598119077457,0,0,0.638992720834153,0.1489339022932388,IFI27
GO_Biological_Process_2023,Regulation Of Notch Signaling Pathway (GO:0008593),1/70,0.7920933288882739,0.855598119077457,0,0,0.638992720834153,0.1489339022932388,PDCD10
GO_Biological_Process_2023,Regulation Of Cellular Biosynthetic Process (GO:0031326),1/70,0.7920933288882739,0.855598119077457,0,0,0.638992720834153,0.1489339022932388,PDK4
GO_Biological_Process_2023,Regulation Of ERK1 And ERK2 Cascade (GO:0070372),4/244,0.7921655297338384,0.855598119077457,0,0,0.733371298405467,0.1708644436208465,GPNMB;PDGFC;PTPN6;ZDHHC17
GO_Biological_Process_2023,Regulation Of Cell Cycle (GO:0051726),5/298,0.7925829328356987,0.855598119077457,0,0,0.7505415556282824,0.1744694877054075,PLAGL1;NEK7;LILRB1;KIF20B;NUDT6
GO_Biological_Process_2023,Positive Regulation Of Nucleic Acid-Templated Transcription (GO:1903508),10/557,0.7925988545881716,0.855598119077457,0,0,0.8026143018184428,0.1865580978867134,EGR2;NCF1;NFIB;FZD7;RPS6KA1;TFE3;RHOG;TFEB;ILK;CEP290
GO_Biological_Process_2023,Epithelial Cell Differentiation (GO:0030855),2/132,0.7935417257379835,0.8561561292181142,0,0,0.6777254491540206,0.1567234381011945,KDM6B;FZD7
GO_Biological_Process_2023,Regulation Of Hydrolase Activity (GO:0051336),1/71,0.7967146013137125,0.8563616837650065,0,0,0.6298319327731092,0.1431348212298719,PPP1R17
GO_Biological_Process_2023,Synapse Assembly (GO:0007416),1/71,0.7967146013137125,0.8563616837650065,0,0,0.6298319327731092,0.1431348212298719,LGI2
GO_Biological_Process_2023,Kidney Development (GO:0001822),1/71,0.7967146013137125,0.8563616837650065,0,0,0.6298319327731092,0.1431348212298719,CEP290
GO_Biological_Process_2023,Lipid Biosynthetic Process (GO:0008610),1/71,0.7967146013137125,0.8563616837650065,0,0,0.6298319327731092,0.1431348212298719,CYP51A1
GO_Biological_Process_2023,Negative Regulation Of Protein Binding (GO:0032091),1/71,0.7967146013137125,0.8563616837650065,0,0,0.6298319327731092,0.1431348212298719,ROCK1
GO_Biological_Process_2023,Positive Regulation Of Cell-Substrate Adhesion (GO:0010811),1/71,0.7967146013137125,0.8563616837650065,0,0,0.6298319327731092,0.1431348212298719,ILK
GO_Biological_Process_2023,Protein Autoubiquitination (GO:0051865),1/71,0.7967146013137125,0.8563616837650065,0,0,0.6298319327731092,0.1431348212298719,RNF19B
GO_Biological_Process_2023,Second-Messenger-Mediated Signaling (GO:0019932),1/72,0.8012333794706592,0.8593805190693836,0,0,0.6209291950799821,0.1375997812424199,LAT2
GO_Biological_Process_2023,Negative Regulation Of Catabolic Process (GO:0009895),1/72,0.8012333794706592,0.8593805190693836,0,0,0.6209291950799821,0.1375997812424199,CYP51A1
GO_Biological_Process_2023,Plasma Membrane Organization (GO:0007009),1/72,0.8012333794706592,0.8593805190693836,0,0,0.6209291950799821,0.1375997812424199,COLEC12
GO_Biological_Process_2023,Protein Targeting To Membrane (GO:0006612),1/72,0.8012333794706592,0.8593805190693836,0,0,0.6209291950799821,0.1375997812424199,NCF1
GO_Biological_Process_2023,Non-Membrane-Bounded Organelle Assembly (GO:0140694),2/135,0.8037323125440825,0.8616010390472565,0,0,0.662336112389818,0.1447131613762936,CDS1;NEK7
GO_Biological_Process_2023,DNA Replication (GO:0006260),1/73,0.805651931673531,0.8618203207364541,0,0,0.6122737556561086,0.132314487048817,UPF1
GO_Biological_Process_2023,Ubiquitin-Dependent ERAD Pathway (GO:0030433),1/73,0.805651931673531,0.8618203207364541,0,0,0.6122737556561086,0.132314487048817,OS9
GO_Biological_Process_2023,Granulocyte Chemotaxis (GO:0071621),1/73,0.805651931673531,0.8618203207364541,0,0,0.6122737556561086,0.132314487048817,CXCL5
GO_Biological_Process_2023,Positive Regulation Of Secretion By Cell (GO:1903532),1/73,0.805651931673531,0.8618203207364541,0,0,0.6122737556561086,0.132314487048817,EXPH5
GO_Biological_Process_2023,Regulation Of Protein Kinase B Signaling (GO:0051896),2/136,0.8070286889501798,0.8628338642499261,0,0,0.6573594611974143,0.1409352792863879,OSBPL8;RICTOR
GO_Biological_Process_2023,Regulation Of Programmed Cell Death (GO:0043067),3/195,0.8096602549492532,0.8650609333092422,0,0,0.6876775568181818,0.1451966228222584,BRMS1;PTPN6;ZDHHC17
GO_Biological_Process_2023,Regulation Of Cell Cycle G1/S Phase Transition (GO:1902806),1/74,0.8099724758646735,0.8650609333092422,0,0,0.6038554515589165,0.1272655631249384,PTPN6
GO_Biological_Process_2023,Positive Regulation Of Protein Metabolic Process (GO:0051247),3/196,0.81238953796494,0.8663506269875753,0,0,0.6840791333019313,0.1421347658172483,ABCB10;ASPH;LILRA2
GO_Biological_Process_2023,Regulation Of Fat Cell Differentiation (GO:0045598),1/75,0.8141971812833482,0.8663506269875753,0,0,0.595664669194081,0.1224404839456683,CDS1
GO_Biological_Process_2023,Regulation Of Plasma Membrane Bounded Cell Projection Assembly (GO:0120032),1/75,0.8141971812833482,0.8663506269875753,0,0,0.595664669194081,0.1224404839456683,TWF1
GO_Biological_Process_2023,Defense Response To Gram-negative Bacterium (GO:0050829),1/75,0.8141971812833482,0.8663506269875753,0,0,0.595664669194081,0.1224404839456683,SLC11A1
GO_Biological_Process_2023,Negative Regulation Of Phosphorylation (GO:0042326),1/75,0.8141971812833482,0.8663506269875753,0,0,0.595664669194081,0.1224404839456683,ROCK1
GO_Biological_Process_2023,Nucleosome Organization (GO:0034728),1/75,0.8141971812833482,0.8663506269875753,0,0,0.595664669194081,0.1224404839456683,NAP1L2
GO_Biological_Process_2023,Regulation Of DNA Replication (GO:0006275),1/75,0.8141971812833482,0.8663506269875753,0,0,0.595664669194081,0.1224404839456683,S100A11
GO_Biological_Process_2023,Wnt Signaling Pathway (GO:0016055),1/76,0.8183281690092307,0.8693655495288338,0,0,0.5876923076923077,0.1178275110796623,FZD7
GO_Biological_Process_2023,Transcription Initiation At RNA Polymerase II Promoter (GO:0006367),1/76,0.8183281690092307,0.8693655495288338,0,0,0.5876923076923077,0.1178275110796623,E2F3
GO_Biological_Process_2023,Positive Regulation Of Protein Secretion (GO:0050714),1/76,0.8183281690092307,0.8693655495288338,0,0,0.5876923076923077,0.1178275110796623,EXPH5
GO_Biological_Process_2023,Negative Regulation Of Wnt Signaling Pathway (GO:0030178),2/140,0.8197267276641174,0.870391295618001,0,0,0.6381741102237997,0.1268589639207979,TLE3;CXXC4
GO_Biological_Process_2023,Organelle Organization (GO:0006996),7/418,0.8216613604246119,0.8704363885340718,0,0,0.7479073193598071,0.1469091454688848,ATP8B4;FAM161A;MAST3;LIG4;SNX10;RICTOR;LYSMD3
GO_Biological_Process_2023,Regulation Of Immune Response (GO:0050776),1/77,0.8223675133463694,0.8704363885340718,0,0,0.5799297451774232,0.1134156350557065,FGR
GO_Biological_Process_2023,Chloride Transport (GO:0006821),1/77,0.8223675133463694,0.8704363885340718,0,0,0.5799297451774232,0.1134156350557065,ANO5
GO_Biological_Process_2023,Embryonic Organ Development (GO:0048568),1/77,0.8223675133463694,0.8704363885340718,0,0,0.5799297451774232,0.1134156350557065,TFEB
GO_Biological_Process_2023,Monoatomic Cation Homeostasis (GO:0055080),1/77,0.8223675133463694,0.8704363885340718,0,0,0.5799297451774232,0.1134156350557065,SLC11A1
GO_Biological_Process_2023,Neutrophil Migration (GO:1990266),1/77,0.8223675133463694,0.8704363885340718,0,0,0.5799297451774232,0.1134156350557065,CXCL5
GO_Biological_Process_2023,Regulation Of Gene Expression (GO:0010468),21/1127,0.8229743707544476,0.8706202553770734,0,0,0.8301787749715039,0.161743913396982,KDM6B;SPI1;ROCK1;FZD7;SLC11A1;TFEB;JMJD1C;ADAM10;LILRB1;ZBTB11;BACH1;NKAPL;CLK1;ZNF718;TYROBP;IFNG;PDCD10;ZBED1;ZNF117;MYD88;STOX1
GO_Biological_Process_2023,Ubiquitin-Dependent Protein Catabolic Process (GO:0006511),6/367,0.8258563626715838,0.8732095155023059,0,0,0.7300848773746965,0.1396903633898583,TRIM9;IFI27;OS9;USP44;RNF19B;SPOPL
GO_Biological_Process_2023,Long-Chain Fatty Acid Metabolic Process (GO:0001676),1/78,0.8263172430319531,0.8732374650337675,0,0,0.5723688076629253,0.1091945222597859,CYP1B1
GO_Biological_Process_2023,Positive Regulation Of Transferase Activity (GO:0051347),2/143,0.8287540760457291,0.8753524397540282,0,0,0.6244994451681382,0.1173008668682053,ARRDC4;NEK7
GO_Biological_Process_2023,Regulation Of Cyclin-Dependent Protein Serine/Threonine Kinase Activity (GO:0000079),1/79,0.8301793416761062,0.8754776898053376,0,0,0.5650017403411068,0.1051544667823689,SPDYA
GO_Biological_Process_2023,Cellular Response To UV (GO:0034644),1/79,0.8301793416761062,0.8754776898053376,0,0,0.5650017403411068,0.1051544667823689,MMP9
GO_Biological_Process_2023,Negative Regulation Of Cellular Component Organization (GO:0051129),1/79,0.8301793416761062,0.8754776898053376,0,0,0.5650017403411068,0.1051544667823689,LILRB1
GO_Biological_Process_2023,Histone Modification (GO:0016570),1/81,0.8376483627490454,0.88289103782149,0,0,0.5508201357466064,0.0975815774727306,BRMS1
GO_Biological_Process_2023,Positive Regulation Of DNA-templated Transcription (GO:0045893),23/1243,0.8420062329523798,0.8870191447768782,0,0,0.8230893832943014,0.1415449216536408,KDM6B;EGR2;SPI1;NCF1;FZD7;MACC1;SLC11A1;TFE3;PRDM5;RHOG;TFEB;ILK;LILRB1;DEK;ZFY;ETV5;NFIB;PLAGL1;RPS6KA1;ZBED1;E2F3;IKBKG;CEP290
GO_Biological_Process_2023,Calcium Ion Transmembrane Import Into Cytosol (GO:0097553),1/83,0.8447895874796287,0.8880894721935427,0,0,0.5373303167420814,0.0906302641154077,SCN9A
GO_Biological_Process_2023,Epigenetic Regulation Of Gene Expression (GO:0040029),1/83,0.8447895874796287,0.8880894721935427,0,0,0.5373303167420814,0.0906302641154077,SPI1
GO_Biological_Process_2023,Positive Regulation Of Proteasomal Ubiquitin-Dependent Protein Catabolic Process (GO:0032436),1/83,0.8447895874796287,0.8880894721935427,0,0,0.5373303167420814,0.0906302641154077,RNF19B
GO_Biological_Process_2023,Positive Regulation Of Ubiquitin-Dependent Protein Catabolic Process (GO:2000060),1/83,0.8447895874796287,0.8880894721935427,0,0,0.5373303167420814,0.0906302641154077,RNF19B
GO_Biological_Process_2023,Positive Regulation Of Protein Ubiquitination (GO:0031398),1/84,0.8482417870105542,0.890786829619234,0,0,0.5308291991495393,0.0873689430700414,ARRDC4
GO_Biological_Process_2023,Purine Ribonucleotide Metabolic Process (GO:0009150),1/84,0.8482417870105542,0.890786829619234,0,0,0.5308291991495393,0.0873689430700414,AMPD2
GO_Biological_Process_2023,Cellular Respiration (GO:0045333),1/85,0.8516173709385151,0.892466587896984,0,0,0.5244828700711054,0.0842413624405226,NDUFA5
GO_Biological_Process_2023,Mitotic Spindle Organization (GO:0007052),1/85,0.8516173709385151,0.892466587896984,0,0,0.5244828700711054,0.0842413624405226,PIBF1
GO_Biological_Process_2023,Positive Regulation Of Amide Metabolic Process (GO:0034250),1/85,0.8516173709385151,0.892466587896984,0,0,0.5244828700711054,0.0842413624405226,IFNG
GO_Biological_Process_2023,Positive Regulation Of Protein Localization (GO:1903829),1/85,0.8516173709385151,0.892466587896984,0,0,0.5244828700711054,0.0842413624405226,TYROBP
GO_Biological_Process_2023,Cellular Response To Organic Cyclic Compound (GO:0071407),2/152,0.8534435245597758,0.8934486897735153,0,0,0.5867573696145125,0.0929869070249573,FES;CYP1B1
GO_Biological_Process_2023,Positive Regulation Of NF-kappaB Transcription Factor Activity (GO:0051092),2/152,0.8534435245597758,0.8934486897735153,0,0,0.5867573696145125,0.0929869070249573,IKBKG;MYD88
GO_Biological_Process_2023,Exocytosis (GO:0006887),1/86,0.8549180358049749,0.8941269857462508,0,0,0.5182858663827522,0.081241143287453,TNFAIP2
GO_Biological_Process_2023,Protein-Containing Complex Assembly (GO:0065003),5/328,0.8549811276638279,0.8941269857462508,0,0,0.6797715481289849,0.1065038076751583,OTUD6B;FCHO2;DNAAF11;SPAG1;IKBKG
GO_Biological_Process_2023,Regulation Of GTPase Activity (GO:0043087),3/214,0.8561087639442966,0.894840673701527,0,0,0.6251400258509263,0.0971204105085078,PREX1;RASGRF1;ECT2
GO_Biological_Process_2023,Negative Regulation Of Protein Kinase Activity (GO:0006469),1/88,0.8613012082142762,0.899332690135426,0,0,0.5063192385707599,0.0755990320368944,IFNG
GO_Biological_Process_2023,Positive Regulation Of Cell Adhesion (GO:0045785),1/88,0.8613012082142762,0.899332690135426,0,0,0.5063192385707599,0.0755990320368944,TFE3
GO_Biological_Process_2023,ERAD Pathway (GO:0036503),1/89,0.8643869247320323,0.9020860429446442,0,0,0.5005399012751954,0.0729460728304555,OS9
GO_Biological_Process_2023,Regulation Of Peptidyl-Tyrosine Phosphorylation (GO:0050730),1/90,0.8674041419122096,0.903827021899192,0,0,0.4948904367278458,0.070398299483793,PTPN6
GO_Biological_Process_2023,Mitochondrial Respiratory Chain Complex Assembly (GO:0033108),1/90,0.8674041419122096,0.903827021899192,0,0,0.4948904367278458,0.070398299483793,NDUFA5
GO_Biological_Process_2023,Positive Regulation Of Proteasomal Protein Catabolic Process (GO:1901800),1/90,0.8674041419122096,0.903827021899192,0,0,0.4948904367278458,0.070398299483793,RNF19B
GO_Biological_Process_2023,Regulation Of Epithelial Cell Proliferation (GO:0050678),1/91,0.8703543769275901,0.905492907673114,0,0,0.489366515837104,0.0679508996995837,GRN
GO_Biological_Process_2023,rRNA Metabolic Process (GO:0016072),1/91,0.8703543769275901,0.905492907673114,0,0,0.489366515837104,0.0679508996995837,ESF1
GO_Biological_Process_2023,Regulation Of RNA Metabolic Process (GO:0051252),1/91,0.8703543769275901,0.905492907673114,0,0,0.489366515837104,0.0679508996995837,CLK1
GO_Biological_Process_2023,Monoatomic Cation Transmembrane Transport (GO:0098655),4/281,0.8723567943835806,0.9071066511696828,0,0,0.6341948800605248,0.0866036049350373,SLC11A1;SCN9A;KCNA5;SLC6A20
GO_Biological_Process_2023,Positive Regulation Of Protein Catabolic Process (GO:0045732),1/92,0.8732391135708516,0.907554611312002,0,0,0.4839639998011039,0.0655993175006557,IFNG
GO_Biological_Process_2023,Positive Regulation Of Cell Differentiation (GO:0045597),4/283,0.8758113869875728,0.9090759954936962,0,0,0.629583363950327,0.0834856015940054,CDS1;FES;RPS6KA1;ECT2
GO_Biological_Process_2023,Negative Regulation Of Amide Metabolic Process (GO:0034249),1/93,0.8760598026225321,0.9090759954936962,0,0,0.4786789297658863,0.0633392375880141,ROCK1
GO_Biological_Process_2023,Positive Regulation Of Cellular Component Biogenesis (GO:0044089),1/93,0.8760598026225321,0.9090759954936962,0,0,0.4786789297658863,0.0633392375880141,IFNG
GO_Biological_Process_2023,"Regulation Of mRNA Splicing, Via Spliceosome (GO:0048024)",1/94,0.8788178630447874,0.9099829654096008,0,0,0.4735075171507809,0.0611665703511781,RBM47
GO_Biological_Process_2023,Cellular Response To Hormone Stimulus (GO:0032870),1/94,0.8788178630447874,0.9099829654096008,0,0,0.4735075171507809,0.0611665703511781,GNRHR
GO_Biological_Process_2023,"Retrograde Transport, Endosome To Golgi (GO:0042147)",1/94,0.8788178630447874,0.9099829654096008,0,0,0.4735075171507809,0.0611665703511781,WASHC2A
GO_Biological_Process_2023,Sphingolipid Metabolic Process (GO:0006665),1/94,0.8788178630447874,0.9099829654096008,0,0,0.4735075171507809,0.0611665703511781,SGPP1
GO_Biological_Process_2023,Adenylate Cyclase-Modulating G Protein-Coupled Receptor Signaling Pathway (GO:0007188),2/163,0.87919747205246,0.9099829654096008,0,0,0.5463585019929297,0.0703413357517908,ADGRG3;LPAR1
GO_Biological_Process_2023,T Cell Receptor Signaling Pathway (GO:0050852),1/95,0.8815146823493624,0.9114426499599888,0,0,0.468446134591316,0.0590774383639353,IKBKG
GO_Biological_Process_2023,Recombinational Repair (GO:0000725),1/95,0.8815146823493624,0.9114426499599888,0,0,0.468446134591316,0.0590774383639353,PPP4C
GO_Biological_Process_2023,DNA Metabolic Process (GO:0006259),4/288,0.8840966437890522,0.9132295737373736,0,0,0.6183387339985241,0.0761724664695012,UPF1;RRM2B;LIG4;BACH1
GO_Biological_Process_2023,Regulation Of Macroautophagy (GO:0016241),1/96,0.8841516171606612,0.9132295737373736,0,0,0.4634913074541557,0.0570681637057693,IKBKG
GO_Biological_Process_2023,Monocarboxylic Acid Metabolic Process (GO:0032787),1/97,0.8867299945587906,0.915422336447442,0,0,0.4586397058823529,0.0551352557436837,LDHC
GO_Biological_Process_2023,RNA Splicing (GO:0008380),1/98,0.889251111799676,0.917305104159259,0,0,0.4538881373326491,0.0532754005712894,GEMIN2
GO_Biological_Process_2023,Double-Strand Break Repair (GO:0006302),2/168,0.8894664915454705,0.917305104159259,0,0,0.5297653197825315,0.0620532362580469,PPP4C;LIG4
GO_Biological_Process_2023,ncRNA Processing (GO:0034470),1/100,0.8941266133345418,0.921638201437143,0,0,0.4446729740847387,0.049762413461761,ESF1
GO_Biological_Process_2023,rRNA Processing (GO:0006364),1/101,0.8964834516052481,0.923593919900845,0,0,0.4402036199095022,0.0481034464549752,ESF1
GO_Biological_Process_2023,Regulation Of RNA Splicing (GO:0043484),1/102,0.8987879391929421,0.9251573918676842,0,0,0.4358227677971417,0.0465058445697324,CLK1
GO_Biological_Process_2023,Neuron Differentiation (GO:0030182),2/173,0.8989215852326305,0.9251573918676842,0,0,0.5141424991049052,0.0547867536230517,TENM1;FZD7
GO_Biological_Process_2023,Inorganic Cation Import Across Plasma Membrane (GO:0098659),1/103,0.9010412363671216,0.9268643219538968,0,0,0.4315278147458078,0.0449670344853364,SCN9A
GO_Biological_Process_2023,Positive Regulation Of Kinase Activity (GO:0033674),1/104,0.9032444776699624,0.928655447629987,0,0,0.4273162588411018,0.0434845668825064,SPDYA
GO_Biological_Process_2023,Positive Regulation Of ERK1 And ERK2 Cascade (GO:0070374),2/179,0.909272987982205,0.93419791871172,0,0,0.4965602060033053,0.0472277980312754,GPNMB;PDGFC
GO_Biological_Process_2023,Negative Regulation Of Translation (GO:0017148),1/107,0.9095648392631028,0.93419791871172,0,0,0.415158371040724,0.0393524437008885,ROCK1
GO_Biological_Process_2023,Endosomal Transport (GO:0016197),2/180,0.9108987885466892,0.9350901761894,0,0,0.4937450635684985,0.0460780111122434,WASHC4;WASHC2A
GO_Biological_Process_2023,Lipid Transport (GO:0006869),1/108,0.9115787094895144,0.9353104676232384,0,0,0.4112572419334376,0.0380731002739098,OSBPL8
GO_Biological_Process_2023,Regulation Of Proteasomal Ubiquitin-Dependent Protein Catabolic Process (GO:0032434),1/109,0.9135478313119324,0.9368526229270326,0,0,0.4074283559577677,0.0368394861747139,RNF19B
GO_Biological_Process_2023,Adenylate Cyclase-Activating G Protein-Coupled Receptor Signaling Pathway (GO:0007189),1/110,0.9154731969002392,0.9383483558232946,0,0,0.4036697247706422,0.0356497657002896,ADGRG3
GO_Biological_Process_2023,Phosphate-Containing Compound Metabolic Process (GO:0006796),2/184,0.9171331064244448,0.9393199748379814,0,0,0.4827938501407889,0.0417629537338077,IPMK;RICTOR
GO_Biological_Process_2023,Double-Strand Break Repair Via Homologous Recombination (GO:0000724),1/111,0.917355776421372,0.9393199748379814,0,0,0.3999794323323735,0.0345021871632455,PPP4C
GO_Biological_Process_2023,Positive Regulation Of Cellular Component Organization (GO:0051130),1/113,0.9209963509151812,0.9425675485435407,0,0,0.3927965416936005,0.0323268430392369,IFNG
GO_Biological_Process_2023,Negative Regulation Of Canonical Wnt Signaling Pathway (GO:0090090),1/114,0.9227561807241498,0.9438880016567638,0,0,0.3893004444800384,0.0312959557503039,TLE3
GO_Biological_Process_2023,Endoplasmic Reticulum To Golgi Vesicle-Mediated Transport (GO:0006888),1/115,0.9244768952594108,0.9451671207891228,0,0,0.3858656823053107,0.0303009593534566,MIA2
GO_Biological_Process_2023,Transcription By RNA Polymerase II (GO:0006366),2/192,0.928392821381499,0.9482060828134212,0,0,0.4622747344551856,0.0343471684915013,E2F3;DEK
GO_Biological_Process_2023,Modification-Dependent Protein Catabolic Process (GO:0019941),2/192,0.928392821381499,0.9482060828134212,0,0,0.4622747344551856,0.0343471684915013,OS9;RNF19B
GO_Biological_Process_2023,Regulation Of Protein Binding (GO:0043393),1/118,0.9294129256845196,0.9487658611609366,0,0,0.3759136790810999,0.0275176913537879,ROCK1
GO_Biological_Process_2023,Regulation Of Protein-Containing Complex Assembly (GO:0043254),1/119,0.9309856635401264,0.9494069932600986,0,0,0.3727087966868624,0.0266529281467155,IFNG
GO_Biological_Process_2023,Cellular Response To Tumor Necrosis Factor (GO:0071356),1/119,0.9309856635401264,0.9494069932600986,0,0,0.3727087966868624,0.0266529281467155,ILK
GO_Biological_Process_2023,Intracellular Protein Transport (GO:0006886),4/325,0.9317503071890832,0.9497049277130108,0,0,0.5460157963085177,0.0385980810166125,EGR2;E2F3;RANBP6;TRIM23
GO_Biological_Process_2023,Regulation Of DNA-templated Transcription (GO:0006355),34/1922,0.9341596408694616,0.9516780933338154,0,0,0.7779749077949526,0.0529862634068823,TENM1;SPI1;NCF1;ZNF292;PRDM5;JMJD1C;ILK;BACH1;NACC2;RPS6KA1;ZBED1;E2F3;ZNF644;CEP290;ZNF322;HOXA4;PCGF6;EGR2;FZD7;TFE3;RHOG;TFEB;ZBTB11;DEK;ZFY;SMAD6;ETV5;ZNF718;BRMS1;IFNG;NFIB;CTDSP1;ZNF117;CDK14
GO_Biological_Process_2023,Regulation Of Protein Catabolic Process (GO:0042176),1/122,0.9354971683552644,0.9520755991868768,0,0,0.3634119890804382,0.0242312793966973,CYP51A1
GO_Biological_Process_2023,Potassium Ion Transport (GO:0006813),1/122,0.9354971683552644,0.9520755991868768,0,0,0.3634119890804382,0.0242312793966973,KCNA5
GO_Biological_Process_2023,Modulation Of Chemical Synaptic Transmission (GO:0050804),1/123,0.9369346288924244,0.9530387320962712,0,0,0.3604146576663452,0.0234780471368487,HOMER1
GO_Biological_Process_2023,Enzyme-Linked Receptor Protein Signaling Pathway (GO:0007167),1/124,0.9383401247853336,0.9530387320962712,0,0,0.3574660633484163,0.0227501373590066,FGR
GO_Biological_Process_2023,Negative Regulation Of Growth (GO:0045926),1/124,0.9383401247853336,0.9530387320962712,0,0,0.3574660633484163,0.0227501373590066,MINAR1
GO_Biological_Process_2023,Neuron Projection Guidance (GO:0097485),1/124,0.9383401247853336,0.9530387320962712,0,0,0.3574660633484163,0.0227501373590066,SEMA3C
GO_Biological_Process_2023,Organic Substance Transport (GO:0071702),2/201,0.9393302481853656,0.9533904578000932,0,0,0.4411627297485158,0.0276115633384912,ARRDC4;CEP290
GO_Biological_Process_2023,Negative Regulation Of Cell Growth (GO:0030308),1/125,0.9397143653114116,0.9533904578000932,0,0,0.3545650270033572,0.0220466110639797,MINAR1
GO_Biological_Process_2023,Regulation Of Translation (GO:0006417),2/202,0.9404427579733586,0.9533904578000932,0,0,0.4389342403628118,0.0269525355837209,UPF1;RPS6KA1
GO_Biological_Process_2023,Negative Regulation Of Nucleic Acid-Templated Transcription (GO:1903507),6/456,0.940708522116786,0.9533904578000932,0,0,0.582974828375286,0.0356325528953144,PCGF6;SPI1;BRMS1;IFNG;NACC2;PRDM5
GO_Biological_Process_2023,Protein-Containing Complex Organization (GO:0043933),1/126,0.941058043918102,0.9533904578000932,0,0,0.351710407239819,0.0213665683479813,IKBKG
GO_Biological_Process_2023,Protein Targeting (GO:0006605),1/129,0.94491241516896,0.9568130753096268,0,0,0.3434141685520362,0.0194588901320459,NCF1
GO_Biological_Process_2023,Synapse Organization (GO:0050808),1/131,0.9473412253754444,0.9587894577062656,0,0,0.3380960668290985,0.0182896205661872,CACNB4
GO_Biological_Process_2023,Circulatory System Development (GO:0072359),1/132,0.948515259908042,0.9594945507877024,0,0,0.3354979102621671,0.0177335476688298,KDM6B
GO_Biological_Process_2023,"mRNA Splicing, Via Spliceosome (GO:0000398)",2/211,0.9496200045717827,0.9601288778618128,0,0,0.4198374724690514,0.0217028136339892,GEMIN2;RBM41
GO_Biological_Process_2023,mRNA Processing (GO:0006397),2/214,0.95236766774497,0.9624228316578128,0,0,0.4138321995464852,0.0201967134853656,GEMIN2;RBM41
GO_Biological_Process_2023,Potassium Ion Transmembrane Transport (GO:0071805),1/137,0.9540050563040272,0.9635930468196456,0,0,0.3230802501996274,0.0152126559883211,KCNA5
GO_Biological_Process_2023,Intracellular Calcium Ion Homeostasis (GO:0006874),1/139,0.956033761662489,0.9651571375899564,0,0,0.3183651386976195,0.0143143496052208,BCL2
GO_Biological_Process_2023,Skeletal System Development (GO:0001501),1/149,0.9649138044943294,0.9736329051373503,0,0,0.2967011128775834,0.0105971263069092,PHEX
GO_Biological_Process_2023,protein-RNA Complex Assembly (GO:0022618),1/150,0.9656967464153138,0.9739339991443956,0,0,0.2946946460566674,0.0102864407346025,GEMIN2
GO_Biological_Process_2023,Positive Regulation Of Developmental Process (GO:0051094),2/233,0.9667160377929253,0.9744730370931692,0,0,0.3794210324822569,0.0128435838443483,BRMS1;RPS6KA1
GO_Biological_Process_2023,Ribosome Biogenesis (GO:0042254),1/155,0.9693575664759098,0.9766459692313678,0,0,0.2850531821120056,0.0088713480285481,ESF1
GO_Biological_Process_2023,Mitochondrion Organization (GO:0007005),1/162,0.9738370816124788,0.9803732210386842,0,0,0.2725611983924004,0.0072259398884986,BCL2A1
GO_Biological_Process_2023,Positive Regulation Of DNA-binding Transcription Factor Activity (GO:0051091),2/246,0.9740324987135583,0.9803732210386842,0,0,0.3589643507676294,0.009444570915102,IKBKG;MYD88
GO_Biological_Process_2023,Membrane Organization (GO:0061024),1/167,0.976630717899512,0.9824963678568666,0,0,0.2642833778553126,0.0062494228607274,FCHO2
GO_Biological_Process_2023,Heart Development (GO:0007507),1/171,0.9786496909222796,0.9840349568553184,0,0,0.2580117114719191,0.0055682859057792,KDM6B
GO_Biological_Process_2023,"RNA Splicing, Via Transesterification Reactions With Bulged Adenosine As Nucleophile (GO:0000377)",1/180,0.9825785670269962,0.987491459862131,0,0,0.2449253014484693,0.0043045553141116,RBM41
GO_Biological_Process_2023,RNA Processing (GO:0006396),1/183,0.9837207137563326,0.987651665659455,0,0,0.2408507781810949,0.0039531439627084,GEMIN2
GO_Biological_Process_2023,Macromolecule Biosynthetic Process (GO:0009059),1/183,0.9837207137563326,0.987651665659455,0,0,0.2408507781810949,0.0039531439627084,SLC11A1
GO_Biological_Process_2023,Intracellular Monoatomic Cation Homeostasis (GO:0030003),1/190,0.986103483025415,0.989549675926652,0,0,0.2318465847877612,0.0032444558975056,SLC11A1
GO_Biological_Process_2023,Regulation Of Transcription By RNA Polymerase II (GO:0006357),32/2028,0.9868174529765928,0.9897719962489776,0,0,0.6850099225214419,0.0090902241852763,SPI1;ZNF292;PRDM5;JMJD1C;BACH1;PLAGL1;NACC2;RPS6KA1;ZBED1;E2F3;IKBKG;ZNF644;ZNF322;HOXA4;KDM6B;PCGF6;EGR2;MACC1;SLC11A1;PTCH1;TFE3;TFEB;LILRB1;DEK;ZFY;SMAD6;ETV5;BRMS1;IFI27;IFNG;NFIB;CTDSP1
GO_Biological_Process_2023,Golgi Vesicle Transport (GO:0048193),1/197,0.9881381025321936,0.99014059764574,0,0,0.2234855480653799,0.0026668108312553,MIA2
GO_Biological_Process_2023,Negative Regulation Of Transcription By RNA Polymerase II (GO:0000122),9/763,0.988614595595842,0.99014059764574,0,0,0.5171405346600008,0.0059216285225353,SPI1;BRMS1;IFI27;IFNG;NACC2;PTCH1;PRDM5;BACH1;ETV5
GO_Biological_Process_2023,DNA-templated Transcription (GO:0006351),1/199,0.9886627758582088,0.99014059764574,0,0,0.2212052653229123,0.0025221780929263,DEK
GO_Biological_Process_2023,Gene Expression (GO:0010467),2/296,0.9901931769835556,0.991179425167802,0,0,0.2971447082234254,0.0029284284391673,UPF1;NXF3
GO_Biological_Process_2023,Protein Localization (GO:0008104),2/351,0.996732564844254,0.9972286985251124,0,0,0.2496020375676536,0.0008168937741744685,ATG13;TRIM23
GO_Biological_Process_2023,Negative Regulation Of DNA-templated Transcription (GO:0045892),11/1025,0.99822892557389,0.99822892557389,0,0,0.465640751698444,0.0008254155792477147,PCGF6;SPI1;BRMS1;IFI27;IFNG;NFIB;NACC2;PTCH1;PRDM5;BACH1;ETV5
