PTGDS,DGKK,KIAA0319L,KIR2DL3,PPP4C,LILRB1,MBOAT7,LRRC25,KIR2DL1,TNFAIP2,LSP1,ABHD2,RHOG,APOBR,IFITM3,ADGRG3,SH2B2,HLA-C,PLOD1,MGRN1,PLIN3,IKBKG,RAB3D,LOC102724984,TRAFD1,ZYX,TPD52L2,SLC15A3,ILK,C15orf39,TNFSF14,SH2D3C,NACC2,TLE3,AGTRAP,FCGRT,PLEKHG3,GPX3,KIR3DL1,PILRA,TYROBP,MGAT1,RPS6KA1,LILRA2,PTPN6,KIR3DL3,CXCL16,PLAUR,EFHD2,MAST3,SPI1,GNB2,P2RX1,RNF19B,TFE3,OS9,NCF1,UPF1,IFITM2,KDM6B,ZBED1,SIRPB1,CTSD,DGKH,FES,PREX1,MIR6837,S100A11,LOC100130872,SIRPD,FAM102A,AMPD2,MMP9,LAT2,CUEDC1,LTB4R,IQSEC1,CA4,CTDSP1,NINJ1,IL17RA,MYD88,SLC44A2,TFEB,GBAP1,MYO1F,FGR,OSCAR,CMIP,BCL2,JARID2,GRN,PSTPIP1,BRMS1,CHST15,CST7,SLC11A1,GRK6,SLX1B-SULT1A4,ATG13,Disease
7.511333333333333,4.876,6.991,5.615,8.85,7.9705,8.8295,8.408,7.167,8.0505,10.457,6.371666666666666,11.566,7.966,12.4,8.3475,8.949,12.829,6.849,8.384,8.611,8.235,6.4775,8.897,5.778,10.2805,8.704,6.969,8.949,6.580666666666667,6.393000000000001,7.252666666666666,5.231999999999999,7.5745,8.268333333333333,9.687,6.1135,4.6850000000000005,5.638,8.782499999999999,12.058,8.212,8.848,8.6005,10.895,6.201,6.194,6.652333333333334,9.2825,8.351,9.107,9.343,7.993,7.045,5.65025,8.536,10.533,6.383,12.6385,7.9718,5.6715,6.519333333333333,6.763,3.3496,7.828,9.286,7.998,11.529,6.6165,5.418,5.984999999999999,8.207,9.469,7.711,5.7685,6.443666666666666,8.2735,6.026,9.43,10.011,8.4625,10.812,8.356,7.788,6.3675,11.138,8.994,6.317,6.853000000000001,4.59125,6.269333333333333,9.339666666666666,8.864,7.365,7.047499999999999,9.692,6.022333333333333,8.488,7.877333333333333,7.251666666666668,CONTROL
7.451333333333333,4.835,8.057500000000001,6.335,9.564,7.9985,8.7985,8.738,7.821,8.793,10.625,7.441833333333334,11.608,8.355,12.342,8.912500000000001,8.279,13.10625,7.946,9.318,9.066,8.2485,7.1695,9.268,6.4085,10.5285,9.199,7.442,9.294,7.123,7.5435,7.684333333333334,6.4935,7.97675,8.478333333333333,10.233,6.434,5.6265,6.773,9.3715,12.109,8.98,9.246,8.96825,11.236,6.364,7.446,7.411333333333334,9.4835,8.985,9.204,9.576,8.87,8.1375,5.79375,9.051,10.934,6.933999999999999,12.89,8.6446,7.275499999999999,6.486,7.55,3.245,8.203,9.6575,8.56,11.632,7.6895,5.906,5.907500000000001,8.789,11.615,7.6715,7.0975,7.153,9.02,7.0585,9.879,9.801,9.159,11.165,9.208,8.193,7.1595,11.418,9.431,7.803,7.090333333333334,4.6610000000000005,6.629333333333334,9.760666666666667,8.992,7.763,7.444,10.389,6.520333333333333,8.68675,8.530666666666667,7.678333333333334,IPD
7.988333333333333,4.403,6.9510000000000005,5.451,9.398,7.9325,8.993,8.702,6.56,9.05,10.093,7.011,11.431,8.368,12.4,8.5565,8.681,12.49,6.9,8.467,8.998,8.0565,7.300499999999999,8.933,5.8715,9.8345,8.69,7.258,9.093,7.151,7.471500000000001,7.856000000000001,5.1505,8.22875,8.055,9.852,6.648,5.8365,5.718,8.548,11.844,8.586,8.935,8.43725,10.76,6.068,7.029,7.206333333333333,9.233,8.131,8.691,9.741,8.144,7.678,5.9635,9.026,10.559,6.812,12.819,9.2676,6.4825,6.166333333333334,7.092,3.2694,7.963,8.4725,8.081,11.837,7.963999999999999,5.302,6.2245,8.155,9.806,7.959999999999999,6.8615,6.222666666666666,8.1,7.005000000000001,9.555,9.551,8.6385,10.367,8.6735,8.2315,6.9935,11.124,8.521,6.891,7.414666666666666,4.8545,6.242,8.865,8.607,7.936,7.253,9.523,6.740166666666667,8.28025,8.138,7.483666666666667,IPD
7.2,4.775,7.7715,4.85,9.869,8.2875,9.751,9.204,6.745,8.85,10.815,7.209166666666667,12.031,8.34,13.091,9.5365,8.805,13.10175,7.541,9.394,9.565,7.975,7.336,9.294,6.23325,10.7385,9.659,7.62,9.276,7.321666666666666,7.439,7.788333333333334,6.5265,8.492249999999999,8.805333333333332,10.635,6.64575,6.053,5.745,9.7925,12.638,8.77,9.872,9.2725,10.895,5.415,8.016,7.890000000000001,10.2615,8.83,9.484,10.072,8.354,8.565999999999999,6.327999999999999,8.983,10.796,6.9125,13.343,9.150200000000002,6.3545,6.906666666666666,7.066,3.1404,7.651,9.973,8.281,12.474,7.308999999999999,6.207,5.549,9.205,10.641,8.552,6.482,7.247333333333334,9.006,6.8795,10.097,10.08,9.213,11.772,9.3875,8.2145,6.9425,11.166,10.012,7.224,6.748,4.699,6.678333333333334,9.367,9.0,7.737,7.683,10.766,7.0455000000000005,8.82475,8.036999999999999,7.542000000000001,CONTROL
7.015,4.3,7.789,5.476,9.406,7.984500000000001,9.519,8.994,7.05,8.706,10.47,7.0515,11.507,8.288,12.743,9.1445,8.63,13.05675,7.512,8.759,9.125,8.118,6.8585,9.229,6.39625,10.622,9.389,7.273,9.272,6.991333333333333,7.099,7.797,6.093999999999999,8.23625,8.247666666666667,10.01,6.7165,5.385,5.724,9.297,12.279,8.67,9.104,8.89625,11.126,5.408,7.656,7.605999999999999,9.671,8.721,9.249,9.96,8.223,8.021,6.00575,8.8345,10.624,6.9295,13.047,8.452,6.357,6.574666666666666,6.89,3.3492000000000006,8.068,9.6465,7.966,12.015,6.9655000000000005,5.69,5.9825,8.921,9.16,7.9125,6.372,6.785999999999999,8.782499999999999,6.2155000000000005,9.803,10.143,8.83325,11.561,9.208,7.894500000000001,6.902,11.138,9.646,7.445,7.067,4.38525,6.473333333333333,9.473333333333334,8.501,7.663,7.1175,9.77,6.669833333333334,8.6625,8.254,7.662,IPD
7.341666666666666,4.512,8.0905,5.516,9.654,8.2775,9.448,9.445,6.587,9.049,10.565,7.727833333333333,11.798,8.328,12.669,8.9535,8.525,13.09025,8.068,9.418,9.201,8.2005,7.0345,9.313,6.33775,10.4125,9.436,7.517,9.676,7.172666666666667,7.2705,7.887333333333333,6.4255,8.16625,8.588333333333333,10.339,6.52775,6.052,6.002,9.7455,12.264,8.933,9.328,9.31725,11.344,5.701,7.932,7.829333333333333,9.465,9.029,9.062,10.116,8.613,8.4225,6.181,9.02,11.064,7.1815,12.9945,8.8236,6.588,6.788666666666667,7.264,3.1862000000000004,8.132,9.683,8.383,12.15,7.3095,5.731,5.915500000000001,8.84,10.452,8.3535,6.5745000000000005,7.337333333333333,8.957,6.993,9.833,10.032,9.08375,11.564,9.209,8.0415,6.9855,11.345,9.572,7.552,7.390333333333333,4.5085,6.374333333333333,9.762333333333332,9.06,7.694,7.7145,9.993,6.700166666666667,8.723749999999999,8.179,7.62,IPD
7.676333333333335,4.744,7.8535,4.895,9.459,8.009,9.063,9.198,6.405,8.933,10.347,7.344,11.556,8.214,12.77,9.1395,7.897,13.07425,7.152,9.033,8.644,7.960500000000001,6.871,8.963,6.27125,9.998,9.488,7.011,9.413,6.908333333333334,7.489,7.674666666666667,6.9190000000000005,7.923,8.426666666666668,9.997,6.54,5.713,5.469,9.2635,12.417,8.541,9.449,8.8925,10.951,5.8,7.31,7.687666666666666,9.662,8.389,8.7,10.13,8.098,8.656500000000001,6.04275,8.9125,10.837,6.8925,13.1755,8.4946,6.877000000000001,6.566666666666666,6.47,3.4738,7.524,9.6795,8.02,11.968,7.1160000000000005,5.975,5.4605,8.788,10.404,7.93,6.3420000000000005,6.533,8.818000000000001,7.0335,9.632,10.067,9.00225,11.599,9.0795,7.941,6.833,11.298,9.859,7.222,6.691333333333333,4.91475,6.667666666666666,8.944333333333335,8.595,7.512,7.724,10.103,6.790166666666667,8.7305,8.375333333333334,7.401000000000001,IPD
6.972666666666666,4.436,8.058,5.394,9.384,8.134,9.4065,9.398,6.695,9.105,10.529,7.750166666666668,11.705,8.368,12.723,9.518,8.745,12.84425,7.509,9.24,8.98,8.2635,7.1525,9.331,6.3595,10.4135,9.035,7.413,9.114,7.404,7.1445,7.917666666666666,6.5545,8.5915,7.907333333333334,10.185,6.63325,5.438000000000001,6.004,9.3725,12.026,8.793,9.333,8.80025,11.141,5.949,7.872,7.533666666666666,9.5495,8.602,9.229,9.988,8.162,8.161,6.06575,9.0705,11.1,6.9305,12.972,8.9086,6.44,6.392333333333333,7.138,3.1186,8.173,9.4025,8.387,12.059,7.0025,5.935,5.8655,9.004,10.418,8.2045,6.647,6.903333333333333,8.970500000000001,6.8375,9.597,10.182,8.92975,11.381,9.07,8.263,6.8455,11.339,9.737,7.149,7.116333333333333,4.341,6.595666666666666,9.552333333333332,8.632,7.791,7.676,10.029,6.5968333333333335,8.624749999999999,8.234666666666667,7.533666666666666,IPD
7.616333333333333,3.898,8.1795,6.762,10.064,8.442499999999999,9.5955,9.428,7.847,8.974,10.909,7.738833333333333,11.777,8.463,12.86,9.8265,8.912,13.20375,7.525,9.443,9.527,8.2185,7.6455,9.444,6.3865,10.7245,9.527,8.053,9.908,7.464333333333333,7.859,7.894000000000001,6.9055,8.526,8.738666666666667,10.503,6.84875,5.44,6.607,9.8695,12.563,9.03,9.635,9.38225,11.442,6.419,8.447,7.675333333333334,9.782,9.142,9.247,10.158,9.118,8.958,6.261,9.007,11.021,7.4565,13.3165,8.8622,7.2525,7.092333333333333,7.184,2.9656,8.435,10.0745,8.484,12.029,7.554,6.283,5.8835,9.566,11.555,8.5745,6.601,7.177333333333333,9.1175,8.008,10.167,10.502,9.405,11.788,9.379,8.1775,7.279,11.301,9.934,7.99,7.196666666666666,4.5592500000000005,6.846,9.805,9.196,7.856,7.948499999999999,11.246,6.8405,8.9235,8.906,7.881333333333333,IPD
8.402666666666667,4.456,7.526999999999999,6.021,9.181,7.830999999999999,9.1195,9.306,6.971,8.339,11.08,7.506166666666666,11.844,8.044,12.927,8.138,8.201,12.87075,7.832,8.407,9.042,8.024000000000001,7.2165,9.147,6.0705,10.6765,8.728,7.206,9.855,7.208333333333333,7.1425,8.090333333333334,6.5395,8.04725,8.322333333333333,9.995,6.07075,5.804,7.03,9.3685,12.163,9.054,9.364,8.81425,11.152,6.624,7.652,7.687333333333334,9.78,8.17,10.372,10.231,8.194,9.104,5.96875,8.9835,10.542,7.0565,13.145,8.483,6.8485,6.575,7.21,3.4598,7.634,9.473,8.21,12.364,7.4915,6.085,5.9375,8.407,9.584,7.859500000000001,6.244999999999999,6.599333333333334,8.600999999999999,6.811,9.785,9.567,8.90375,11.426,8.765,7.762,7.1325,11.326,9.701,7.35,7.224,5.2135,6.651666666666667,9.542333333333334,8.684,7.633,7.4995,10.834,6.069333333333333,8.7005,8.145000000000001,7.548666666666667,IPD
6.961333333333333,3.986,7.599500000000001,5.28,9.006,7.93,8.7085,9.116,6.446,8.4165,10.756,7.18,11.454,8.165,12.436,8.2965,7.85,12.767,7.439,8.358,9.099,7.830999999999999,6.8275,8.854,6.11925,10.8195,8.972,7.454,9.644,7.343,7.0065,7.780666666666666,6.494000000000001,7.7165,8.165666666666667,9.64,5.79525,4.1955,5.69,8.993500000000001,12.096,9.117,9.458,8.73325,11.258,5.444,6.903,7.334,9.6455,8.147,10.121,10.01,7.815,8.913499999999999,5.8535,9.209,10.543,7.0535,12.835,8.2482,6.598000000000001,6.396,7.06,3.519,7.667,9.3175,8.312,12.005,7.16,5.836,6.0995,8.265,9.195,7.6665,6.1715,6.733666666666667,8.532,6.4030000000000005,9.651,9.663,8.9735,11.496,8.759,8.017,6.9505,11.051,9.925,7.819,7.105333333333333,5.54025,6.475666666666666,9.615666666666668,8.418,7.379,7.562,10.336,6.286666666666666,8.61975,8.213666666666667,7.283666666666666,CONTROL
8.651666666666666,5.363,8.532499999999999,6.216,9.313,8.5205,9.226,9.192,7.553,8.806,11.42,7.552,11.692,8.992,13.113,8.526,8.149,13.21125,8.171,8.565,8.952,8.1945,7.345,9.15,6.414,11.2725,9.328,7.712,9.66,7.364333333333334,7.1905,7.978000000000001,6.6895,8.591750000000001,8.333333333333334,10.385,6.4205000000000005,5.6465,7.428,9.6705,12.335,9.319,9.708,9.02475,11.425,6.333,7.714,7.622333333333334,10.117,8.476,11.099,10.482,8.167,9.49,5.9030000000000005,9.39,10.486,7.2675,13.578,8.793000000000001,6.9335,6.7556666666666665,7.478,3.3266,7.773,9.828,8.448,12.48,7.7465,5.674,5.4455,8.914,9.286,8.0885,6.4215,6.957333333333334,8.8655,6.351,9.842,10.629,9.034,11.679,9.1675,8.190000000000001,7.156499999999999,11.383,10.394,7.998,7.719,5.26825,7.031,10.004333333333332,8.749,7.813,7.459,10.86,6.3165,8.5975,8.470666666666666,7.513333333333333,IPD
6.941,4.303,7.404,5.23,8.846,7.993,8.688,9.167,6.757,8.264,10.747,7.0680000000000005,11.553,8.002,12.398,8.1965,7.879,12.68,7.526,8.416,8.728,8.0175,6.7095,8.972,5.89425,10.736,8.824,7.428,9.483,6.814333333333333,6.8385,7.941666666666666,6.221,7.62175,8.081999999999999,9.973,5.88675,4.666,5.894,9.053,11.968,9.259,9.194,8.84975,11.415,5.834,7.061,7.410333333333334,9.713,8.201,9.873,10.127,7.429,8.8795,5.84175,9.1345,10.106,6.614000000000001,12.8585,8.2812,6.61,6.437333333333334,7.021,3.4684,7.58,9.15,8.362,12.108,7.250500000000001,5.584,6.057,8.463,8.893,7.842,5.704,6.614666666666667,8.617,6.193,9.533,9.855,8.786999999999999,11.3,8.8445,7.84,6.861000000000001,11.141,9.866,7.587,7.161333333333334,5.31225,6.65,9.502666666666666,8.608,7.416,7.332,9.831,5.885166666666667,8.69725,8.345333333333334,7.169666666666667,CONTROL
7.218,4.643,7.521000000000001,4.888,9.0,8.271,9.0795,9.63,6.617,8.592,11.093,7.21,11.652,8.651,13.038,8.381499999999999,8.103,12.86775,7.878,8.474,8.82,8.131,7.035500000000001,8.697,6.13,10.9425,8.726,7.527,9.318,7.612666666666667,7.083500000000001,7.748333333333334,6.525,8.39075,7.974333333333334,9.906,6.296749999999999,5.022,5.429,9.114,11.948,8.971,9.292,8.74925,11.242,5.348,7.044,7.495999999999999,9.816,8.322,9.99,10.271,7.765,9.263,6.01625,9.2655,10.384,6.9255,12.9245,8.5594,6.6905,6.9703333333333335,6.763,3.3044,7.729,9.4165,8.412,12.382,7.346,6.18,6.149,8.668,9.12,7.842,6.2,6.437333333333332,8.737,6.244,9.549,10.154,8.93575,11.54,8.989,8.038,7.0165,11.37,9.908,7.386,7.378333333333333,5.29875,6.866666666666667,9.347666666666669,8.313,7.733,7.478999999999999,10.141,6.132833333333333,8.51,8.086,7.464333333333333,CONTROL
7.254666666666666,4.298,7.6075,5.496,9.723,9.07,10.082,9.658,6.577,8.788499999999999,11.242,8.280666666666667,12.698,9.2,13.32,11.007,9.085,13.02675,7.67,9.274,10.267,8.5565,7.855,8.862,6.56325,11.764,9.614,8.133,9.954,7.971333333333334,8.026,8.259,7.080500000000001,9.299,8.970666666666666,10.069,6.16125,4.679,6.449,9.196,12.51,8.735,10.336,9.36825,11.676,5.732,8.114,8.061,10.4235,8.865,10.546,10.948,8.824,9.8075,6.66,9.6235,11.251,7.186999999999999,13.7375,10.0604,6.7875,7.297333333333333,7.315,3.0782,8.927,10.179,8.797,13.047,7.122,6.437,5.112,8.465,12.814,8.4585,6.408,7.626,9.395499999999998,8.3515,9.814,10.208,10.098,12.05,9.4175,8.530000000000001,7.782,11.863,10.782,8.508,7.521333333333334,4.49,6.642666666666667,10.220666666666666,9.038,7.797,8.551,12.559,7.721,9.18925,7.659333333333333,7.742333333333334,IPD
6.606333333333333,4.544,7.497999999999999,4.988,9.127,7.6805,9.1805,9.229,6.223,8.7265,10.082,7.560666666666666,11.284,7.878,12.609,9.0395,8.167,12.72525,6.954,8.388,8.838,7.865,7.007,9.024,6.18075,10.067,8.719,6.839,9.431,7.069,6.9985,7.678333333333334,6.5545,7.800000000000001,7.963000000000001,9.597,6.12275,5.2675,5.675,9.0915,11.854,8.153,8.69,8.286,10.812,6.009,7.465,7.537666666666666,8.975,8.046,8.445,9.569,8.106,8.587,5.8365,8.676,10.193,6.5985,12.975,8.2606,6.4945,6.528,6.657,3.4222,7.489,9.0345,8.02,11.869,6.4495000000000005,5.805,6.086,8.262,9.972,7.728,6.176500000000001,6.478000000000001,8.915,6.5280000000000005,9.26,9.737,8.8655,11.802,8.5175,7.795,6.4505,10.776,9.603,6.942,6.875666666666667,4.8265,6.309,9.051,8.309,7.074,7.302,9.773,6.402166666666666,8.25575,7.693333333333332,7.428999999999999,CONTROL
6.963666666666666,4.474,7.1465,4.604,8.609,7.5685,8.5625,8.472,5.752,7.9205,10.162,6.769166666666667,11.176,7.118,12.261,7.974500000000001,7.662,12.7375,7.048,8.381,8.28,7.7465,6.3235,8.653,5.827500000000001,9.4595,8.801,6.784,9.338,6.408333333333334,6.406499999999999,7.218666666666667,6.0715,7.09,7.670999999999999,9.403,5.890750000000001,4.3245000000000005,5.112,8.451,11.754,8.669,8.901,8.06675,10.884,4.954,7.301,7.058666666666667,9.0185,7.689,8.409,9.545,8.063,8.381499999999999,5.67175,8.5685,10.083,6.2365,12.6405,7.8042,5.958,6.185,6.268,3.6354,7.255,8.791,8.077,11.515,7.346500000000001,5.403,5.946,8.309,8.21,7.3065,5.972,6.088,8.462499999999999,5.9465,9.389,9.387,8.40025,11.362,8.606000000000002,7.4345,6.443,10.479,9.477,6.821,6.436333333333334,5.383,6.258,8.6,7.927,7.459,7.2155,9.761,5.9510000000000005,8.5515,8.169,7.178333333333334,CONTROL
7.541333333333334,4.069,7.4795,4.897,9.098,8.280999999999999,8.5485,8.94,5.703,8.628,10.777,6.8468333333333335,11.677,8.067,12.828,8.041,8.013,12.89075,7.665,8.846,9.254,8.1425,6.611,8.889,6.38275,10.3625,8.826,7.404,9.522,7.186,6.9185,7.524000000000001,6.7205,7.873,8.135333333333334,9.963,6.0725,4.2525,5.075,9.0145,12.019,8.86,9.346,8.285,11.468,5.455,7.057,7.422000000000001,9.914,7.916,9.326,10.154,8.249,8.964500000000001,5.96,9.135,10.802,6.627,12.889,8.381,6.6265,6.09,7.018,3.3427999999999995,7.968,9.116,8.534,12.328,7.176,5.494,5.898,8.78,9.184,7.53,6.5165,6.521,8.7665,5.7705,9.746,9.927,8.60075,11.497,8.620999999999999,8.017,7.192,11.04,9.832,7.55,7.057333333333333,5.226,6.4863333333333335,9.537999999999998,8.368,7.648,7.577,9.877,6.260333333333333,8.63425,8.428666666666667,7.392,CONTROL
6.68,4.442,7.966,5.168,9.301,8.0265,9.2905,8.872,6.51,9.132,10.318,7.445333333333333,11.67,8.159,12.545,8.8255,8.373,12.88325,7.424,8.621,8.898,8.1495,7.0685,8.907,6.4085,10.447,8.956,7.589,9.37,7.591,7.4155,7.514666666666667,6.148,8.20875,7.989,9.787,6.52475,5.318,6.28,8.465,11.973,8.857,9.457,8.4475,10.914,5.686,6.812,7.467,9.54,8.264,8.871,9.871,8.17,8.7005,5.955500000000001,9.1325,11.13,6.7010000000000005,12.842,9.0746,6.231,6.503333333333334,7.05,3.4732,7.774,9.3035,8.162,12.078,7.127,5.71,5.8405000000000005,8.706,9.8,7.993499999999999,6.2835,6.672999999999999,8.821000000000002,6.58,9.717,9.867,9.00475,11.257,9.033,7.824,6.96,11.39,9.332,7.061,7.220666666666666,4.94325,6.7556666666666665,9.229,8.319,7.988,7.5395,9.925,6.5715,8.315000000000001,7.742999999999999,7.38,CONTROL
6.834,4.412,7.7925,5.412,9.565,7.920999999999999,9.565,9.461,6.57,9.042,10.755,7.843166666666666,11.651,8.597,13.086,9.6385,8.364,13.229,7.372,9.154,9.471,7.9615,7.442500000000001,9.09,6.139,10.3695,9.58,7.253,9.316,7.306,7.100999999999999,7.868333333333333,6.484500000000001,8.8895,8.098666666666666,10.383,6.32375,5.715999999999999,5.669,9.716,12.423,8.679,9.508,9.28025,11.178,5.357,7.776,7.93,9.661,8.831,9.433,9.989,8.279,8.9535,6.18775,8.9125,10.901,7.144,13.2005,9.086,6.389,6.797999999999999,6.688,3.2482,7.894,10.045,8.192,12.041,6.3445,6.095,5.8075,9.239,9.865,8.3805,6.174,7.189,9.1645,7.0565,9.603,10.24,9.411,11.693,9.185,7.871499999999999,6.886,11.399,9.802,7.393,6.913333333333334,4.953,6.844,9.643,8.787,7.179,8.0135,10.051,6.547166666666667,8.57275,8.163333333333332,7.562666666666666,CONTROL
7.195666666666667,4.681,7.3475,5.056,9.318,7.7125,8.838,8.943,6.496,8.6595,10.042,7.386833333333333,11.27,7.951,12.435,8.356,7.767,12.8835,7.21,8.583,8.796,7.8535,6.7535,8.702,6.28775,9.9265,8.757,6.784,9.269,6.916333333333334,7.332000000000001,7.703333333333333,6.567500000000001,7.828,7.697,9.534,6.298500000000001,4.536,6.1,8.9435,11.711,8.403,8.903,8.43525,10.859,5.792,7.478,6.946333333333333,9.0285,8.273,8.272,9.655,7.874,8.1135,5.99575,8.8615,10.215,6.6755,12.7655,8.4274,6.613,6.3823333333333325,6.483,3.237,7.092,9.191,7.885,11.652,7.618,5.88,6.117,8.277,8.763,7.793,6.0795,6.3453333333333335,8.6755,6.2775,9.532,9.579,8.585,11.329,8.917000000000002,7.901999999999999,6.6275,11.077,9.072,6.766,6.898,4.76375,6.535,8.926,8.422,7.574,7.195499999999999,9.89,6.172333333333333,8.473749999999999,7.835999999999999,7.579333333333333,IPD
6.958333333333333,4.469,7.609,5.162,9.131,8.2225,9.304,8.935,6.376,8.7375,10.325,7.291833333333333,11.563,8.245,12.433,8.7775,8.317,12.9095,7.442,8.799,8.817,8.0215,7.0615,8.999,6.193,10.141,9.017,7.337,9.24,7.44,7.399,7.729999999999999,6.611000000000001,8.01125,8.387333333333332,9.94,6.454750000000001,5.8445,6.002,9.2085,12.067,8.696,9.254,8.66925,10.908,5.718,7.511,7.556,9.138000000000002,8.439,8.74,9.922,8.76,8.8025,6.0175,8.9565,10.861,6.718999999999999,12.842,8.7854,6.452999999999999,6.547000000000001,6.862,3.311,7.865,9.403,8.063,11.978,6.9775,5.695,6.009,8.905,9.527,8.175,6.5885,6.690666666666668,8.814,6.508,9.578,9.566,9.18675,11.429,8.9495,7.9175,6.95,11.383,9.545,7.39,6.922,4.84625,6.603999999999999,8.976666666666667,8.601,7.778,7.561,9.692,6.480833333333333,8.435,8.393666666666666,7.414000000000001,CONTROL
6.672666666666667,3.715,7.8725,4.619,9.068,8.082,9.187,9.231,5.703,8.329,10.594,7.526499999999999,11.546,7.817,12.588,9.453,7.841,13.02475,6.803,8.743,9.124,7.7535,7.134,8.414,6.154,10.2335,9.234,6.852,9.276,7.150666666666667,7.587,7.899666666666666,6.943999999999999,8.4275,7.892666666666667,9.706,6.3055,4.09,5.014,8.9695,12.094,8.504,9.357,8.4335,10.958,5.452,7.243,7.452333333333333,9.4695,8.06,9.11,10.036,8.288,9.386500000000002,6.356,8.7055,10.66,6.6325,13.1345,8.584399999999999,6.58,6.6883333333333335,6.67,3.3306,6.891,9.5965,8.413,12.281,6.167,5.963,5.9965,8.515,9.66,8.23,6.116,6.559,8.988499999999998,6.2215,9.668,9.821,8.99375,11.891,8.9525,7.987999999999999,6.6835,11.28,10.07,7.056,6.447333333333333,5.00925,6.369,9.071666666666667,8.645,7.332,7.832000000000001,10.342,6.282166666666666,8.629,7.943333333333334,7.221666666666667,CONTROL
8.44,4.898,7.852499999999999,5.944,9.25,8.329,9.37,9.653,7.406,8.4265,10.922,7.133333333333333,11.874,8.331,12.493,8.654499999999999,8.209,13.0335,7.901,9.014,9.159,8.247,7.4965,9.13,6.50775,10.527,8.639,7.453,9.374,7.475666666666666,7.0745000000000005,7.657666666666667,7.002,8.159,8.086,9.898,6.61775,5.0115,6.495,9.404,11.828,8.823,9.528,9.14425,11.185,6.592,7.976,7.646,9.558,8.855,9.375,10.194,8.737,9.0015,6.20675,9.03,10.675,7.022,12.837,8.7256,6.2665,7.15,7.166,3.2174,7.979,9.588,8.136,12.216,7.252,5.758,6.004,8.736,10.09,7.8065,6.586,6.9976666666666665,8.9275,6.648,9.705,10.01,9.02375,11.631,9.088,8.2165,7.0815,11.527,9.639,7.572,7.2826666666666675,5.075,6.817666666666667,9.845999999999998,8.617,7.777,7.414,9.567,6.589666666666666,8.7165,8.037666666666667,7.641000000000001,CONTROL
7.127,4.208,8.199,5.324,9.071,8.149999999999999,8.7495,9.338,6.32,8.086,10.801,7.025333333333333,11.36,8.502,12.669,8.6765,8.345,13.05725,7.354,8.502,8.57,7.771,7.2515,8.993,6.1055,11.0245,9.157,7.429,9.633,7.122,7.093999999999999,7.938,6.7015,8.237,8.375666666666667,10.019,6.151,5.284000000000001,5.605,9.598,11.836,8.992,9.668,9.5235,11.289,5.347,7.08,7.571333333333334,9.8075,8.576,10.932,10.457,8.234,9.367,5.962,8.848,10.783,7.218500000000001,12.9735,8.0988,6.032,6.749666666666666,6.931,3.2282,7.876,9.812,7.912,12.236,6.955,5.09,6.271,8.722,9.618,7.742,5.7605,6.642,8.739,6.558,9.793,10.338,9.03075,11.405,8.8325,8.0355,7.241,10.354,9.794,7.629,6.728333333333334,5.01025,6.507000000000001,9.716333333333331,9.306,7.675,7.3075,10.221,6.206499999999999,8.64875,8.226333333333335,7.459333333333333,CONTROL
6.928,4.154,7.925,5.376,8.981,7.879,9.0955,8.829,6.433,8.2455,10.74,6.839,11.393,8.167,12.404,8.2095,8.457,12.97675,6.874,8.545,8.522,7.6365,6.8165,8.952,5.97675,10.572,8.874,7.252,9.764,7.056,6.798,7.837333333333333,6.695,7.86375,7.966333333333334,9.609,6.1945,5.421,6.024,9.3695,11.834,9.015,9.44,9.05475,11.292,6.263,6.652,7.375333333333334,9.8085,8.363,9.833,10.088,8.046,9.061,6.05575,8.778,10.811,6.964,12.8185,7.7936,6.0635,6.407333333333334,6.508,3.353,7.539,9.6305,8.162,12.027,7.0825,5.426,6.183,8.922,8.724,7.4225,5.9670000000000005,6.297666666666667,8.592500000000001,6.1115,9.818,10.183,8.8115,11.444,8.9145,7.712,7.0175,10.422,9.922,7.349,6.513000000000001,5.216,6.641000000000001,9.254,8.999,7.686,7.169,10.014,5.9895,8.7645,8.607666666666667,7.565333333333334,CONTROL
6.999333333333333,5.0,7.965,5.28,8.982,7.493,8.676,7.782,6.759,7.877499999999999,10.089,6.896333333333334,11.297,7.682,12.496,8.394,7.852,12.66475,7.84,8.533,8.51,8.094,6.8445,9.331,5.977,9.831,9.192,7.127,9.475,6.895,6.705,6.907666666666667,6.251,7.5615,8.089666666666668,9.611,6.2940000000000005,6.3025,5.805,8.969,11.712,8.505,9.223,8.685,10.506,6.391,7.206,7.345,9.342,8.39,8.681,9.676,8.087,8.4015,5.84675,8.8215,10.527,6.779,12.707,7.7193999999999985,5.842499999999999,6.848333333333334,6.784,3.1844,7.829,9.1915,7.86,11.912,7.352,5.595,6.0625,8.612,9.592,7.6675,6.2285,7.059666666666668,8.7595,6.1215,9.692,9.973,8.6315,11.52,8.6205,7.86,6.8115000000000006,10.626,9.268,7.209,6.806,4.7615,6.704000000000001,8.942333333333332,8.514,7.863,7.258,10.223,6.375666666666667,8.367,7.972666666666666,7.521999999999999,CONTROL
6.882000000000001,4.212,7.4725,5.224,9.025,7.5725,8.563,7.973,6.333,7.6005,9.924,6.765499999999999,11.305,7.633,12.536,8.2305,8.076,12.5955,7.583,8.527,8.626,7.930499999999999,6.742000000000001,9.138,5.7605,9.5875,8.961,7.114,9.423,6.867666666666668,6.6025,7.001333333333334,6.4595,7.58675,8.006,9.56,6.035,5.2615,5.466,8.394,11.769,8.57,9.155,8.38875,10.672,5.863,7.005,7.041666666666667,9.003499999999999,8.023,8.389,9.396,8.284,7.8875,5.75675,8.8095,10.555,6.466,12.734,7.67,5.7065,6.375,6.475,3.597,7.645,8.994,7.577,11.603,7.276,5.919,6.199,8.874,9.143,7.5805,6.329,6.416666666666667,8.586500000000001,6.7335,9.599,9.725,8.7515,11.451,8.466999999999999,7.987,6.997,10.346,9.156,7.236,6.418333333333333,5.20675,6.467,8.898666666666665,8.472,7.895,7.1595,9.949,6.389833333333333,8.48025,8.274333333333333,7.394333333333333,CONTROL
7.901333333333333,4.594,7.7925,5.984,9.033,8.018,8.948500000000001,9.508,7.103,8.395,11.343,6.9025,11.567,8.19,12.492,8.1395,7.83,13.009,7.714,8.629,8.78,8.077,6.8665,8.809,6.51125,10.641,8.931,7.454,9.265,7.304666666666667,6.811999999999999,7.557333333333333,6.669,7.898999999999999,8.145666666666667,9.699,6.207,5.1345,7.158,9.186,12.0,8.694,9.608,8.51325,11.116,6.843,7.542,8.057,9.89,8.216,10.767,10.472,8.173,9.4555,5.72775,9.008,10.556,6.9415,12.755,8.347800000000001,6.0085,7.068666666666666,7.043,3.4016,7.96,9.692,7.904,12.129,8.061,5.856,5.8235,8.765,9.362,7.571,6.129,6.919999999999999,8.809000000000001,6.390000000000001,9.675,10.132,9.143,11.652,8.9725,8.049,7.084,11.242,10.008,7.729,7.442333333333333,5.175,6.925333333333334,9.855333333333334,8.13,7.435,7.9515,10.437,6.156999999999999,8.65875,7.694,7.404333333333334,IPD
6.591666666666666,4.937,7.505,5.631,9.018,8.028500000000001,9.241499999999998,9.654,6.734,8.311499999999999,11.167,6.629666666666666,11.763,8.34,12.824,8.686499999999999,8.017,12.88125,7.012,8.732,8.981,8.1195,6.896000000000001,8.762,6.5215,11.075,9.209,7.322,9.717,7.454333333333333,6.974,7.639333333333333,6.9975000000000005,8.2085,8.116666666666667,9.744,6.24025,4.1845,5.918,8.9875,11.894,8.662,9.713,8.54025,11.319,6.115,7.767,7.858999999999999,9.9805,8.117,10.846,10.565,8.821,9.696,6.0855,9.041,10.557,6.647,12.8655,8.491200000000001,6.132999999999999,6.977666666666667,6.804,3.2700000000000005,8.16,9.8105,7.965,12.381,6.6325,5.716,5.659,8.738,9.658,7.6805,6.387499999999999,6.695666666666667,8.92,6.5675,9.632,10.269,9.09825,11.74,9.0475,8.4695,6.7705,11.275,10.064,7.887,7.318666666666666,5.141249999999999,6.810666666666666,9.459,8.214,7.534,7.9675,10.35,6.1585,8.688,8.197666666666667,7.418,IPD
8.554666666666668,5.274,7.425499999999999,5.558,8.738,7.362999999999999,8.5735,8.725,6.957,8.189,10.816,6.644333333333333,11.299,7.723,12.277,7.229,7.366,12.856,7.315,8.709,8.415,7.8045,6.6555,8.643,6.343,10.319,8.703,6.838,9.464,7.208333333333333,6.4335,7.369666666666667,6.861000000000001,7.618,7.725,9.707,5.984,4.545999999999999,6.492,8.61,11.787,8.746,9.404,8.07675,11.233,6.589,6.991,7.050333333333334,9.499,7.934,10.111,9.964,8.079,9.0815,5.587,8.985,10.663,6.6845,12.626,7.796000000000001,6.1455,6.353000000000001,6.895,3.687,7.488,9.7545,8.188,11.82,7.539,5.545,5.995,8.524,8.666,7.429,5.7325,6.372333333333334,8.594999999999999,5.799,9.549,9.761,8.870750000000001,11.539,8.631499999999999,7.750500000000001,6.539,10.861,9.691,6.782,7.044999999999999,5.3985,6.766333333333333,9.319333333333333,7.998,7.299,7.1690000000000005,9.917,5.669833333333333,8.4365,8.153666666666666,7.331666666666667,IPD
6.9993333333333325,4.816,7.667,5.31,8.866,7.8825,8.719,9.368,6.471,8.288,10.989,6.944,11.46,7.605,12.259,7.8315,7.569,12.74425,7.445,8.743,8.574,8.0025,6.833,8.677,6.253,10.472,8.703,7.084,9.226,7.156666666666666,6.65,7.341333333333334,7.116,7.69675,7.973333333333334,9.523,6.0600000000000005,5.077999999999999,5.667,8.924,11.805,8.811,9.281,8.4055,11.071,5.592,7.426,7.432666666666667,9.5445,8.021,10.051,10.196,8.488,9.1725,5.635249999999999,8.921,10.458,6.8505,12.41,8.126999999999999,5.893,6.486666666666667,6.895,3.5438,7.523,9.732,8.312,11.924,7.543,5.802,5.945,8.654,9.54,7.4215,6.2065,6.763333333333333,8.732,5.968,9.49,9.887,8.7,11.47,8.796,8.0315,6.758,10.867,9.89,7.289,7.187333333333334,5.2045,6.821666666666666,9.478,8.114,7.136,7.5895,9.984,6.151166666666668,8.438749999999999,8.110666666666667,7.417666666666666,IPD
7.397666666666667,4.735,7.952999999999999,5.554,8.833,7.9115,8.9875,8.938,6.995,8.6185,10.592,6.835166666666667,11.586,8.159,12.647,7.622999999999999,7.942,12.72275,7.791,8.649,8.475,8.358,6.924999999999999,8.681,6.266,10.3645,8.729,7.396,9.272,7.345666666666666,7.047499999999999,7.274333333333334,6.637499999999999,7.80125,8.048333333333334,9.874,6.51575,5.6105,6.252,9.089,11.87,8.918,9.346,8.357,10.863,6.942,7.283,7.718,9.4515,8.183,8.731,10.07,8.142,9.4945,5.8615,9.2195,10.888,6.6850000000000005,12.815,8.1732,6.1335,6.553999999999999,7.086,3.364,7.948,9.3075,8.161,12.062,7.914,5.735,5.824,8.862,9.297,7.779,6.4125,6.671333333333333,8.815,5.9725,9.7,9.971,8.95125,11.575,8.832,8.026,6.952500000000001,11.325,10.003,7.391,7.143000000000001,5.152,7.202333333333333,9.584,8.375,7.683,7.757,9.998,6.289666666666666,8.346,7.958666666666666,7.478333333333334,CONTROL
7.485666666666667,4.458,8.157,5.687,8.967,8.179,9.092,9.053,6.685,8.562000000000001,10.854,6.855833333333334,11.817,8.841,13.225,8.478,8.054,13.025,7.538,8.982,9.002,8.1435,7.011,8.961,6.72,10.5085,8.962,7.449,9.492,7.596,7.2235,7.891000000000001,6.533,8.16725,8.241,9.682,6.08675,4.6075,6.165,9.269,12.156,8.93,9.457,8.76975,11.485,6.686,7.607,7.983666666666667,9.6835,8.23,9.224,10.233,8.109,9.623,6.09075,9.297,11.06,6.811,13.2835,8.3596,6.294499999999999,6.791333333333334,7.135,3.1522,7.758,9.7325,8.429,12.379,7.24,5.681,6.212,8.439,10.08,7.6235,6.376,6.906333333333333,8.884,6.7415,9.778,10.187,9.305,11.781,8.985,8.1815,7.0505,11.459,10.099,7.417,7.125,5.44525,6.877666666666667,9.632333333333332,8.44,7.746,7.884,10.147,6.391000000000001,8.5365,8.203333333333333,7.551333333333333,CONTROL
6.466666666666666,4.447,7.1795,6.362,9.25,7.1075,8.0985,7.505,7.171,7.882,10.239,6.633,11.222,7.548,12.7,7.5845,7.032,12.787,7.098,8.232,8.07,8.101500000000001,6.032,8.641,6.621,9.4365,8.173,6.419,9.706,6.702000000000001,6.7195,7.555666666666667,5.5120000000000005,6.8725,7.685666666666667,8.8,5.37575,3.984,6.281,8.079,11.295,8.539,9.17,7.3085,10.964,6.925,6.527,6.858,9.6535,7.655,7.746,9.489,7.115,8.376,5.4510000000000005,8.766,9.902,6.502000000000001,12.964,6.9196,6.1945,5.655666666666666,6.831,3.2632,6.765,8.709,8.232,11.282,8.153500000000001,4.701,5.705,7.357,8.476,7.001,5.4855,6.059333333333334,8.33,5.145,9.707,8.637,8.0145,11.494,8.2945,7.2425,7.0625,10.756,9.315,6.157,6.483999999999999,4.78025,6.543666666666667,8.660666666666666,8.29,7.772,6.365500000000001,11.647,5.5095,8.03125,7.915,7.633333333333333,IPD
7.177666666666667,4.585,7.5055,5.594,9.202,8.0245,9.1485,9.393,6.95,8.166,10.745,6.867999999999999,12.067,8.491,12.611,8.618500000000001,8.712,12.76975,7.771,9.114,9.027,8.400500000000001,6.945,8.958,6.292,10.702,9.199,7.825,9.685,7.651333333333333,7.189,7.778666666666666,6.843999999999999,8.382,8.163333333333334,10.018,6.265000000000001,5.2205,6.114,9.22,12.008,9.092,9.622,8.63575,11.513,6.882,8.07,7.615333333333333,9.886,8.52,9.057,10.449,8.569,9.389,6.11725,9.243,10.684,7.101,12.9305,8.158,5.9595,6.686666666666667,7.065,3.1742,8.046,9.6055,8.454,12.284,7.437,5.359,5.983499999999999,9.164,9.237,7.646000000000001,6.311,6.677333333333333,8.8995,6.561,9.75,10.175,9.075,11.694,8.926,8.305,7.019,11.305,10.021,7.76,6.972333333333334,5.303,7.089666666666667,9.79,8.099,7.834,7.926,10.397,6.533333333333334,8.53225,8.361333333333333,7.467666666666666,IPD
6.542666666666666,4.067,7.4285,5.252,9.565,8.1375,9.265,9.511,6.557,8.3805,11.118,6.846166666666666,11.842,8.447,12.557,8.843,9.074,13.10175,7.217,9.62,9.366,8.417,7.0575,9.035,6.51175,10.614,9.382,7.723,9.625,7.335333333333334,7.0505,7.541333333333333,6.952999999999999,8.407,8.093,10.455,6.1975,4.7235,5.75,9.6815,12.408,8.982,9.87,9.12425,11.581,5.585,8.114,7.938333333333333,10.0245,8.707,9.722,10.326,8.636,9.331,6.10375,9.3635,11.255,6.808,13.1825,8.6274,6.067500000000001,6.916333333333333,7.319,3.186,8.345,9.914,8.66,12.481,6.6935,5.942,5.634499999999999,9.232,10.327,8.1175,6.1795,7.021333333333334,8.971499999999999,7.221,9.935,10.535,8.9875,11.592,9.416,8.424,7.0015,11.887,10.138,7.72,7.1113333333333335,4.9045000000000005,6.925666666666667,9.545333333333334,8.799,7.541,7.3915,10.325,6.3385,8.72125,8.044666666666666,7.571333333333333,CONTROL
8.154666666666666,5.201,7.266999999999999,5.61,8.768,7.7475,8.594999999999999,9.032,7.032,8.549,10.07,6.4671666666666665,11.064,7.592,12.79,7.8515,7.541,12.39375,6.928,8.469,8.284,8.1915,6.658,8.442,6.297750000000001,9.879,8.777,6.904,9.025,6.7956666666666665,6.596,7.368333333333333,6.534,7.10425,7.681333333333334,9.538,6.04725,5.099,6.521,8.725999999999999,11.637,8.657,8.876,7.943,10.505,6.204,7.593,7.595,9.352,7.732,8.501,9.824,7.64,8.9565,5.906750000000001,8.6485,10.293,6.3255,12.824,7.4696,6.0075,6.312,6.555,3.361,7.936,8.9215,8.117,11.903,7.796,5.657,5.8515,8.085,8.768,7.627499999999999,6.330500000000001,6.426666666666667,8.583,5.662,9.589,9.566,8.278,11.656,8.5155,7.692,6.5635,10.671,9.546,6.809,6.752,5.139749999999999,6.419999999999999,8.667666666666667,8.002,7.345,7.305,9.89,6.195166666666666,8.12575,7.716333333333332,7.209333333333333,IPD
6.510666666666666,4.252,7.7225,5.062,9.494,7.893499999999999,9.134,9.099,6.623,8.6815,10.581,6.8500000000000005,11.612,8.416,12.814,8.668,8.212,13.1825,7.266,9.325,9.166,8.2715,7.065,9.102,6.670999999999999,10.491,9.403,7.29,9.479,7.221333333333333,7.243,7.528333333333333,6.762,8.231,8.266,10.01,6.475,5.1,5.534,9.4855,12.478,9.042,9.544,8.786249999999999,11.242,5.467,7.633,7.72,10.038,8.414,9.633,10.044,8.124,9.3095,6.109249999999999,8.939,11.183,6.788,13.1725,8.568000000000001,5.944,6.601666666666667,6.945,3.4284,7.95,9.919,8.166,12.263,6.8765,5.5,5.829000000000001,9.061,9.651,8.348,6.2645,6.765666666666667,8.991,6.823,9.826,10.25,8.9475,11.629,9.161,8.0485,6.738,11.468,9.869,7.243,6.762666666666667,4.968249999999999,6.706333333333333,9.242333333333333,8.47,7.514,7.496,10.112,6.436,8.561499999999999,8.088333333333333,7.398,IPD
8.280666666666667,4.911,7.59,5.59,9.684,8.2965,9.245,9.309,6.775,8.2385,10.901,7.058166666666668,11.901,8.553,13.225,9.1025,8.872,12.847,7.585,9.586,9.501,8.1555,6.8675,8.879,6.30475,10.9465,9.568,7.716,9.534,7.232666666666667,7.1015,7.699333333333333,6.992000000000001,8.5705,8.26,10.356,6.23875,6.127,7.062,9.633,12.501,8.956,9.644,8.9305,11.521,6.334,8.401,7.902,9.9565,8.987,9.671,10.6,8.281,9.1585,5.98975,9.2305,10.609,6.799,13.393999999999998,8.6028,6.346500000000001,6.468666666666667,7.18,3.407,8.334,9.757,8.641,12.455,7.757000000000001,5.469,5.8625,9.36,10.28,7.608499999999999,6.23,7.016000000000001,9.1115,7.48,9.775,10.023,8.972249999999999,11.682,9.078,8.05,7.2515,11.764,10.299,7.795,6.766666666666667,5.157,6.8580000000000005,9.601,8.86,7.539,7.908,11.046,6.785166666666666,8.879249999999999,8.478333333333333,7.501,IPD
6.444333333333333,4.306,7.4515,5.219,9.343,7.958500000000001,9.1985,8.959,6.587,8.680499999999999,10.649,7.367166666666667,11.702,8.413,12.582,8.5755,7.944,12.88125,7.224,8.813,9.005,8.247,7.0385,8.641,6.33075,10.3945,9.044,7.385,9.615,7.381333333333333,7.374,8.326666666666666,6.7475000000000005,8.30175,8.018,9.916,6.313,4.792,6.072,9.315,12.075,8.715,9.487,8.84175,11.346,5.293,7.568,7.491333333333333,9.6245,8.572,8.938,10.209,8.282,8.922,5.91125,9.146999999999998,11.024,7.117,13.004,8.5964,6.619,6.938333333333333,6.834,3.3876000000000004,7.367,9.7135,8.146,12.097,7.498,5.944,5.8665,8.828,10.389,7.851,6.037000000000001,6.629333333333332,8.875499999999999,6.856,9.532,9.891,9.21575,11.479,8.889,7.806,6.906499999999999,11.409,9.997,7.048,6.9863333333333335,5.2,6.712666666666666,9.244333333333334,8.543,7.484,7.600999999999999,10.37,6.300999999999999,8.55275,8.124666666666666,7.331,IPD
6.660666666666667,4.419,7.897,5.676,9.013,8.184999999999999,8.8975,9.024,6.993,8.6405,11.076,7.5395,11.657,8.262,12.799,7.996499999999999,7.975,12.9755,7.663,8.516,8.764,8.127,6.991,8.827,6.35425,10.699,8.288,7.372,9.493,7.313666666666667,7.0760000000000005,8.131666666666666,5.88,7.8285,8.263333333333334,9.673,5.9715,4.803,6.307,8.983,11.936,9.261,9.387,8.56375,11.573,6.395,7.235,7.643666666666667,9.827,8.23,9.926,10.486,7.158,9.053,5.79425,9.3415,10.35,7.051,12.9745,8.4804,6.925,6.702999999999999,7.093,3.4554,7.641,9.415,8.411,12.399,7.471500000000001,5.485,6.2835,8.203,8.67,7.562,6.001,6.566666666666666,8.592500000000001,6.182,9.837,9.689,8.74025,11.471,8.965,7.8215,7.172,11.163,9.799,7.415,7.617666666666666,5.29175,6.596333333333333,9.663333333333334,8.517,7.454,7.1755,10.589,5.988,8.698500000000001,7.834333333333333,7.541333333333334,CONTROL
9.775,5.593,7.806,5.998,9.292,8.6275,9.261,9.978,6.565,8.848500000000001,11.31,7.603000000000001,11.987,8.81,12.844,8.670000000000002,8.281,13.00125,7.738,8.565,9.169,8.3855,7.375999999999999,9.144,6.13275,10.9515,9.028,7.976,9.594,7.677666666666667,7.5125,8.424333333333333,6.702999999999999,8.432,8.379,10.191,6.41875,4.8065,6.377,9.3665,12.38,9.125,9.727,9.05475,11.591,6.305,7.994,7.915,10.086,8.336,10.556,10.579,8.671,9.476,5.87725,9.492,10.701,7.0355,13.3025,8.9134,6.8835,6.982666666666667,7.298,3.2236,8.309,9.512,8.56,12.653,7.7905,6.185,5.811999999999999,8.878,10.421,8.031,6.617,6.891666666666667,8.896,7.093500000000001,9.662,10.323,9.18375,11.792,9.2265,8.271,7.148,11.498,10.233,7.933,7.457333333333334,5.0685,6.861999999999999,9.521666666666668,8.751,7.656,7.8405,10.393,6.499333333333333,8.754999999999999,8.544666666666666,7.533333333333334,CONTROL
7.240333333333332,4.912,8.198,5.888,9.738,8.6005,9.521999999999998,9.64,6.963,9.378,10.914,8.5725,12.091,9.035,13.427,9.5995,8.543,13.52475,7.563,8.882,9.706,8.203,7.619,9.201,6.947,10.7365,9.447,7.872,10.157,7.828666666666667,7.9105,8.293999999999999,6.55,8.7685,8.729999999999999,10.456,6.52825,6.056,6.429,10.0815,12.646,9.058,9.747,9.77175,11.594,5.978,8.349,8.437333333333333,10.146,8.819,9.721,10.338,9.0,9.3745,6.54125,9.4015,11.304,7.2585,13.6675,9.191,7.504,6.935,7.284,3.0966,7.945,10.212,8.652,12.684,7.515000000000001,6.687,5.4165,9.037,10.992,8.137,6.6235,7.234999999999999,8.9875,7.624499999999999,9.982,10.572,9.529,11.953,9.596,8.2635,7.451,11.639,10.485,7.771,7.312666666666668,4.84025,7.239666666666666,10.239333333333333,8.744,7.568,8.119,10.519,6.7443333333333335,8.68275,8.360333333333333,7.632666666666666,IPD
7.504666666666666,4.587,8.233,5.293,9.591,7.859,8.8415,9.042,7.007,9.2615,10.558,8.159833333333333,11.421,8.535,12.118,8.621500000000001,7.638,13.105,7.704,8.968,9.356,7.5485,7.5175,8.965,6.271,10.3555,9.147,7.455,9.566,7.259333333333333,7.4445,7.911666666666666,6.6785,8.159749999999999,8.463333333333333,10.224,6.41325,5.4725,6.207,9.707,12.367,8.98,9.492,9.235,11.046,6.139,7.263,7.544666666666667,9.708,8.77,9.293,9.911,7.675,8.905000000000001,6.026,8.872,11.014,7.0255,12.598,8.4792,7.3835,6.463666666666668,7.298,3.3452,7.859,10.0265,8.558,12.035,6.982,6.34,5.689,8.705,10.946,8.034,6.199,6.934333333333334,8.846,6.606,9.693,10.196,9.30025,11.589,8.9805,7.7445,7.2225,10.963,9.524,7.862,6.633333333333333,5.0255,7.122,10.147333333333334,8.735,7.434,7.7525,9.802,6.078833333333333,8.29675,8.576666666666666,7.282666666666667,IPD
6.307666666666666,4.402,7.4445,5.043,9.581,8.225999999999999,9.2035,9.082,6.105,8.783,10.584,7.452333333333333,11.68,8.14,12.618,8.604,8.073,13.18325,7.075,8.63,9.569,7.9795,7.4165,9.013,6.21275,10.506,9.497,7.162,9.866,7.274666666666666,7.211,7.719333333333334,6.728,8.459,8.484,10.325,6.158,4.890000000000001,5.354,9.518,12.423,8.962,9.358,9.22175,11.132,5.363,7.873,7.606666666666666,9.911,8.159,9.162,10.072,7.588,9.0175,6.288,8.7725,10.576,6.8545,13.183,8.322199999999999,6.7355,6.691333333333333,7.127,3.3544000000000005,7.535,9.6715,8.767,12.388,6.2235,6.408,5.806500000000001,8.603,9.354,7.749499999999999,5.9145,6.596,8.425999999999998,7.045,9.611,10.21,8.93175,11.663,8.875499999999999,7.864000000000001,7.158,10.932,9.793,6.871,6.950333333333333,5.141249999999999,6.832999999999999,9.739666666666666,8.422,7.729,7.6705,10.346,6.054333333333333,8.5,8.233333333333334,7.590666666666666,CONTROL
6.716,4.386,7.942500000000001,5.027,9.267,7.891500000000001,9.382,8.817,6.105,8.658000000000001,10.556,7.522666666666667,11.599,8.64,12.988,8.858,8.045,13.12075,7.033,8.876,8.893,7.859,7.439999999999999,8.997,6.34175,10.3145,9.109,7.397,9.699,7.455000000000001,7.512,7.8146666666666675,6.375500000000001,8.59975,8.345333333333334,10.017,6.41575,5.2585,6.103,9.6415,12.019,8.693,9.408,9.204,11.11,5.614,7.727,7.690333333333334,9.297,8.698,8.984,10.039,8.278,9.2675,6.0565,9.068,10.685,7.0815,13.0625,8.3914,6.510999999999999,6.879,6.782,3.3122,7.607,9.876,8.257,12.179,6.948,5.509,5.8065,8.789,10.04,7.7275,5.906499999999999,6.965,8.9345,7.114000000000001,9.506,10.028,9.36475,11.484,9.067,7.9505,7.185499999999999,11.177,9.821,7.267,6.805,4.85825,7.139,9.697666666666668,8.541,7.593,8.0305,9.757,6.379,8.5975,7.733333333333334,7.486999999999999,IPD
7.105333333333334,4.891,7.823499999999999,5.443,9.307,8.388,9.422,9.593,6.962,9.433,10.754,7.965166666666668,11.759,8.614,12.767,8.984000000000002,8.318,13.0795,7.624,8.588,9.477,8.094999999999999,7.499499999999999,9.195,6.2515,10.5305,8.891,7.605,9.644,7.673333333333333,7.813,8.468,6.644,8.67425,8.520999999999999,10.163,6.68825,6.005,5.993,9.834,12.081,8.68,9.605,9.35775,11.53,5.969,7.587,7.981333333333333,9.634,8.873,9.413,10.079,8.738,9.2725,6.292,9.2965,10.933,7.253,12.939,8.7786,7.0395,7.013000000000001,7.202,3.3124,8.167,9.583,8.767,12.272,6.6665,6.464,5.7395,8.996,10.477,7.8485,6.5305,7.210333333333334,8.8575,7.7295,9.884,10.355,9.25625,11.599,9.1145,8.17,7.561999999999999,11.457,10.01,7.806,6.926333333333333,5.022,7.051000000000001,9.556,8.652,7.638,7.919499999999999,10.12,6.660833333333334,8.7735,8.405333333333333,7.502666666666666,CONTROL
7.044333333333333,4.421,7.4455,5.524,9.334,7.736000000000001,8.768,8.595,7.105,8.719,10.268,7.550166666666667,11.33,8.293,12.707,7.657,7.793,13.11125,7.306,8.376,9.032,7.781000000000001,6.939,8.894,6.2225,10.095,8.985,7.037,9.829,7.073333333333333,7.24,7.648666666666666,6.555999999999999,7.82375,8.211666666666666,9.423,6.143,4.401,6.11,9.043,11.832,8.625,9.276,8.49125,11.082,6.441,6.94,7.241333333333333,9.471,8.356,8.963,9.569,7.929,8.4495,5.744,8.831,10.326,6.941,12.9315,8.2614,6.672000000000001,6.614,7.058,3.313,7.297,9.281,8.116,11.772,7.210999999999999,5.822,5.647,8.4,9.513,7.5205,6.0545,6.623666666666668,8.631,6.172,9.485,9.529,8.90725,11.346,8.489,7.6395,7.1315,10.933,9.283,6.928,6.718333333333333,4.98225,6.712666666666666,9.484,8.193,7.572,7.4885,10.477,6.105833333333333,8.405750000000001,8.502666666666666,7.396333333333334,IPD
6.7250000000000005,4.204,7.789,4.98,9.41,8.128,9.3435,9.221,6.027,8.350999999999999,10.424,7.5856666666666674,11.815,8.233,13.067,8.7315,8.098,13.0985,7.584,8.543,9.061,8.176,7.368,9.022,6.516249999999999,10.02,9.586,7.526,9.689,7.527666666666666,7.507999999999999,7.456666666666667,6.3675,8.03075,8.452333333333334,9.926,6.1475,5.489,5.305,9.4305,12.24,8.903,9.332,9.21375,11.004,5.067,7.983,8.251,9.7535,8.21,9.077,10.188,7.9,9.4585,6.11725,8.947,10.893,6.5065,13.369,8.110000000000001,6.7705,7.117666666666668,7.028,3.1016,7.538,9.5295,8.292,12.653,6.404,6.175,5.6135,8.672,10.127,7.8925,6.3135,7.243666666666667,8.8505,7.140000000000001,9.737,10.463,8.9315,11.845,8.9735,8.2845,7.139,11.025,10.154,7.512,6.776,4.803,6.844,9.392333333333331,8.3,7.682,7.887,10.411,6.466166666666666,8.61625,8.450666666666667,7.469,IPD
6.681333333333334,4.291,7.7695,5.349,8.938,7.422000000000001,8.5525,8.116,7.015,9.0185,10.593,7.354333333333333,11.134,7.951,12.232,7.576499999999999,8.543,12.77075,7.545,8.682,8.75,7.721999999999999,6.413,8.92,5.905749999999999,10.041,8.457,7.215,9.464,7.028666666666666,6.858499999999999,7.544333333333333,5.8485,7.544,7.704666666666667,9.486,6.42725,4.682,6.32,8.341000000000001,11.379,8.431,9.007,7.769,11.077,5.819,6.562,6.782666666666667,9.015,8.003,8.624,9.623,7.637,8.16,5.7435,8.908,10.391,6.9105,12.5675,8.495000000000001,6.891,5.853333333333333,6.929,3.518,7.52,8.8575,8.322,11.574,7.082000000000001,5.238,6.0215,8.428,9.242,7.551,6.447,6.329666666666667,8.565999999999999,6.0435,9.699,9.202,8.605,10.7,8.6135,7.806,6.9585,10.775,8.957,6.762,6.896333333333334,5.2005,6.547,9.356,8.536,7.897,6.763,9.986,6.070833333333333,8.467,7.9926666666666675,7.291333333333334,IPD
6.616,4.68,8.2455,5.898,9.241,8.0365,9.011,8.907,6.917,8.7665,10.48,7.671166666666667,11.541,8.31,13.628,9.0565,8.528,13.07075,7.772,8.382,9.164,7.9475,6.973,9.053,6.78675,10.126,9.503,7.082,9.932,7.405,7.591,7.889666666666667,6.5725,8.036750000000001,8.566666666666666,9.839,6.23975,5.304,5.862,9.572500000000002,12.364,8.779,9.396,9.34625,11.281,6.444,7.91,8.362,9.776,8.064,9.183,9.812,7.431,9.25,6.02125,9.392,10.842,6.978,13.9175,8.187000000000001,6.474,6.761666666666667,6.516,3.3294,7.604,9.5225,8.002,12.496,6.749,6.093,5.5175,8.459,10.045,7.765000000000001,6.151,6.749666666666666,8.832,7.275,9.552,10.189,9.02475,11.945,8.9195,8.0345,7.0205,10.869,9.945,7.401,6.967,5.07825,6.692666666666667,9.751333333333331,8.226,7.698,7.48,10.725,6.034,8.61475,8.177333333333333,7.561,IPD
6.848,4.773,7.893,5.901,9.437,8.0795,9.145,9.053,7.052,8.61,10.673,7.834500000000001,11.702,8.426,13.454,9.1985,8.631,12.98575,7.66,8.916,9.105,8.006,7.2525,8.972,6.5065,9.7995,9.41,7.263,9.82,7.407333333333334,7.476500000000001,7.925666666666667,6.8345,8.31575,8.438,9.992,6.408,5.6325,6.381,9.57,12.135,8.79,9.254,9.0045,11.275,5.8,7.81,7.698,9.7505,8.587,9.344,10.034,7.655,9.0215,6.0645,9.078,10.801,7.248,13.4645,8.4892,6.9645,6.793333333333333,6.436,3.5018,7.664,9.8615,8.156,12.325,7.6425,5.573,5.8965000000000005,8.76,10.172,7.640000000000001,6.160500000000001,6.769333333333333,8.911999999999999,7.0075,9.799,10.087,9.09325,11.745,8.781500000000001,7.858499999999999,7.025,10.998,9.694,6.85,7.190666666666666,5.12775,7.042999999999999,9.285666666666666,8.364,7.72,7.486499999999999,10.51,6.164833333333333,8.77125,7.815333333333334,7.701,IPD
8.083666666666666,4.808,7.455999999999999,6.358,9.313,8.1005,8.8525,8.639,7.452,8.607,10.659,7.616499999999999,11.429,8.354,12.875,8.809000000000001,8.094,13.0315,7.365,8.801,8.674,8.1615,7.0015,8.865,6.38325,10.285,8.997,7.263,9.545,7.459666666666667,7.2805,7.945333333333333,6.5905000000000005,8.193999999999999,8.170666666666667,9.685,6.55525,4.6075,7.125,9.191,11.809,8.946,8.989,8.6235,11.028,6.638,7.392,7.644666666666667,9.4815,8.302,8.859,10.095,7.838,9.1625,5.87775,9.1,10.477,6.9830000000000005,12.7735,8.3666,6.8365,6.306666666666668,6.51,3.2584000000000004,7.372,9.639,8.324,12.103,7.602499999999999,5.546,6.1585,8.483,9.299,7.551,6.0015,6.609333333333333,8.9145,6.2965,9.811,9.972,8.930250000000001,11.875,8.913499999999999,7.951499999999999,6.9345,10.98,9.621,6.931,7.391666666666666,5.31625,6.885333333333333,9.314333333333332,8.502,7.566,7.560499999999999,10.348,6.196333333333333,8.652000000000001,7.975666666666666,7.552333333333333,IPD
6.921666666666667,4.399,7.756500000000001,5.715,9.399,8.1355,9.238,9.178,6.531,8.7685,10.729,7.923666666666667,11.811,8.361,12.895,9.1215,8.459,13.05575,7.623,9.151,9.258,7.8195,7.439999999999999,9.073,6.4575,10.3695,9.643,7.501,9.731,7.649000000000001,7.63,7.766666666666667,7.083,8.39425,8.655333333333333,10.234,6.34425,5.4805,6.553,9.635,12.46,8.725,9.355,9.0405,11.255,6.337,8.377,7.724333333333334,9.653,8.493,9.523,10.082,8.276,9.009,6.12925,9.4065,10.904,7.1075,13.375,8.537,7.0555,7.102666666666667,6.636,3.2708,7.931,9.651,8.438,12.382,7.034000000000001,6.345,5.7295,8.837,10.044,7.9205,6.3445,7.018666666666667,8.93,7.0225,9.878,10.371,9.17425,11.827,8.9535,8.0125,7.181,11.046,9.762,7.446,7.062666666666666,5.03925,6.812666666666666,9.759,8.522,7.932,7.897499999999999,10.139,6.367999999999999,8.7635,8.406,7.564333333333334,IPD
6.895333333333333,4.919,7.6525,5.744,9.528,7.7855,8.977,9.218,6.998,8.764,10.812,7.998833333333334,11.826,8.382,12.732,9.031,8.065,13.04975,7.506,8.789,9.16,7.948,7.454,9.161,6.61525,10.4495,9.647,7.26,9.813,7.458666666666666,7.6465,7.864666666666667,6.9425,8.321000000000002,8.576333333333332,10.296,6.37125,5.2805,6.081,9.7015,12.465,8.772,9.352,9.33975,11.262,6.412,7.61,7.753,9.608,8.357,9.629,10.157,8.236,9.2025,6.05325,9.1145,10.986,7.031000000000001,13.181,8.4642,7.0965,6.6610000000000005,6.71,3.4226,7.453,9.865,8.569,12.393,6.9765,6.581,5.640000000000001,8.793,10.566,7.91,6.2125,6.937,8.8025,7.141,9.823,10.539,9.14925,11.791,8.9515,8.128,7.034000000000001,10.961,10.423,7.129,6.964333333333333,4.95125,6.955000000000001,9.634333333333332,8.443,7.536,7.704000000000001,10.98,6.365166666666667,8.7675,8.11,7.620333333333334,IPD
7.184333333333334,4.447,8.0425,6.19,9.641,7.9985,9.0555,9.292,7.096,8.4185,11.038,7.547,11.805,8.326,13.092,9.4805,8.275,13.032,7.913,9.227,9.285,8.0725,7.406,9.157,6.3195,10.6115,9.807,7.581,9.666,7.267666666666667,7.423,7.857666666666667,6.7215,8.57075,8.695666666666666,10.162,6.21175,6.412,6.822,9.689,12.326,8.814,9.437,9.298,11.287,6.477,8.324,8.004666666666667,9.832,8.673,9.458,10.037,8.009,9.3695,6.17,9.4085,10.977,7.1885,13.3285,8.276399999999999,7.141,6.969666666666666,6.753,3.4086,7.724,10.1465,8.411,12.595,6.996499999999999,6.23,5.761,9.013,11.076,7.903499999999999,6.202,7.084,8.963999999999999,7.415,9.864,10.013,9.279,11.878,9.034,8.1275,7.0485,11.173,10.212,6.973,7.0,4.848,6.937,9.662333333333336,8.432,7.605,7.5775,10.955,6.343666666666667,8.81575,7.593,7.564666666666667,IPD
7.62,4.623,7.282999999999999,5.693,9.1,7.8335,8.642,9.129,7.142,8.323,10.439,7.137666666666667,11.553,7.886,12.344,7.7065,8.104,12.85125,7.589,8.646,8.811,8.0815,7.077500000000001,8.687,6.387499999999999,10.133,9.026,7.076,9.601,7.337666666666667,6.912,7.517666666666666,6.7425,7.8195,8.277666666666667,9.758,5.7305,6.2595,6.097,9.1615,12.104,8.82,9.167,8.82175,11.338,6.546,7.405,7.672333333333333,9.508,8.17,9.025,9.723,7.988,9.010000000000002,5.734500000000001,9.182,10.399,6.823,12.963,7.688599999999999,6.5505,6.681333333333334,6.334,3.2214,7.733,9.333,8.049,12.166,7.397,5.78,5.996,8.615,8.593,7.273999999999999,5.805,6.425999999999999,8.752,6.509,9.661,10.1,8.722999999999999,11.799,8.5625,7.9595,6.821,10.57,9.718,6.701,7.016333333333333,5.2605,6.761333333333333,9.246333333333332,7.968,7.72,7.4,9.983,5.956333333333333,8.5625,8.189,7.599333333333334,CONTROL
6.083000000000001,4.171,7.626,5.366,9.498,7.928,8.967,9.251,6.873,8.6115,10.817,7.96,11.633,8.294,12.547,9.428,8.482,13.0365,7.456,9.065,9.053,7.987999999999999,7.1845,8.862,6.19875,10.5355,9.665,7.074,9.727,7.335999999999999,7.345,7.848999999999999,6.822000000000001,8.169,8.320333333333332,10.063,6.146,6.216,5.905,9.6175,12.083,8.717,9.263,9.101,11.109,6.174,8.163,8.026,9.55,8.355,9.706,10.296,7.15,9.2355,6.06675,9.0145,10.851,7.128,13.0865,8.5394,7.0205,6.566,6.626,3.4646,7.055,9.9985,8.169,12.43,6.282500000000001,6.026,5.914,8.681,10.168,7.8665,6.1745,6.817666666666667,8.933,7.018000000000001,9.564,10.149,9.16325,11.666,8.8765,8.039,7.009,11.109,9.831,7.168,6.9703333333333335,5.22675,6.813,9.468666666666666,8.392,7.799,7.5285,10.789,6.422833333333333,8.76875,7.895666666666667,7.5246666666666675,IPD
7.299666666666667,4.162,7.835,5.602,9.856,8.8115,9.859,9.462,6.703,8.466,11.152,8.084833333333334,12.021,8.909,13.663,10.1725,8.858,13.40825,7.662,9.12,9.272,8.1215,7.446,9.143,7.269,11.2715,9.82,8.04,9.82,8.027333333333333,7.6955,8.234,7.0715,8.806000000000001,8.771333333333333,10.407,6.172499999999999,5.555,5.899,9.674,12.476,9.043,9.651,9.5135,11.721,6.277,8.643,8.261000000000001,10.3425,8.661,10.547,10.517,8.081,9.888,6.443250000000001,9.832,11.454,7.159000000000001,13.9605,8.9628,6.491999999999999,7.140666666666667,6.332,3.341600000000001,8.24,10.0715,8.649,12.811,6.551,6.306,5.7385,8.643,10.272,8.1065,5.7205,6.939,9.259,6.955500000000001,9.616,11.027,9.56475,11.817,9.225,8.2025,7.422000000000001,11.607,10.746,8.044,6.864999999999999,4.94,6.7556666666666665,9.970333333333334,8.324,7.712,7.886,11.736,6.587000000000001,8.9915,8.218666666666666,7.792666666666666,IPD
7.864,4.612,7.4915,6.024,9.371,7.862,8.835,9.321,7.273,7.8195,10.94,7.035666666666667,11.711,8.133,12.844,9.1185,8.095,13.08175,7.18,8.855,8.602,8.049,7.050000000000001,8.938,6.25775,10.919,9.551,7.677,9.9,7.474,7.0875,7.787666666666666,6.8545,8.14825,8.186666666666666,10.106,5.97975,5.6795,6.362,9.3585,12.081,8.928,9.395,8.9935,11.666,6.738,7.344,7.650666666666667,9.84,8.435,9.579,10.069,8.081,9.307,5.91225,9.437,10.641,6.929,13.28,8.0798,6.114,6.613333333333333,6.578,3.3494,7.647,9.6725,8.425,12.268,7.079000000000001,5.671,5.99,8.787,9.054,7.419499999999999,5.8175,6.511,8.913,6.851,9.83,10.591,8.8095,11.681,8.943999999999999,8.030999999999999,7.0585,11.241,10.044,7.415,6.817333333333333,5.26925,6.966666666666668,9.19,8.238,7.89,7.4925,10.511,5.8425,8.832,7.965666666666666,7.848666666666666,IPD
8.518,5.084,7.894,6.533,9.497,8.39,9.4135,9.492,7.766,8.256,11.181,7.042333333333333,11.832,8.614,13.464,9.209,8.346,13.16725,7.771,9.242,8.935,8.2065,7.272,9.27,6.73175,11.115,9.577,7.904,10.138,7.695333333333333,6.6785,8.135666666666667,7.2165,8.335,8.687333333333333,10.416,6.052,5.9245,7.074,9.464,12.374,9.41,9.532,9.2285,11.742,7.007,8.112,7.917666666666666,10.118,8.548,10.11,10.26,8.701,9.2145,6.13325,9.675,10.996,7.291,13.4435,8.0982,6.359,7.145,6.892,3.077,8.336,9.499,8.943,12.353,7.3555,6.35,6.045,8.942,9.613,7.754,6.108499999999999,6.758333333333333,9.069,7.117,10.03,10.619,9.0535,11.631,9.175,8.155,7.3745,11.557,10.507,7.687,7.084333333333333,4.8985,6.885000000000001,10.021333333333333,8.675,8.07,7.7065,10.477,6.247166666666668,8.9275,8.316333333333333,7.835333333333334,IPD
6.385000000000001,4.536,7.692,5.129,9.273,7.8065,9.057,9.266,5.876,8.078,10.911,7.533,11.759,8.29,12.538,9.3045,8.267,12.98775,7.421,8.827,8.793,8.12,7.303,9.046,6.458,10.8785,9.353,7.361,10.011,7.521000000000001,7.346,7.949000000000001,6.769,8.21875,8.248666666666667,10.029,6.07825,5.972,5.486,9.399,12.109,8.736,9.236,9.108,11.251,5.578,7.468,7.844333333333334,9.8305,8.164,9.726,10.064,8.243,9.511500000000002,6.01725,9.289,10.846,6.7615,13.033,8.5778,6.3485,6.959333333333333,6.563,3.158,7.858,9.704,8.535,12.409,6.415,6.031,5.871,9.027,9.569,7.527000000000001,6.116,6.7796666666666665,8.762,7.2155,9.331,10.079,8.949,11.845,9.053,8.0865,7.0885,11.154,10.15,7.572,7.253,5.01325,6.8180000000000005,9.475666666666667,8.667,7.808,7.672000000000001,9.837,6.278333333333333,8.7505,8.275333333333334,7.643000000000001,CONTROL
8.078000000000001,4.52,7.960000000000001,5.136,9.615,8.189,8.818,9.355,6.634,8.2885,10.82,7.422,11.714,8.199,13.231,8.9755,8.145,13.02275,7.435,8.518,9.154,7.9195,7.147499999999999,8.917,6.540749999999999,10.8095,9.56,7.531,9.67,7.304333333333333,7.518499999999999,7.965666666666667,7.303,7.77625,8.376666666666667,9.913,6.08825,5.786,5.869,9.621,12.278,9.047,9.348,9.323,11.212,5.667,7.456,8.061666666666666,9.966,8.38,9.829,10.241,7.841,9.492,6.12675,9.1885,10.824,6.8420000000000005,13.188,8.3724,6.663,6.6866666666666665,6.727,3.4530000000000003,7.712,9.906,8.598,12.252,6.83,6.271,5.892,8.318,10.118,7.5465,6.085,6.750333333333334,8.8335,6.8975,9.607,10.265,8.95675,11.524,8.6615,8.046,7.175000000000001,10.971,10.273,7.284,6.951666666666667,5.02125,6.834,9.941333333333333,8.495,7.624,7.503,9.916,6.032666666666667,8.825,8.313666666666666,7.621333333333333,IPD
7.287,4.469,7.7495,5.788,9.201,7.7775,9.1255,9.263,7.086,8.372,10.8,7.211666666666666,11.855,8.496,12.405,9.033,8.372,12.811,7.43,8.944,9.001,8.086500000000001,7.289999999999999,9.003,6.20725,10.7235,9.475,7.464,9.824,7.709666666666667,7.5175,7.845333333333333,7.173,8.393,8.167,9.954,6.3975,5.239,6.581,9.392,12.039,8.851,9.281,9.067,11.373,5.929,7.558,7.519333333333333,9.646,8.463,9.735,10.266,8.073,9.546,6.035500000000001,9.2745,10.674,6.968,13.006,8.7636,6.429,6.799666666666667,6.354,3.4966,7.615,9.912,8.463,12.412,6.9425,6.008,6.0215,8.875,9.594,7.652000000000001,6.077500000000001,6.627666666666666,8.9825,6.7935,9.503,10.638,9.06525,11.645,8.941500000000001,8.281500000000001,7.0445,10.901,10.058,6.952,6.8613333333333335,5.27225,6.856000000000001,9.398666666666664,8.25,7.822,7.6525,10.39,6.248,8.95375,8.144,7.688,IPD
6.713666666666666,5.012,8.0265,4.952,9.261,7.6455,8.764,9.246,5.922,8.2845,10.916,7.574999999999999,11.638,8.417,12.482,9.134,8.231,12.98975,7.233,8.75,8.893,7.990499999999999,6.9945,8.95,6.3325000000000005,10.9495,9.617,7.622,9.772,7.484000000000001,7.237999999999999,7.680333333333333,6.7535,7.8505,8.393,10.171,6.0195,5.643,5.594,9.257,12.276,9.021,9.434,8.64625,11.223,5.111,7.401,7.550333333333334,9.719,8.383,9.658,10.101,8.282,9.4,6.15775,9.169,10.793,7.01,13.1105,8.3214,6.831,6.605,6.845,3.2806,7.779,9.5235,8.53,12.144,6.9575,6.08,5.9125,8.718,10.338,7.73,6.1555,6.786666666666666,8.8585,6.8845,9.663,10.281,9.00725,11.612,8.95,7.971,6.9925,11.122,10.196,7.781,6.9093333333333335,5.01775,6.781,9.957,8.484,7.763,7.3255,10.085,5.792999999999999,8.7605,8.301333333333334,7.624666666666666,CONTROL
6.237666666666667,4.788,6.777,4.987,8.541,6.970000000000001,8.6525,8.808,6.202,8.0695,9.573,6.2895,10.619,7.222,12.541,7.798,7.636,12.87575,6.174,7.889,7.852,7.4385,6.5760000000000005,8.314,5.841749999999999,8.8025,8.305,6.479,8.718,6.219,6.585,6.977333333333334,6.0355,7.073,7.472333333333332,9.095,5.81425,5.2645,5.445,8.631,11.327,7.772,8.106,7.62925,9.868,5.325,7.247,7.108999999999999,8.2575,7.391,7.901,8.827,7.41,7.874,5.5575,7.997999999999999,10.357,6.060499999999999,12.816,7.1076,5.547499999999999,6.242,5.912,3.495,6.661,8.7625,7.244,10.845,5.622,5.52,5.6735,8.339,8.193,7.8105,5.278499999999999,5.937666666666668,7.9765,6.205500000000001,8.676,9.175,7.941,10.86,8.097,7.1285,6.0805,10.233,8.505,6.003,6.177666666666667,4.881,6.332666666666667,8.161,7.455,7.635,6.757,8.696,6.174333333333333,8.10725,7.183,7.163333333333334,CONTROL
6.5360000000000005,4.001,7.276,4.789,8.663,6.95,8.443,8.28,6.309,7.981999999999999,9.455,6.6935,10.664,7.173,12.704,7.6985,7.265,12.82625,6.47,8.394,7.836,7.5245,6.151,8.425,6.0920000000000005,8.719000000000001,8.869,6.464,8.903,6.263333333333333,6.665,7.131333333333333,5.96,6.93725,8.073,9.266,6.140499999999999,3.9355,5.328,8.446,11.929,8.241,8.422,8.11875,10.335,5.544,7.255,7.339666666666666,8.774000000000001,7.334,7.988,9.248,7.236,7.926,5.4615,8.312999999999999,10.34,6.362500000000001,12.8965,6.9574,5.591,5.787333333333334,6.019,3.5927999999999995,7.14,8.875,7.35,11.545,7.003,5.452,5.8315,8.301,8.238,7.941,5.7135,6.353333333333334,8.4435,5.974500000000001,9.223,9.584,8.37125,11.274,8.029,7.2625,6.255000000000001,10.256,9.397,6.635,5.739666666666667,5.11875,6.201333333333333,8.111333333333333,8.176,7.388,7.1465,9.623,6.0215,8.15,8.036666666666667,7.084333333333333,IPD
6.027666666666666,4.204,7.081,4.828,8.685,6.8495,8.344000000000001,7.932,5.817,7.5075,9.641,7.289833333333334,10.703,7.461,12.195,7.4125,6.886,12.77325,6.762,7.988,8.043,7.3325,6.8705,7.901,5.81575,8.864,8.855,6.276,8.886,6.689,7.028,7.039666666666666,6.4165,7.878249999999999,7.463999999999999,8.709,5.6795,3.9555,5.552,8.445,11.473,7.855,8.692,7.86,10.154,5.565,7.289,7.298999999999999,8.606000000000002,7.966,7.649,8.995,7.327,7.7005,5.2935,8.378,10.308,6.477499999999999,12.574,7.537999999999999,6.0365,6.2443333333333335,5.872,3.883,7.024,8.984,7.381,11.467,6.262499999999999,5.451,5.721,8.011,9.123,7.779,5.503,5.851666666666667,8.5245,5.9615,8.904,8.82,8.53375,11.256,8.125499999999999,6.9445,6.439500000000001,10.478,9.047,6.455,5.964333333333333,5.31225,6.724666666666667,8.456333333333333,7.544,7.04,7.6215,10.114,5.833166666666666,7.80825,7.645333333333333,6.893666666666667,CONTROL
7.705666666666667,4.402,7.545999999999999,4.778,8.619,7.161,8.275,7.659,6.185,7.385,9.376,7.082000000000001,10.881,7.213,12.456,7.5185,7.002,12.538,6.757,7.567,8.258,7.487999999999999,6.697,8.012,5.83425,9.196,8.883,6.736,9.088,6.4510000000000005,7.327,6.780333333333334,6.17,7.4085,7.624,8.878,5.93175,3.9755,5.745,8.387,11.629,8.196,8.645,7.8315,9.95,6.133,7.171,7.048333333333333,8.479,7.613,7.992,8.645,7.403,7.175,5.3655,8.238,10.489,6.2175,12.688,7.438,6.2780000000000005,6.004333333333332,6.149,3.6038,6.859,8.636500000000002,7.097,11.361,7.0955,5.851,5.5895,7.595,9.964,7.6945,5.4255,6.474666666666667,8.378,6.1455,9.101,9.267,8.4905,11.279,7.683,7.027000000000001,6.481999999999999,10.26,9.236,6.335,6.094666666666666,5.256,6.797,8.923333333333334,7.807,7.205,7.468500000000001,9.867,6.032,7.7885,7.585,6.905,IPD
7.437,3.956,7.3255,5.231,8.59,6.9625,8.191,8.164,6.706,7.3805,9.615,7.132833333333333,10.945,7.626,12.395,7.2605,6.636,12.83475,7.115,7.98,7.98,7.471,6.6855,8.069,5.872,8.66,8.869,6.453,9.132,6.861,7.4815,7.306999999999999,6.3235,7.41125,7.776333333333333,8.862,6.004,4.739000000000001,5.474,8.7955,11.517,8.142,8.791,7.99925,10.151,6.104,7.657,7.699333333333333,8.764,7.889,7.452,8.919,7.418,7.7805,5.32575,8.367,10.207,6.297,12.661,7.4224,5.7635000000000005,6.556,5.906,3.7018,6.442,9.125,7.178,11.41,7.2385,5.651,5.5845,7.753,10.022,7.390000000000001,5.517,6.204666666666667,8.5655,6.0195,9.115,9.373,8.566,11.332,8.044,7.076,6.593500000000001,10.488,9.44,6.727,6.180666666666667,5.39375,6.7956666666666665,8.772,7.646,7.159,7.5585,10.377,5.848,7.8445,8.010666666666667,6.913333333333334,CONTROL
5.952333333333333,4.147,7.1365,4.758,8.512,7.1945,8.6065,8.067,5.913,8.269,9.555,7.193333333333334,10.723,7.7,12.29,7.95,7.036,12.6435,6.864,8.199,8.308,7.6165,6.788,8.195,5.9677500000000006,9.1845,8.566,6.631,8.807,6.795333333333333,7.350999999999999,6.928,5.786,7.762499999999999,7.182333333333333,8.932,6.064,4.6115,5.321,8.685500000000001,11.499,8.048,8.72,8.00375,10.288,5.634,7.16,7.352333333333333,8.780999999999999,7.899,8.018,9.041,7.84,7.8575,5.290749999999999,8.574,10.338,6.3315,12.469,7.81,5.675,6.192666666666667,6.07,3.727,6.925,9.0305,6.917,11.133,6.3815,5.285,5.969,8.329,9.106,7.8945,5.522500000000001,6.170333333333335,8.8315,5.622,8.878,9.232,8.6695,10.982,8.6215,6.942,6.4445,10.686,9.262,6.346,6.274,5.55425,6.963333333333334,8.524666666666667,7.779,7.138,8.108,9.198,6.225333333333334,7.88275,7.692666666666668,6.91,CONTROL
7.172666666666665,5.833,7.689999999999999,5.68,8.945,7.122,8.6355,7.778,6.989,8.21,10.022,6.556,10.943,7.599,11.744,7.2435,7.693,12.9965,6.712,8.766,8.231,8.035499999999999,6.6675,8.912,5.94475,9.351,8.129,7.113,9.327,6.88,6.6075,6.811666666666667,5.878,7.343999999999999,7.754666666666666,9.227,6.0545,4.1975,6.216,8.011,11.619,8.522,8.229,8.04675,10.125,6.958,7.333,6.594,8.892,7.952,7.839,9.455,7.477,7.4565,5.88825,7.640499999999999,10.796,6.5435,12.5035,7.487,5.7615,6.032,6.004,3.6324,7.286,9.0745,7.713,10.988,7.8315,6.228,5.7375,8.485,9.513,7.3945,5.7885,5.868666666666667,7.845,5.772,9.741,9.867,8.25,10.78,8.1225,6.936,6.589,10.559,8.401,6.57,6.481333333333333,4.72575,6.670000000000001,8.834000000000001,8.496,7.479,6.8285,10.43,6.158333333333334,8.34125,7.730666666666667,7.596666666666667,IPD
6.534,3.777,6.996499999999999,5.044,8.351,7.1765,8.058499999999999,8.283,5.836,7.5685,9.667,6.717,11.011,7.232,12.065,7.5875,6.743,12.68975,7.035,7.901,8.173,7.550499999999999,6.8495,8.382,5.969250000000001,9.2385,8.69,6.499,9.441,6.582333333333334,7.064,6.895333333333333,6.1165,7.172000000000001,7.441333333333333,9.127,5.61225,5.063,5.779,8.564,11.166,8.161,8.739,8.12125,10.148,5.216,7.571,7.397333333333333,8.707,7.078,8.062,9.488,7.529,8.014,5.4795,8.4445,10.42,6.3365,12.257,7.258,6.015499999999999,5.896333333333334,6.807,3.4444000000000004,6.657,8.429499999999999,7.818,11.34,6.364,5.582,5.79,7.352,9.245,7.19,5.811,6.322666666666667,8.1435,6.355,8.977,9.335,8.21825,11.021,8.204,7.462999999999999,6.638999999999999,10.083,9.097,5.818,6.387333333333333,5.71575,6.332000000000001,9.011333333333331,7.703,7.819,7.1845,9.714,5.937666666666666,8.38675,7.643000000000001,7.092,CONTROL
5.990666666666667,3.826,7.1995000000000005,4.346,8.528,6.8740000000000006,8.2835,8.026,5.76,7.681,9.49,7.236666666666667,10.471,7.294,12.003,7.757,6.958,12.76975,6.671,7.803,8.371,7.252499999999999,6.4285,7.68,5.804,8.3275,8.456,6.436,8.948,5.866,7.0665,6.694333333333333,6.0055,7.71275,7.41,8.686,5.83775,3.9805,5.856,8.5595,11.384,8.034,8.363,7.95275,10.031,5.921,7.482,7.049,8.483,7.675,7.652,8.898,7.108,7.6025,5.249499999999999,8.0715,10.187,6.3325,12.488499999999998,7.382,5.7675,5.806333333333334,5.581,3.59,6.568,8.914,6.937,11.292,6.5025,5.471,6.045,7.8,9.222,7.628,5.0535,5.989999999999999,8.4765,6.16,8.885,8.627,8.40875,10.949,8.187,6.628,6.147,10.32,8.876,5.872,6.013000000000001,5.2535,6.786666666666666,8.376666666666667,7.629,6.694,7.6755,9.742,5.889666666666667,7.695,7.300333333333334,6.755333333333333,CONTROL
5.769000000000001,4.203,6.908,5.03,8.184,6.7415,8.0465,7.877,6.109,7.653,9.152,7.281,10.398,7.291,11.973,7.2265,6.404,12.647,6.534,7.815,7.774,7.390499999999999,6.5920000000000005,7.822,5.7435,8.481,8.599,6.339,8.683,6.507000000000001,6.573,7.022666666666666,6.167,7.43675,7.265000000000001,8.284,5.66325,4.8545,5.8,8.585,11.13,7.856,8.271,7.82575,9.919,5.401,7.197,7.25,8.1985,7.516,7.357,8.609,7.182,7.5075,5.11125,8.214,9.443,6.2865,12.305,7.2122,5.992,6.188,5.643,3.8128,6.153,8.802,7.016,11.068,6.1405,5.382,5.831,8.009,8.43,7.414,5.1165,5.957333333333334,8.5705,5.827,8.863,8.783,8.3855,11.069,7.7635,6.719,6.356,10.109,9.088,6.235,6.161333333333334,5.24375,6.714333333333333,8.616333333333332,7.626,6.754,7.6375,9.05,5.8205,7.59775,7.345333333333333,6.904333333333334,CONTROL
5.813666666666666,4.357,7.6365,4.901,8.898,7.241,8.688,8.261,6.166,8.0985,9.967,8.295333333333334,10.983,7.798,12.474,8.288,7.195,12.85575,7.41,8.27,8.245,7.527,7.2075,8.362,6.12975,9.119,9.15,6.98,8.98,6.980333333333333,7.309,7.264333333333333,6.625,8.179749999999999,7.552,9.111,6.34025,6.2075,5.649,9.244,11.879,8.009,8.926,8.3585,10.27,5.58,7.701,7.985666666666667,9.039,8.45,8.038,9.072,7.909,8.3755,5.465,8.6875,10.66,6.743,12.855,8.1996,6.5865,6.505,6.027,3.6162,7.088,9.45,7.412,11.701,5.9075,5.953,5.624499999999999,8.695,10.077,7.838,5.63,6.843333333333334,9.086,6.8295,9.182,9.384,8.97475,11.307,8.5095,7.263,6.879,10.966,9.519,6.284,6.250666666666667,5.15725,7.360666666666667,9.157666666666666,8.017,7.216,8.197,9.499,6.104666666666667,7.87875,8.051,7.086333333333333,CONTROL
6.897333333333333,4.226,7.4725,5.104,8.466,7.4805,8.701,8.828,6.423,8.0775,9.995,7.383666666666667,11.16,7.99,12.556,8.343,7.125,12.93625,7.215,8.399,8.346,7.6045,6.8915,8.277,6.1370000000000005,9.5985,9.116,6.723,9.237,6.906666666666666,7.2755,7.318,6.3255,7.76375,7.779,9.202,6.234249999999999,5.131,6.074,9.0315,11.626,8.308,8.955,8.532,10.639,5.511,7.853,7.679666666666667,8.942499999999999,7.474,8.483,9.648,7.855,8.296,5.79075,8.637,10.478,6.5275,12.795000000000002,7.7664,5.947,6.554333333333333,6.531,3.2960000000000003,7.031,9.243,7.821,11.748,6.558,5.552,5.798,8.174,10.47,7.7695,6.1425,6.281,8.54,6.2675,8.92,9.551,8.64375,11.473,8.436,7.379,6.827500000000001,10.731,9.695,6.558,6.273333333333333,5.4350000000000005,6.763666666666666,9.275333333333334,8.074,7.513,7.8495,9.344,6.194500000000001,8.361,7.634666666666667,7.031666666666666,IPD
6.491666666666667,3.879,7.233499999999999,4.365,8.528,6.9595,8.3765,8.323,6.353,7.56,9.983,6.574000000000001,11.026,7.679,12.301,7.4585,6.916,12.556,7.057,8.203,8.02,7.5425,6.493499999999999,8.258,5.7325,9.2435,8.846,6.746,9.186,6.521666666666666,6.824,7.288666666666667,6.0875,7.30075,7.827000000000001,8.964,5.456,5.509,5.117,8.7335,11.448,8.231,8.631,7.86825,10.407,5.192,6.985,7.215666666666666,8.724,7.699,8.199,9.188,7.512,7.7835,5.50875,8.443,10.007,6.391,12.7585,7.437,6.031000000000001,6.218333333333334,6.604,3.6272,6.914,8.967500000000001,7.484,11.308,6.231,5.351,5.897,8.145,9.042,7.6125,5.2355,6.116333333333333,8.507,6.3185,9.055,9.235,8.53125,11.139,8.182500000000001,7.128,6.58,10.325,9.365,6.638,6.309333333333334,5.46525,6.488333333333333,8.737666666666668,8.05,7.493,7.0805,9.304,5.891166666666667,8.34175,7.503333333333333,7.034666666666666,CONTROL
6.839333333333333,4.047,6.895,4.766,8.376,7.064,8.4385,8.393,5.94,7.8015,9.513,6.8935,10.95,7.481,12.237,7.611,6.561,12.46175,6.774,8.006,8.182,7.733499999999999,6.7605,8.282,5.9365,9.3175,8.68,6.776,9.111,6.610333333333333,6.9135,6.575,6.3,7.5105,7.249666666666666,8.927,6.24125,4.1995,5.94,8.4845,11.021,8.102,8.506,7.830999999999999,10.057,5.984,7.861,7.140000000000001,8.47,7.411,8.144,9.268,7.136,7.79,5.5795,8.4375,9.755,6.365,12.4035,7.697,5.876,6.488333333333333,6.489,3.5142,6.957,8.7625,7.558,11.268,7.0495,5.513,5.7715,8.232,8.698,7.3565,5.962,5.890666666666667,8.1105,6.077500000000001,8.892,8.96,8.11625,10.714,8.211500000000001,7.2515,6.638999999999999,10.135,8.923,5.769,6.509333333333333,5.376,6.664000000000001,8.611333333333333,7.69,7.337,7.4295,9.382,6.1385000000000005,8.2475,7.015666666666667,7.098,CONTROL
6.838,4.757,7.2755,5.095,8.688,7.483499999999999,8.543,8.289,6.535,8.711500000000001,10.085,7.010333333333333,11.364,7.763,12.029,7.7835,7.632,12.13425,7.58,8.354,8.366,7.8065,6.366,8.299,5.9775,9.8085,8.781,7.151,9.488,7.226333333333333,7.2065,7.198,5.8925,7.74075,7.662333333333333,9.231,6.11475,4.702999999999999,6.159,8.1875,11.286,8.644,8.941,7.66225,10.773,5.645,7.375,7.209,8.6935,7.546,8.169,9.349,7.879,7.046,5.63575,8.6125,10.47,6.686,12.3685,8.51,6.089,6.027333333333334,7.175,3.5308,7.46,8.406500000000001,7.821,11.555,7.026999999999999,5.786,5.85,7.997,10.208,7.4445,6.674,6.187666666666666,8.298,6.388999999999999,9.22,8.806,8.5695,10.589,8.225,7.6145,7.0025,10.759,9.138,6.552,6.872,5.505,6.530333333333334,9.015666666666666,8.279,8.055,7.616,9.941,6.532166666666666,8.216750000000001,7.978666666666666,7.174,IPD
6.318666666666666,4.109,7.2925,4.224,8.482,6.8925,8.399000000000001,7.758,6.009,8.43,9.559,7.036833333333334,10.681,7.763,11.466,7.6255,7.485,12.417,7.122,8.206,8.532,7.6775,6.564,8.212,6.052,8.612,8.703,6.503,8.616,6.951666666666667,7.034000000000001,6.7443333333333335,5.6775,7.799749999999999,7.111999999999999,8.959,6.23475,4.248,4.939,7.455999999999999,10.589,8.228,8.931,7.4155,10.417,4.952,7.384,6.839666666666667,7.851,7.575,7.306,9.019,7.208,7.3755,5.42625,8.498999999999999,10.702,6.231999999999999,11.8915,8.3464,6.0215,5.774333333333334,6.415,3.8134,6.863,8.4865,7.444,10.54,6.164,5.433,5.872,8.076,9.711,7.661,6.3975,6.084666666666666,8.526499999999999,6.4575,8.915,8.523,8.369,10.619,8.246,7.4475,6.698499999999999,10.748,8.959,6.184,6.404333333333334,5.457,6.72,8.815666666666667,7.904,7.39,7.4605,8.33,6.046166666666667,7.827999999999999,7.728333333333334,7.037,CONTROL
6.085333333333334,3.242,7.3185,4.994,8.765,7.207,8.181000000000001,7.806,6.004,7.7125,9.698,7.532166666666666,10.565,7.409,12.165,7.846,6.88,12.80475,6.84,8.348,8.13,7.355,6.605499999999999,8.23,5.9865,9.169,9.223,6.323,8.853,6.504666666666666,7.1995000000000005,7.180666666666667,6.411,7.72025,7.946000000000001,8.91,5.69,4.5245,5.185,8.886,11.758,8.055,8.577,8.29875,10.25,5.603,8.052,7.871333333333332,8.789000000000001,7.793,7.836,8.946,7.19,7.7705,5.322,8.267,10.463,6.209,12.709,7.602200000000001,6.053000000000001,6.2620000000000005,5.746,3.6864,6.443,9.2445,7.34,11.466,6.456,5.584,5.689500000000001,8.004,9.829,7.622,5.4005,6.521333333333334,8.7125,6.343500000000001,8.95,9.446,8.679,11.407,7.9955,6.9045000000000005,6.3260000000000005,10.463,9.355,6.543,6.168333333333333,5.3265,6.616666666666667,8.826,7.754,6.92,7.705999999999999,10.425,5.9015,7.6635,7.661,6.895666666666667,CONTROL
6.006,3.933,7.345000000000001,4.364,8.854,7.661,8.5835,9.095,5.787,8.225000000000001,10.286,7.098166666666667,11.575,8.313,12.56,8.1395,7.269,12.9585,7.356,8.8,8.487,7.7575,6.897,8.494,6.5355,10.102,9.014,7.242,9.745,7.594333333333334,7.367,7.453333333333333,6.590999999999999,8.0655,7.958333333333333,9.417,6.19825,4.641,5.185,9.2285,11.653,8.679,9.186,8.673,11.155,5.167,7.742,7.610666666666667,9.146,8.303,8.459,9.67,8.022,8.538,5.79675,9.023,10.866,6.6895,12.9005,8.088,6.215,6.360333333333333,6.77,3.3666,7.732,9.3485,7.967,11.811,6.146000000000001,5.642,5.9830000000000005,8.629,10.245,7.5945,5.571,6.536666666666666,8.992,6.366,9.461,9.421,9.2065,11.443,8.55,7.76,6.9385,11.072,9.716,7.034,6.582,5.3332500000000005,6.830000000000001,9.322333333333331,8.522,7.664,7.667499999999999,9.576,5.975333333333334,8.46025,7.741666666666667,7.283666666666666,CONTROL
5.682,3.501,6.847,4.257,8.185,6.4695,7.637,6.803,5.155,7.6135,8.609,6.516666666666667,9.869,6.388,11.498,6.859999999999999,6.472,12.4435,6.322,7.3,7.53,7.0855,5.8375,7.801,5.67575,7.8225,8.377,5.652,8.286,5.919999999999999,6.55,6.324333333333333,6.1635,6.55275,7.326,8.337,5.69475,4.232,4.794,7.827999999999999,11.408,7.676,8.006,7.2225,9.318,4.651,6.819,6.6080000000000005,8.197,7.01,7.005,8.186,7.16,6.8725000000000005,4.9982500000000005,7.7885,9.897,6.002,12.2145,6.6404,5.3615,5.964333333333333,5.058,4.0986,6.47,8.716000000000001,6.79,10.839,6.09,5.532,5.6885,7.761,8.727,7.244,5.128,5.953333333333333,8.2375,5.2025,8.596,8.863,7.7995,10.645,7.5035,6.5655,6.011,9.837,8.661,5.71,5.553666666666667,5.36325,6.279,7.668333333333333,7.561,6.806,6.941000000000001,9.072,5.735333333333333,7.4975,7.748,6.466,CONTROL
5.809666666666668,3.929,7.2735,3.965,8.403,6.537,8.211500000000001,7.821,5.756,7.6925,9.317,6.775,10.281,7.023,12.253,7.231,6.9,12.8765,6.285,7.656,7.55,7.257,6.5355,8.051,5.52075,7.6815,8.755,6.047,8.623,6.081,6.763,6.955666666666666,5.752,6.9807500000000005,7.571666666666666,8.759,5.7185,4.0105,5.133,8.5575,11.871,7.63,8.173,7.24075,9.752,4.452,6.5,7.067,8.493,7.5,7.387,8.685,7.247,7.387,5.34075,7.9455,10.265,6.1005,12.698,6.9266000000000005,5.3075,5.908,5.26,3.6368,6.287,8.6975,6.8,11.441,6.128,5.814,5.424,8.122,9.174,7.756,5.3815,6.107666666666667,8.475,5.554,9.018,9.309,8.27325,11.358,7.766999999999999,6.8005,5.974,10.023,9.023,6.005,5.714666666666666,4.891,6.582666666666667,7.7106666666666674,7.657,6.826,7.385,9.49,5.727666666666667,7.53725,7.649666666666666,6.718333333333334,CONTROL
6.234999999999999,3.607,7.1775,4.314,8.207,6.9985,7.910500000000001,7.354,5.495,8.1485,8.586,6.410333333333334,10.366,6.843,12.205,7.1765,6.79,12.66825,6.792,7.943,7.55,7.409499999999999,5.8865,8.047,5.9145,8.259,8.824,6.068,8.848,6.042666666666666,6.459,7.019333333333333,6.0905,6.64175,7.826666666666667,8.68,6.13175,3.4505,5.38,7.778500000000001,11.597,8.087,8.44,7.381,10.229,5.594,7.025,6.974333333333334,8.715499999999999,7.459,7.592,8.768,6.929,7.316,5.3265,8.43,10.329,6.226,12.691,7.259399999999999,6.0505,5.425000000000001,5.464,3.9468,6.794,9.058,7.243,11.102,7.01,4.881,5.846,7.961,7.709,7.621499999999999,5.454,6.324333333333333,8.389,5.2965,9.193,9.326,8.161999999999999,11.021,7.8985,6.9995,6.2095,10.319,9.342,6.23,5.867666666666668,5.054,6.252333333333333,8.153333333333334,7.941,7.131,7.16,9.894,5.729166666666667,7.94625,7.719666666666666,6.653666666666666,CONTROL
6.865333333333333,3.826,7.805999999999999,4.903,8.582,7.458,8.355,8.03,6.249,8.157499999999999,9.028,7.238333333333333,10.77,7.106,12.039,8.350000000000001,7.198,12.863,7.383,8.321,7.815,7.5105,6.5335,8.727,5.5855,8.945,9.395,6.364,8.732,6.273666666666666,6.8295,7.029,6.5065,6.97125,8.539666666666667,9.503,6.30025,5.113,5.507,8.772499999999999,12.343,8.218,8.649,8.73625,10.013,5.569,7.544,7.591666666666666,9.078,8.136,8.036,9.062,8.069,7.635,5.50975,8.6135,10.35,6.185,12.565,7.5966,6.154,6.157666666666667,6.56,3.6778,7.461,9.299,7.47,11.451,6.618,5.792,5.437,8.388,9.335,8.0895,5.7795000000000005,7.035666666666667,8.2835,6.3875,9.285,9.986,8.636000000000001,11.308,8.0785,7.029,6.7045,10.442,9.804,7.186,6.245666666666668,4.975,6.328333333333333,9.114333333333333,8.389,7.126,7.922000000000001,10.394,6.486166666666667,8.088000000000001,8.134,6.785,CONTROL
6.583333333333333,3.961,7.432,4.988,8.673,7.32,8.3475,8.384,6.288,7.6795,9.941,6.639833333333333,11.086,7.343,12.265,7.281000000000001,7.107,12.73825,6.863,8.129,7.671,7.5065,6.451499999999999,8.509,5.672499999999999,9.174,9.124,6.349,8.903,6.579666666666665,6.775,7.052,5.7575,6.814,7.870333333333332,9.052,5.83,5.124499999999999,5.542,8.608,11.804,8.129,8.977,8.286999999999999,10.339,6.112,6.956,7.294333333333333,8.8765,7.583,8.255,9.403,7.454,7.942,5.732749999999999,8.3985,10.449,6.3165,12.6845,7.1496,6.106,5.996333333333333,5.976,3.561,6.846,8.9575,7.531,11.411,6.9415,5.376,5.93,7.737,8.415,7.65,5.878,6.382000000000001,8.1225,5.7355,9.204,9.865,8.39775,11.235,8.033,7.477500000000001,6.6235,10.121,9.411,6.407,5.986999999999999,5.29925,6.212666666666666,8.786,7.877,7.615,7.358,9.712,5.827999999999999,8.345,8.330333333333334,7.001666666666666,CONTROL
6.343333333333334,3.918,6.8855,4.943,8.113,6.681,8.347999999999999,8.17,6.418,7.563000000000001,9.561,6.5385,10.748,6.98,12.038,7.351,6.724,12.39375,6.413,8.016,7.333,7.624499999999999,6.725,8.177,5.914,8.908000000000001,8.718,6.27,8.793,6.609666666666667,6.7625,6.666333333333334,5.882,6.9135,7.599,8.964,5.7945,5.2845,5.496,8.544,11.042,8.073,8.323,7.720499999999999,9.828,5.225,7.417,7.516333333333333,8.378,7.203,7.868,8.966,7.403,7.851,5.4915,8.274000000000001,10.165,6.2115,12.4785,7.5174,5.6735,6.061,6.349,3.3362000000000003,6.721,8.620000000000001,7.372,10.92,6.5665,5.253,6.082,7.352,8.793,7.444,5.7985,6.224666666666667,8.119,6.0295000000000005,8.812,9.085,8.0375,10.691,7.8855,7.213,6.205,9.93,8.829,6.059,6.379333333333332,5.2865,6.233333333333333,8.246666666666668,7.041,7.371,7.146000000000001,8.852,5.980666666666667,8.1285,7.308666666666667,6.983999999999999,CONTROL
5.823666666666667,3.856,6.9385,3.987,8.111,6.756,8.003,7.867,5.578,7.5825,9.18,6.917333333333333,10.298,7.187,11.772,6.8205,6.525,12.65925,7.076,7.721,7.702,7.329499999999999,6.6105,7.661,5.9815000000000005,8.463000000000001,8.426,6.053,8.897,6.216333333333334,6.74,6.663,6.1885,7.12625,7.014333333333333,8.342,5.55,4.8545,4.998,8.342,11.007,7.813,8.368,7.53375,9.718,4.93,7.133,7.1003333333333325,8.2265,7.29,7.352,8.447,6.908,7.2805,5.06325,8.1875,9.625,6.2765,12.198,6.8334,6.1175,6.331333333333333,5.921,3.7314,6.456,8.5075,7.134,10.746,6.126,5.554,5.7715,7.661,8.357,7.2485,5.3215,5.931,8.3425,5.077500000000001,8.525,8.644,8.133,11.01,7.77,6.9235,6.3665,10.068,9.163,5.825,5.879,5.4887500000000005,7.139666666666667,8.586,7.527,6.826,7.3975,8.898,5.735833333333333,7.58675,7.563666666666667,6.771666666666666,CONTROL
5.730999999999999,4.134,7.1945,4.143,8.672,6.7755,8.378499999999999,7.813,5.837,7.746,9.382,7.610499999999999,10.649,7.647,12.332,7.812,7.225,12.705,6.689,8.303,8.126,7.4805,7.0105,7.956,5.965,8.974,9.045,6.397,8.987,6.744666666666667,7.149,6.912333333333334,6.414999999999999,7.664,7.374666666666666,8.997,6.0735,4.6515,5.45,8.5815,11.542,8.011,8.588,7.90225,10.026,5.092,7.404,7.314333333333334,8.6355,7.786,7.608,8.948,6.715,7.823,5.36675,8.3525,9.956,6.438,12.6485,7.828999999999999,6.101,6.398,5.45,3.8158,6.976,9.1125,7.006,11.453,6.4295,5.574,5.5760000000000005,8.375,9.01,7.5565,5.589499999999999,6.236666666666667,8.754000000000001,5.6765,8.937,8.753,8.427999999999999,11.116,8.003,7.1045,6.147,10.434,9.39,6.45,6.288666666666667,5.0365,6.682,8.472,7.548,6.902,7.6255,9.885,6.109500000000001,7.6205,7.322333333333333,6.823,CONTROL
6.198666666666667,4.427,7.1905,4.9,8.108,6.517,7.9135,7.476,6.491,7.593999999999999,8.992,7.026166666666666,10.086,7.083,11.692,6.9895,6.77,12.51125,7.135,7.778,8.174,7.3665,6.404,7.793,5.93675,8.5765,8.544,6.254,8.663,6.065,6.589,6.399666666666666,5.742,7.0145,7.199666666666666,8.434,5.873749999999999,4.361,5.55,8.3995,11.247,7.83,8.322,7.57125,9.504,5.492,7.261,7.059666666666668,8.334,7.285,7.222,8.499,7.449,7.35,5.182,8.211500000000001,9.696,6.2755,12.377,7.108199999999999,5.2605,6.055,6.132,3.5934,6.256,8.661999999999999,6.88,10.946,7.262499999999999,5.099,5.6155,7.755,8.199,7.445499999999999,5.0615000000000006,5.783,8.15,5.5105,8.644,8.332,8.0005,11.013,7.906499999999999,6.583,6.302,10.19,8.952,6.156,5.885333333333333,5.3065,6.560333333333333,8.462333333333333,7.417,6.89,7.298500000000001,9.527,5.539833333333333,7.49175,7.396333333333334,6.79,CONTROL
6.328,3.255,7.019,4.206,8.404,7.053,7.833,7.591,5.68,7.9475,9.48,6.4135,10.559,6.899,11.469,6.5205,6.71,12.6005,6.454,8.321,7.933,7.6985,5.652,8.108,5.909,8.581499999999998,8.43,6.149,9.015,6.236999999999999,6.361000000000001,7.012666666666667,5.7365,6.83775,7.453666666666667,8.983,5.75275,3.4905,4.889,7.904999999999999,11.363,8.267,8.331,7.50275,10.266,5.046,6.979,6.57,8.6275,7.383,7.707,9.032,7.421,7.1655,5.35375,8.344,10.213,6.4655000000000005,12.145499999999998,7.0878,5.857,5.267333333333333,5.966,3.6192,6.66,8.762,7.336,11.029,6.9215,4.903,5.8895,8.227,7.369,7.311,5.718,5.999666666666666,8.322,5.34,9.191,9.036,8.0765,11.072,7.6805,7.1975,6.242,10.13,9.236,6.461,5.914000000000001,5.36175,6.163666666666667,8.219666666666667,8.123,7.139,6.8415,9.561,5.797833333333333,8.0645,7.875666666666667,6.704000000000001,CONTROL
6.004333333333332,4.004,7.0585,4.745,8.122,6.946,8.439499999999999,7.769,5.873,7.7025,9.192,7.640833333333333,10.565,7.083,10.95,7.807499999999999,7.098,12.48775,7.129,7.931,7.793,7.564999999999999,6.609,7.825,5.64075,8.863499999999998,8.016,5.88,8.59,6.414666666666666,6.8605,6.745666666666666,5.5275,7.71425,6.900666666666666,8.502,5.8785,4.3965,5.337,8.5135,11.112,7.961,8.244,7.628500000000001,9.934,5.497,7.409,7.237666666666667,8.3015,7.73,7.639,8.797,6.861,6.954000000000001,5.27475,8.2965,9.718,6.375,11.9745,7.6584,5.96,6.083666666666666,5.829,3.5374000000000003,6.668,8.3315,6.904,11.135,6.8335,5.551,5.952,8.059,8.46,7.5955,5.501,5.764666666666667,8.528500000000001,5.5765,8.596,8.045,8.328,11.212,8.1305,6.8605,6.468500000000001,10.327,9.206,5.848,6.281333333333333,5.36275,6.651,8.558333333333332,7.802,6.888,7.7235,9.123,6.323333333333333,7.81025,7.359666666666667,6.970666666666666,CONTROL
6.268,4.134,7.239,4.625,8.849,7.1155,8.4665,8.158,6.122,7.6815,9.543,6.911333333333334,11.026,7.162,12.423,7.6985,7.321,12.64225,6.841,8.029,8.307,7.445,6.8005,8.278,5.95825,9.069,8.946,6.592,8.886,6.093,7.2255,7.133,5.6695,7.588,7.647666666666667,8.931,5.8105,4.7125,5.284,8.799,11.992,8.077,8.744,8.0795,9.968,5.271,7.248,7.689666666666667,8.84,7.869,7.639,9.332,8.068,7.2185,5.44525,8.134,10.145,6.5335,12.9495,7.3392,5.722,6.263000000000001,5.719,3.8302,6.689,9.056,7.163,11.728,6.768000000000001,5.484,5.7015,8.202,9.862,7.7805,5.5965,6.438,8.545,6.7170000000000005,9.164,9.471,8.43625,11.327,8.1985,6.855,6.532500000000001,10.322,8.932,6.743,5.999,5.15825,6.724,8.486666666666666,7.775,7.193,7.6245,10.301,6.1795,8.06925,8.072333333333333,6.957333333333334,IPD
7.199999999999999,5.019,7.3405,5.406,8.693,7.250999999999999,8.555499999999999,8.402,6.483,7.893,10.292,6.821666666666666,11.103,7.733,12.209,7.8375,7.076,12.89375,6.993,8.535,8.106,7.511,6.5675,8.18,5.96525,9.547,8.96,6.333,9.129,6.9,6.7875,6.988666666666667,6.3505,7.70975,7.808666666666667,9.441,5.978,4.8135,6.424,8.8995,11.648,8.435,8.935,8.2745,10.666,6.267,7.986,7.498666666666666,8.891,7.884,8.263,9.447,7.17,8.262,5.63275,8.733,10.326,6.534,12.674,7.815600000000001,6.372999999999999,6.2236666666666665,6.623,3.5136000000000003,7.331,9.284,7.8,11.569,7.164,5.091,5.8105,8.434,9.326,7.609999999999999,6.002,6.382666666666666,8.572,6.2515,9.236,9.507,8.346,11.181,8.468499999999999,7.4405,7.036,10.586,9.413,6.72,6.488666666666667,5.22625,6.646333333333334,8.662333333333333,8.206,7.329,7.5705,9.626,6.009666666666667,8.31,8.017999999999999,7.135000000000001,CONTROL
6.308666666666667,3.876,7.2455,4.891,8.834,7.1465,8.511,7.8,6.735,7.9695,9.529,7.497,10.664,7.671,12.052,8.164,7.399,12.6155,6.676,8.54,8.624,7.8445,6.8,8.328,5.94725,8.95,8.875,6.739,8.932,6.616333333333333,7.329,7.032666666666667,6.0565,7.90225,7.323666666666667,8.986,6.32375,4.968,5.233,8.5885,11.342,7.842,8.716,7.8865,10.145,5.71,7.472,7.115666666666667,8.3265,7.972,7.704,8.908,8.383,7.5375,5.441750000000001,8.4785,10.462,6.4365000000000006,12.352,7.9816,5.9745,6.267666666666667,6.131,3.5758,6.977,9.1875,7.181,11.067,6.3835,5.338,5.302,8.363,10.212,7.875999999999999,6.0595,6.291333333333334,8.737,6.495,8.924,9.462,8.685,11.137,8.461500000000001,7.252000000000001,6.4465,10.715,8.821,6.227,6.463666666666666,5.15475,6.8453333333333335,8.502333333333333,8.022,6.968,7.824999999999999,9.671,6.273333333333333,7.9225,7.955333333333333,7.086666666666666,IPD
7.071000000000001,4.695,7.2805,5.77,8.731,7.717,8.823,8.332,6.666,8.42,10.236,7.879333333333334,11.708,8.121,12.498,8.9865,7.991,12.964,7.154,8.916,8.731,8.2615,7.0045,8.678,6.1255,10.188,8.924,7.36,9.427,7.356666666666666,6.972,7.631666666666667,5.8225,8.163,7.984999999999999,9.378,6.32,5.065,5.723,9.0935,11.745,8.267,9.051,8.57625,10.576,6.744,7.905,7.858999999999999,8.943999999999999,8.086,8.7,10.083,8.48,8.3,5.928,8.789,10.467,6.8,12.75,8.3442,6.3745,6.4816666666666665,6.737,3.4258,7.665,9.5985,8.011,11.886,7.052,6.102,6.1845,8.682,10.343,8.05,6.124,6.661333333333334,8.672,7.091,9.242,9.604,9.0075,11.524,8.909500000000001,7.878,6.845000000000001,10.976,9.541,6.621,6.837,5.165,6.775666666666666,9.085333333333333,8.52,7.599,7.6975,9.789,6.757000000000001,8.322,7.7506666666666675,7.473333333333334,IPD
7.483666666666667,4.459,7.0805,5.409,8.62,7.1685,8.404,7.278,6.603,7.9215,9.636,6.877666666666666,10.909,7.742,11.451,7.609500000000001,7.911,12.3945,7.474,7.979,8.007,7.845499999999999,6.802,8.273,5.863,9.359,8.432,6.881,9.232,6.661333333333334,6.843,6.2956666666666665,5.0455000000000005,7.4,7.559,9.218,6.248749999999999,4.3,6.199,8.0795,11.123,7.945,8.453,7.8475,10.217,5.557,7.265,7.1546666666666665,8.356,7.624,8.084,9.22,7.109,6.9225,5.49025,8.4295,10.393,6.4185,12.046,8.031,6.064,5.881666666666667,6.926,3.636400000000001,7.324,8.408000000000001,7.521,11.297,6.849500000000001,5.368,5.7135,7.572,9.875,7.4635,6.281,6.125333333333334,8.2635,6.2955000000000005,8.914,8.948,8.31625,10.118,8.2345,7.417,6.484999999999999,10.458,8.746,6.133,6.901,5.22675,6.187,8.763666666666667,8.273,7.752,7.0515,9.348,6.304666666666666,8.412,7.789666666666666,7.156666666666666,IPD
7.059,4.224,7.3165,4.452,8.495,7.4105,8.686,8.127,5.811,8.265,9.415,6.5698333333333325,10.506,7.441,12.015,7.593999999999999,7.113,12.8225,7.074,8.481,7.868,7.518499999999999,6.467,8.224,5.539,8.5555,8.886,6.19,8.788,5.743333333333333,6.6815,7.175,6.4215,7.33525,8.094333333333333,9.468,6.2010000000000005,3.8805,4.827,8.594,11.877,8.044,8.374,8.42825,10.105,5.158,7.889,7.201999999999999,8.7595,7.981,7.841,9.164,7.575,7.518000000000001,5.5440000000000005,8.437999999999999,10.149,6.6645,12.6225,7.4392,5.629,6.258666666666667,5.808,3.6306,6.958,9.448,7.279,11.491,6.9830000000000005,5.512,5.576499999999999,8.442,9.028,7.9535,6.0205,6.3933333333333335,8.2965,6.305,9.056,9.292,8.616,11.108,8.382000000000001,7.0635,6.358,10.583,9.156,5.833,5.995666666666668,5.1195,6.602,8.277666666666667,8.394,7.146,7.699,8.938,6.535833333333334,8.016,7.974666666666667,6.592666666666666,IPD
7.336666666666667,4.097,6.928,4.749,8.611,7.262,8.422,8.477,6.626,7.871,9.245,6.8933333333333335,10.934,7.507,12.225,6.992,6.769,12.59225,7.087,7.895,8.347,7.654,6.663,7.902,5.879,8.992,8.685,6.642,8.942,6.495,6.797499999999999,7.611333333333333,6.1185,7.2575,7.774333333333334,8.931,6.22675,4.172,6.022,8.560500000000001,11.673,8.045,8.724,7.984500000000001,10.46,6.415,7.287,7.323666666666667,8.781,7.914,7.807,8.958,7.909,7.000500000000001,5.449,8.346499999999999,10.197,6.302,12.7425,7.568,5.6585,6.1386666666666665,5.775,3.7014,6.966,8.947,7.122,11.264,7.262,5.407,5.586,7.915,8.569,7.524,5.912,6.166,8.551,5.739,9.154,9.333,8.44575,11.084,8.162,7.3035,6.4755,10.585,9.17,6.486,6.3373333333333335,5.2915,6.385000000000001,8.363333333333335,8.19,6.992,7.5745,9.795,6.02,7.93225,7.837,6.891000000000001,IPD
5.655,3.436,7.1795,3.928,8.654,6.9695,7.81,7.903,5.599,7.7235,9.235,6.724166666666666,10.036,6.996,11.878,7.1555,6.928,12.68025,6.827,7.717,8.112,7.2575,6.352500000000001,7.959,5.6395,8.304,9.113,5.896,8.353,5.385000000000001,6.903499999999999,6.765000000000001,6.367500000000001,7.043,7.819,8.756,5.550750000000001,4.154999999999999,5.086,8.6035,11.7,7.994,8.371,8.310500000000001,10.025,4.689,6.926,7.395,8.667,7.79,7.373,8.803,7.13,7.23,5.0735,7.918,10.303,6.2745,12.6085,6.8180000000000005,5.799,5.688666666666666,5.371,3.9216,6.505,9.207,6.725,11.161,6.178,5.428,5.7635000000000005,7.891,9.467,7.4735,5.4190000000000005,6.708000000000001,8.542,6.111,8.729,8.869,8.45125,11.235,7.9755,6.6755,6.194,10.303,8.929,6.322,5.753,5.3565000000000005,6.654,8.273,7.984,6.739,7.596,9.366,5.997666666666667,7.63675,7.664333333333334,6.710999999999999,CONTROL
5.184,3.216,6.954,4.335,8.207,7.096,8.1095,7.731,5.889,7.3725,8.89,6.450666666666667,9.96,6.895,12.233,7.7715,6.685,12.33275,6.684,7.251,7.807,7.084,5.873,7.654,5.561,7.8645,8.527,5.79,8.369,5.730333333333334,6.71,6.705000000000001,6.392,7.042,7.245333333333334,8.572,5.40425,4.046,5.224,8.4385,11.566,7.587,8.317,7.604999999999999,9.488,5.089,7.031,7.031,8.344999999999999,7.732,7.14,8.602,6.781,7.2010000000000005,4.98875,7.948,9.878,5.925000000000001,12.6015,6.7508,5.33,6.022666666666666,5.032,4.1242,6.278,8.8015,6.232,11.078,5.832000000000001,5.691,5.2170000000000005,7.822,8.911,7.4125,5.3255,6.157,8.242999999999999,6.1105,8.556,8.855,7.98275,11.251,7.647,6.6080000000000005,5.962,9.892,8.952,5.733,5.683,5.08875,6.448,7.652,7.49,6.581,7.33,9.133,6.1245,7.2265,7.491,6.435,CONTROL
6.678666666666667,4.872,6.8475,5.252,8.574,7.3925,8.624500000000001,8.936,6.653,8.0425,9.713,6.114,10.134,7.146,12.276,7.766999999999999,7.914,12.58075,6.072,7.546,7.997,7.6065,6.5905,8.422,5.74,8.8335,8.136,6.566,9.211,6.708666666666666,7.1690000000000005,6.658333333333334,5.774,6.9335,7.641666666666667,9.117,5.69375,4.643,5.368,8.1855,11.115,7.975,8.28,7.831749999999999,10.225,6.429,6.672,6.7636666666666665,8.164,7.797,7.732,8.877,7.899,7.8115,5.887499999999999,8.1455,10.296,6.205,12.6235,7.340999999999999,5.134,5.726666666666667,5.929,3.3896,6.348,8.6755,7.714,10.988,6.538,5.489,5.2875,8.008,9.018,7.794,5.7555,6.302,7.859,5.881500000000001,8.699,9.289,7.9085,10.885,7.5095,7.2155,6.1305,10.383,8.858,5.867,6.116,5.01375,6.161333333333334,8.475333333333333,7.693,7.379,7.1045,8.935,6.1405,8.0395,7.762,7.027666666666666,IPD
6.270333333333333,3.943,7.3685,4.423,8.614,7.4205,8.2585,8.057,5.919,7.849500000000001,9.739,7.0885,10.576,7.664,11.806,7.467,7.543,12.74875,6.884,8.252,8.339,7.6035,6.58,8.191,5.7065,8.9725,8.461,6.793,9.046,6.403,6.961499999999999,7.064666666666667,5.618,7.190250000000001,7.261333333333333,8.924,5.80025,3.967,5.649,8.437,11.407,8.061,8.587,7.88225,10.421,5.182,6.879,6.9816666666666665,8.2625,8.16,7.975,8.777,7.858,7.1805,5.41725,8.556999999999999,10.323,6.3185,12.218,7.571000000000001,5.839,6.167333333333333,6.192,3.623,7.029,8.7615,7.405,11.349,6.461,5.508,5.890000000000001,7.721,9.675,7.509500000000001,5.5585,6.476333333333334,8.462499999999999,5.701499999999999,9.048,8.836,8.468250000000001,10.995,8.2485,7.0635,6.508,10.669,9.086,6.184,6.194,5.058,6.931666666666668,9.01,8.074,7.28,7.4315,9.467,6.126833333333334,8.03925,7.757000000000001,7.012666666666667,CONTROL
6.150333333333333,3.854,7.909000000000001,4.942,8.772,7.2485,8.845,8.237,6.001,8.0205,9.934,7.495666666666666,10.872,7.879,11.932,8.575,7.713,12.7855,7.374,8.567,8.36,7.685,6.799,8.252,5.822,9.175,8.973,6.542,9.043,6.811,7.4765,7.255,5.814,8.23125,7.733666666666667,9.065,6.345,5.35,5.912,8.716,11.512,7.952,8.96,7.894,10.287,5.497,7.22,7.270333333333333,8.7345,8.173,7.906,9.223,7.644,7.705500000000001,5.6225000000000005,8.681000000000001,10.321,6.771,12.49,8.31,6.006,6.386666666666667,6.396,3.6388000000000007,7.109,9.293500000000002,7.333,11.455,6.629,5.835,5.709,8.516,10.402,7.913499999999999,5.925,6.682,8.817499999999999,6.3295,9.07,9.361,8.77225,11.1,8.199,7.2010000000000005,6.8245000000000005,10.799,8.927,6.306,6.581333333333333,5.1105,7.195333333333333,8.729000000000001,8.13,7.078,7.9645,9.431,6.456833333333333,8.15025,7.588333333333334,7.127,IPD
7.112666666666667,3.948,7.638,5.222,8.81,7.359999999999999,8.4315,8.106,6.554,8.255,9.972,7.135166666666667,11.037,7.737,12.452,7.909000000000001,7.372,12.6905,7.348,8.385,8.499,7.853,6.680999999999999,8.465,6.225,9.3595,8.701,6.777,9.281,6.721333333333334,7.345,7.135666666666666,5.702500000000001,7.52825,7.546666666666667,9.443,6.169499999999999,4.7620000000000005,6.022,8.4945,11.354,8.65,8.75,7.835999999999999,10.578,5.754,7.737,7.415333333333334,8.671,8.001,8.436,9.477,6.839,7.6965,5.63875,8.648,10.634,6.772,12.635,8.0034,6.041,5.998333333333332,6.422,3.4414,7.419,8.9215,7.635,11.553,7.1435,5.344,6.177,8.257,9.462,7.557,5.788,6.150666666666666,8.3015,6.2445,9.316,9.28,8.4445,10.958,8.4235,7.584,6.6975,10.779,8.771,6.495,6.845,5.1955,6.349333333333334,8.677666666666667,8.287,7.481,7.2095,9.503,6.361166666666667,8.297,7.633333333333333,7.1113333333333335,IPD
6.630333333333334,4.528,7.633999999999999,5.113,8.943,7.4505,8.650500000000001,8.438,6.677,8.5265,9.978,7.320666666666667,11.394,7.863,12.326,8.39,7.659,12.689,7.031,8.902,8.378,7.9725,6.835000000000001,8.472,6.08375,9.6695,9.102,7.097,9.382,7.060666666666666,7.301500000000001,7.548999999999999,5.7645,7.83725,8.013333333333334,9.615,6.4355,4.7785,6.147,8.709999999999999,11.843,8.477,9.03,7.95225,10.759,6.507,7.515,7.333666666666666,8.669,8.403,8.349,9.452,8.493,7.67,5.86675,8.885,10.456,6.82,12.697,8.4164,6.1045,6.479333333333333,6.367,3.6352,7.565,9.1755,7.572,11.587,7.467,5.354,5.6835,8.888,9.295,7.56,6.1235,6.413333333333334,8.5315,6.2805,9.404,9.307,8.569500000000001,11.126,8.556000000000001,7.7065,6.528499999999999,10.99,9.27,6.699,6.673666666666667,5.01525,6.763000000000001,8.776666666666666,8.603,7.696,7.735,9.694,6.758,8.33025,7.936333333333334,7.157666666666667,IPD
7.467666666666666,4.487,7.6235,6.788,8.923,7.8145,8.8705,8.295,8.315,8.035,10.64,7.615833333333334,11.37,7.855,12.198,8.756499999999999,7.461,12.93075,7.652,8.64,8.472,7.903,7.074999999999999,8.603,6.0495,9.6155,9.404,6.941,9.334,6.984999999999999,7.037000000000001,7.004666666666666,6.422000000000001,8.0985,8.100666666666667,9.376,6.19475,7.330999999999999,7.779,9.4575,11.933,8.358,9.054,8.685500000000001,10.479,8.05,8.188,7.908,9.2165,8.479,8.51,9.742,8.124,8.5175,5.771,8.788,10.837,6.7755,12.6125,8.004,6.356999999999999,6.482666666666667,6.969,3.3652,7.624,9.366,8.211,11.921,7.3355,5.855,5.351,8.484,10.528,7.7985,6.105,6.990333333333333,8.769,7.0385,9.35,9.84,8.6845,11.368,8.325,7.615,7.182,11.115,9.594,7.106,6.7620000000000005,5.09825,7.102666666666667,9.539333333333332,8.446,7.557,7.7875,10.744,6.453166666666667,8.381,8.299333333333333,7.319666666666666,IPD
6.217666666666666,3.786,6.7135,5.222,8.328,6.9435,7.7165,7.649,6.553,7.4805,9.283,6.408666666666666,10.31,6.797,11.703,6.4945,7.048,12.56575,6.528,7.767,7.481,7.633,6.077500000000001,7.948,5.64225,8.685500000000001,8.266,6.181,9.119,6.129,6.3995,6.7940000000000005,5.9605,6.3385,7.463999999999999,8.668,5.35,4.108499999999999,5.878,7.576499999999999,11.048,7.976,8.118,7.31875,10.22,6.277,6.441,6.247,8.132,7.029,7.495,8.661,7.592,6.746,5.32775,8.2625,9.896,5.992,12.06,6.8944,5.746,5.740333333333333,6.346,3.8678,6.461,8.2625,7.456,10.683,6.73,5.376,5.907,7.62,7.667,7.4055,5.5280000000000005,5.647666666666667,8.1345,4.708,9.057,8.299,7.91675,10.953,7.675499999999999,6.873,6.307,10.109,8.922,6.02,5.931333333333334,5.249,5.887666666666667,8.114666666666666,7.683,7.254,6.7620000000000005,9.663,5.758166666666667,7.995,7.790333333333334,6.812666666666668,IPD
6.390333333333333,3.991,7.890499999999999,5.623,8.851,7.125,8.2925,7.497,7.518,7.7555,9.883,6.8758333333333335,10.746,7.884,12.013,7.784499999999999,7.43,12.84475,7.265,8.269,8.885,7.608499999999999,6.6015,8.311,5.686999999999999,9.0115,8.487,6.598,8.824,6.685333333333333,7.403499999999999,7.198666666666667,5.565,7.455,7.757000000000001,8.948,6.023,3.663,6.979,8.596499999999999,11.501,8.251,8.696,7.91075,10.723,6.662,6.659,6.984333333333333,8.553,8.128,7.845,8.738,7.729,7.097,5.73625,8.6815,10.664,6.371499999999999,12.457,7.5916,6.4305,6.346666666666667,6.317,3.4978,7.124,8.711500000000001,7.422,11.284,6.5655,4.949,6.445,8.152,9.712,7.8315,5.182,6.409,8.383,6.0755,9.166,9.189,8.493500000000001,10.81,8.486,6.99,6.859,10.866,9.105,5.654,6.043333333333333,5.03075,6.708333333333333,9.038666666666666,8.64,7.143,7.775,10.112,5.868333333333333,7.967,8.262333333333332,7.319,CONTROL
6.197333333333333,3.968,7.3025,4.288,8.726,7.2885,8.3175,8.345,5.995,7.987500000000001,9.769,6.957333333333334,10.882,7.749,12.095,7.436999999999999,7.234,12.6635,7.208,8.426,8.388,7.6605,6.930999999999999,8.34,5.9675,9.1185,8.814,6.883,9.127,6.569,6.9775,7.123333333333332,6.0225,7.42575,7.536666666666666,9.317,6.0302500000000006,3.816,5.551,8.69,11.565,8.396,9.053,8.02075,10.622,5.169,7.502,7.277666666666666,8.678,8.226,8.058,9.195,8.008,7.4795,5.4265,8.533999999999999,10.632,6.5685,12.4025,7.6006,6.128,6.0200000000000005,6.275,3.3856,7.256,8.7675,7.516,11.393,6.5935,5.119,5.6685,8.353,9.825,7.557499999999999,5.4855,6.420999999999999,8.77,6.2275,9.096,9.093,8.4575,11.058,8.3225,7.3205,6.657500000000001,10.738,9.289,6.211,6.293333333333333,5.31675,6.592,8.898666666666665,8.487,7.179,7.5715,9.519,6.122833333333333,8.058,8.059333333333333,7.044,CONTROL
6.103666666666666,4.157,7.117,5.173,8.979,6.9605,8.823,7.841,6.831,7.776999999999999,10.023,7.313666666666666,10.724,7.566,12.35,8.060500000000001,7.307,12.8335,7.293,8.641,8.309,7.756499999999999,7.0345,8.38,5.736,8.804,9.043,6.46,8.901,6.732666666666667,7.220000000000001,7.234666666666667,6.2780000000000005,7.953,7.256,9.037,6.054,4.588,6.316,8.7965,11.611,8.155,8.867,8.12025,10.331,6.072,8.193,7.218,8.7805,8.543,7.851,9.358,7.421,7.698499999999999,5.595750000000001,8.652999999999999,10.36,6.5555,12.707,7.7676,5.8915,6.742333333333334,5.595,3.6019999999999994,7.047,9.4905,7.353,11.513,7.0015,5.603,5.916,8.534,8.951,8.004,5.577,6.228666666666666,8.5425,6.136,9.181,9.532,8.5735,11.1,8.687999999999999,7.089499999999999,6.521,10.876,8.994,6.224,6.087666666666666,5.0945,7.055,8.542,8.304,7.124,7.428,9.589,6.208333333333333,7.8785,8.145000000000001,7.232666666666667,CONTROL
5.993333333333333,4.094,6.85,4.886,8.284,6.89,8.3255,8.245,6.324,7.367999999999999,9.596,6.3678333333333335,11.043,7.305,12.096,7.676500000000001,6.832,12.46125,6.568,8.216,7.971,7.8835,6.449999999999999,8.174,5.80575,8.879999999999999,8.691,6.327,9.047,6.505,6.9245,6.4943333333333335,5.9245,7.12825,7.272000000000001,9.028,6.04925,5.2245,5.299,8.518,11.221,8.067,8.658,7.97925,10.043,5.506,7.519,7.324333333333333,8.3635,7.419,7.963,9.172,7.766,7.8205,5.62675,8.316500000000001,10.079,6.3775,12.483,7.622999999999999,5.657,5.769666666666667,6.252,3.728,6.561,8.7625,7.497,11.09,5.917,5.324,6.045,7.844,8.972,7.2325,5.5445,5.593333333333334,8.404499999999999,6.053,9.008,9.303,8.1445,11.063,8.3245,7.422,6.485,10.223,8.825,6.31,6.328666666666667,5.42975,6.566,8.337,7.546,7.438,7.1875,8.776,5.8870000000000005,8.32275,7.254,7.05,CONTROL
6.246,4.421,7.146,4.601,8.498,6.718500000000001,8.2185,7.902,6.295,7.386,9.354,7.235499999999999,10.313,6.966,11.926,7.2595,6.683,12.59275,6.764,7.831,8.398,7.5535,6.317499999999999,8.054,5.80025,8.4225,8.613,6.253,8.69,5.899666666666668,6.621,6.815,6.161,7.16525,7.068666666666666,8.799,5.8965,4.5425,6.02,8.3415,11.303,7.868,8.211,7.6155,9.814,5.907,7.217,6.962666666666666,8.3035,7.619,7.507,8.624,6.616,7.3045,5.31325,8.2645,10.114,6.140000000000001,12.3175,7.225199999999999,5.6865000000000006,5.9383333333333335,5.673,3.8676,6.542,9.0465,6.788,11.041,6.278499999999999,5.573,5.7135,7.703,9.042,7.856999999999999,5.355,6.106999999999999,8.317499999999999,5.7915,8.72,8.821,8.29475,10.906,8.004999999999999,6.794499999999999,6.189,10.289,8.752,6.207,5.941,5.2905,6.604666666666667,8.344333333333333,7.478,6.804,7.4785,9.044,5.812833333333334,7.75525,7.825666666666667,6.707,CONTROL
6.689333333333333,4.19,6.993,5.163,8.254,7.4885,8.465499999999999,8.645,6.463,7.518,9.522,7.001166666666667,10.781,7.351,12.058,7.226,6.959,12.61275,6.838,7.771,7.95,7.7545,6.6065000000000005,8.207,6.02825,8.8965,8.029,6.548,9.102,6.592666666666666,6.689500000000001,6.742666666666668,5.513,6.654249999999999,7.474,8.978,5.74325,4.473,6.097,8.192,10.943,8.005,8.058,7.791,9.849,6.221,7.311,7.123333333333332,8.233,7.148,7.885,9.214,7.61,7.334,5.75475,8.525500000000001,9.693,6.5,12.1215,7.440399999999999,5.9885,6.338333333333334,6.111,3.4736,6.782,8.5455,7.067,11.159,7.107,5.327,5.4045000000000005,7.549,8.159,7.498,5.8535,5.980666666666667,7.703,5.818,8.723,8.513,8.33975,11.093,8.18,7.182,6.48,10.106,8.812,6.353,6.233,5.14475,6.344,8.909,7.401,7.228,6.96,8.869,5.924,8.19825,7.860333333333333,6.8870000000000005,CONTROL
5.935,4.12,6.85,4.288,8.338,6.916499999999999,7.7795,7.447,6.221,8.2175,8.83,6.309666666666668,10.063,6.913,12.1,8.025500000000001,7.368,12.60175,6.152,7.787,7.878,6.9975000000000005,5.7565,8.022,5.52675,8.45,9.045,5.87,8.295,5.898,6.500500000000001,6.659666666666666,5.972,6.94975,7.919,8.613,5.88325,3.4800000000000004,5.723,7.370999999999999,11.298,7.998,8.56,7.2635,9.948,4.721,5.7,6.235333333333333,8.5805,8.169,7.675,8.519,7.698,6.7605,5.542999999999999,8.235,10.261,6.1475,12.5895,7.532999999999999,5.4115,5.343,5.473,3.8554,7.161,9.236,6.894,11.236,5.8475,5.265,5.7825,8.457,8.125,7.3055,5.4095,6.031,8.2395,5.722,8.753,9.006,8.133,11.04,8.166,6.889,5.9525,10.49,9.064,6.108,6.088,5.103,5.833666666666667,7.512,8.418,6.952,6.9085,9.364,6.236166666666667,7.83825,7.557333333333332,6.519666666666667,IPD
6.475333333333334,4.024,8.093,5.0,9.592,8.1245,8.879000000000001,8.977,6.533,8.6995,10.104,7.3555,11.331,8.106,12.429,8.997,7.63,12.82025,7.644,8.882,8.121,7.757,6.764,9.047,6.0485,9.5985,9.473,7.248,9.53,7.198,7.480499999999999,7.383666666666667,6.119,7.70875,8.838,10.01,6.43,5.681,5.644,9.23,12.392,8.968,9.33,8.97875,10.682,6.089,7.907,7.547666666666667,9.7065,8.355,8.738,9.957,7.87,8.1545,6.21475,8.305,11.059,6.9415,12.834499999999998,8.1114,6.5045,6.370333333333334,7.107,3.5668,7.746,9.584,8.143,11.424,6.9,5.753,5.484999999999999,9.35,9.965,8.0795,6.1305,7.340333333333334,8.925999999999998,6.382,9.493,10.385,8.76,11.401,8.3215,7.9495,7.116,10.87,10.202,7.668,6.247,4.92875,6.749333333333333,9.634333333333332,8.862,7.446,7.465,10.957,6.702000000000001,8.379,8.561,7.362666666666667,CONTROL
6.102666666666667,3.8,7.431,4.836,8.938,7.374,8.7235,8.285,6.584,7.565,10.092,6.6565,11.161,7.743,12.404,8.9795,7.184,12.75825,7.822,8.41,8.503,7.7575,6.8085,8.645,6.1915,9.6815,9.414,6.851,9.4,6.651666666666666,7.1225000000000005,7.097333333333334,6.3555,8.004,8.203,9.331,5.8525,4.074,5.9,8.6215,11.891,8.606,9.186,8.5915,10.264,5.802,7.701,7.722666666666666,9.117,7.834,8.709,9.685,8.426,8.348,5.9085,8.5425,10.835,6.343500000000001,12.9305,7.752,5.5465,6.4353333333333325,6.987,3.4498,7.594,9.364,7.902,11.964,6.2145,5.847,5.6325,7.53,11.561,7.8735,5.804,7.219,8.76,7.352,9.456,9.653,8.81275,11.468,8.688,7.573,7.0215,10.814,9.512,6.906,6.514666666666667,5.157,6.297,8.866999999999999,8.37,7.482,7.8705,11.211,6.553,8.6465,7.839000000000001,6.991333333333333,CONTROL
7.217666666666666,4.472,7.140499999999999,4.459,8.55,6.9125,8.3775,8.544,5.713,7.795,9.882,6.6370000000000005,11.002,7.317,11.793,7.1115,7.044,12.90075,6.973,8.171,8.141,7.602,6.527,8.101,5.8515,9.33,8.725,6.347,9.073,6.695666666666667,6.955500000000001,6.939,6.013,7.122,7.760000000000001,9.195,5.88125,4.4225,5.213,8.4505,11.442,8.433,8.89,7.974,10.383,4.977,6.814,7.120666666666666,8.671,7.532,7.864,9.405,6.513,7.839499999999999,5.591,8.3585,10.473,6.316000000000001,12.437,7.306,6.229,5.740333333333333,6.432,3.4974000000000003,7.089,8.926,7.312,11.234,6.4385,5.303,6.263,7.811,8.831,7.543,5.712,5.984333333333333,8.0715,6.1335,9.207,9.386,8.41175,11.161,7.978,7.5035,6.6585,10.148,9.374,6.348,6.061333333333334,5.2975,6.315666666666666,8.974333333333334,7.974,7.478,7.2075,9.172,5.752166666666667,8.2865,7.699666666666666,7.0343333333333335,IPD
6.117666666666668,4.205,7.5295,3.704,9.027,7.2415,8.676,8.401,5.726,8.175,10.118,7.623166666666666,10.908,8.009,12.516,8.087,7.401,12.78425,7.026,8.404,8.707,7.6735,7.048500000000001,8.244,5.9365,9.1745,8.893,7.012,8.938,6.990333333333333,7.325,7.526000000000001,5.882,8.10825,7.310666666666667,8.834,6.57175,4.6425,5.145,8.942,11.482,8.134,8.912,7.925,10.515,5.104,7.49,7.367,8.598,8.698,7.73,9.358,8.225,7.747,5.576499999999999,8.626999999999999,10.867,6.9305,12.7755,8.184999999999999,6.3455,6.653666666666667,5.941,3.7192,6.925,9.1565,7.449,11.463,6.489000000000001,5.625,6.231999999999999,8.929,9.838,7.8605,5.744,6.433,8.79,6.446,9.375,9.374,8.961,11.21,8.6875,7.363999999999999,6.898999999999999,11.044,9.331,6.5,6.526,5.274,6.750333333333334,8.893666666666666,8.223,7.14,7.6695,9.379,6.669499999999999,8.08525,7.853999999999999,7.2426666666666675,IPD
6.698666666666667,4.093,7.5525,5.093,8.528,7.651,8.846499999999999,7.801,6.51,8.5195,9.263,7.754666666666666,11.604,7.484,12.601,8.552,6.253,13.0115,7.974,8.651,8.601,8.0435,7.199,8.649,6.2330000000000005,9.968,8.851,7.471,9.567,7.713999999999999,7.068,7.448,6.3035,8.08325,8.243,9.679,6.37775,5.568,6.186,9.1865,11.707,8.647,9.068,8.247,10.608,6.198,7.676,8.095333333333334,9.0505,8.476,8.468,9.813,8.269,8.508,5.80875,8.9165,10.785,6.7725,12.7485,7.919,6.484500000000001,6.529,6.636,3.4732,7.431,9.3725,7.871,11.68,6.2255,5.944,5.846500000000001,8.957,10.322,7.448,6.013,6.7443333333333335,8.901,6.760999999999999,9.43,9.963,9.05175,11.389,8.9885,7.986000000000001,7.2195,11.022,9.83,7.298,6.844333333333334,5.35025,6.927,9.881666666666666,8.472,7.38,7.728999999999999,9.433,6.325666666666667,8.41725,7.968666666666667,7.518333333333333,CONTROL
6.251666666666666,3.99,7.905,5.424,8.59,7.841,8.808,7.951,6.539,8.3275,9.369,7.6605,11.701,7.777,12.454,8.9255,7.148,13.0115,8.239,8.821,8.476,8.062000000000001,7.212999999999999,8.957,6.3775,10.313,8.684,7.079,9.415,7.844,7.137499999999999,7.352333333333334,6.7415,8.158,7.9496666666666655,9.562,6.49975,5.195,6.257,9.2985,11.336,8.7,9.027,8.86925,10.883,6.247,7.793,7.782999999999999,8.6645,8.86,8.514,9.749,8.081,8.697,6.0695,8.995000000000001,10.734,6.8155,12.78,7.9674,6.570499999999999,6.283,6.842,3.3176,7.56,9.419,7.942,11.577,6.704,5.438,6.5715,8.888,10.173,7.6385,5.874,6.831666666666667,9.1175,6.674,9.378,10.428,9.15275,11.628,8.839,7.983,7.2855,11.071,10.091,7.037,6.624,5.43475,6.896333333333334,10.043,8.559,7.333,7.970499999999999,10.096,6.388333333333333,8.642,7.867999999999999,7.542000000000001,CONTROL
6.669333333333333,4.318,7.0555,4.533,8.326,7.131,8.183,7.968,5.845,8.2635,9.454,7.228000000000001,11.071,7.147,12.089,7.917,6.359,12.781,7.291,7.98,8.226,7.8605,6.7895,8.212,6.2125,9.5075,8.611,6.593,9.138,7.107333333333333,6.994999999999999,6.823,5.9755,7.5365,7.533,8.87,5.92975,4.9735,5.042,8.366999999999999,10.984,8.331,8.858,7.35825,10.306,4.886,7.452,7.493333333333333,8.6665,7.553,7.976,9.448,7.221,8.121500000000001,5.6715,8.7335,10.374,6.462,12.286,7.7694,6.2625,5.967666666666666,6.421,3.44,7.139,8.962499999999999,7.396,11.321,6.542,5.314,6.0685,8.586,9.577,7.337,5.693,6.033666666666666,8.6405,6.5605,9.167,9.169,8.36825,10.957,8.0685,7.6935,6.7620000000000005,10.505,9.13,6.264,6.618666666666667,5.212,6.843333333333334,8.924666666666667,7.927,7.618,7.395,9.277,6.033,8.208,7.676333333333333,7.136666666666667,IPD
6.690666666666666,4.441,7.2745,5.504,9.406,7.766999999999999,9.0525,8.931,6.702,8.612,10.768,7.606333333333333,11.147,8.042,12.501,8.789000000000001,7.847,13.12125,6.868,8.44,8.441,7.564,7.330999999999999,8.448,6.01225,9.4675,9.015,6.569,9.208,6.7683333333333335,7.2855,7.503,6.428,7.702,8.005333333333333,9.585,6.23175,5.2255,6.314,9.1955,12.008,8.363,8.657,8.9905,10.811,6.068,7.279,7.191666666666666,9.1705,8.085,9.059,9.864,8.058,8.601500000000001,5.924,8.629999999999999,10.642,6.734999999999999,12.888,7.7122,6.294499999999999,6.410666666666667,6.29,3.4882,7.14,9.5895,8.071,11.921,7.18,5.82,5.864,8.418,10.111,8.0985,5.442,6.625,8.586500000000001,6.748,9.482,9.873,8.73,11.521,8.707,7.474,6.6265,10.784,9.55,6.735,5.813666666666666,4.89925,6.417333333333333,9.146333333333333,8.399,7.429,7.4345,10.277,5.760666666666666,8.574,7.903333333333333,7.358666666666667,IPD
7.05,4.139,7.34,5.306,8.573,7.0955,8.578,8.594,6.91,7.968,10.122,7.132833333333334,10.954,7.59,12.509,8.2165,7.181,12.9855,6.762,8.3,8.07,7.797499999999999,6.767,8.401,6.2235000000000005,9.0405,8.524,6.604,9.235,6.640000000000001,7.0545,7.090333333333334,5.8945,7.3465,7.53,9.051,6.0645,4.4415,6.0,8.8155,11.345,8.063,8.513,8.246,10.395,6.207,7.325,7.244333333333333,8.611,7.676,8.227,9.406,6.713,8.1615,5.62625,8.678999999999998,10.528,6.602,12.676,7.174799999999999,5.9745,6.153333333333333,6.456,3.4796,6.987,8.913499999999999,7.674,11.408,7.474,5.211,5.8535,8.198,8.924,7.471,5.431,6.249,8.234,5.9155,9.237,9.314,8.384,11.023,8.524000000000001,7.218,6.617000000000001,10.646,9.45,5.617,5.782333333333334,5.282500000000001,6.291333333333334,8.695333333333332,8.099,7.345,7.343,9.92,6.275833333333334,8.3585,7.827999999999999,7.202000000000001,CONTROL
6.528,4.313,7.128,4.855,8.973,7.394,8.4285,8.856,6.5,7.705,10.36,6.915,11.107,7.939,12.436,8.0265,7.621,13.0705,7.099,8.109,8.595,7.6715,6.8635,8.435,5.9895,9.231,8.866,6.682,9.398,6.717333333333333,6.891500000000001,6.942,5.6240000000000006,7.502,7.962000000000001,9.338,5.9705,4.7615,5.587,9.063,11.48,8.237,8.779,8.50225,10.725,5.434,7.172,7.223,8.692,7.52,8.6,9.747,7.239,8.1385,5.886,8.3595,10.472,6.914,12.7285,7.449199999999999,5.7135,6.141000000000001,6.408,3.4586,6.917,9.088,7.637,11.95,6.672,5.127,5.9675,7.892,8.506,7.822,5.9055,6.562,8.4165,6.1565,9.091,9.525,8.42325,11.293,8.372,7.3115,6.378,10.469,9.035,6.117,6.267333333333333,5.3012500000000005,6.5376666666666665,8.855666666666666,8.228,7.337,7.119,9.408,5.930666666666667,8.4625,7.814333333333334,7.040333333333333,CONTROL
7.239333333333332,4.418,7.073,5.298,8.562,7.275,8.7205,8.641,6.44,8.21,9.88,6.827000000000001,10.891,8.16,12.319,8.402999999999999,7.207,12.79,6.872,8.21,7.804,7.905,6.9495000000000005,8.147,5.76525,9.2295,8.578,6.841,8.903,6.689666666666667,7.3345,6.803999999999999,5.5915,7.70575,7.681333333333334,9.238,6.2745,4.747,6.167,8.8505,11.242,8.355,8.677,8.318,10.219,6.426,7.501,7.239,8.5545,7.913,8.26,9.375,7.917,8.029,5.72825,8.882000000000001,10.22,6.984,12.454,7.5986,5.768,6.560666666666667,6.293,3.4192,6.821,8.937999999999999,7.55,11.616,6.7365,5.76,5.625500000000001,8.238,9.351,7.749,5.368499999999999,6.151,8.229,6.043,8.946,9.272,8.378,10.944,8.582,7.434,6.4830000000000005,10.863,9.097,5.68,6.0456666666666665,5.4822500000000005,6.7763333333333335,8.576666666666666,8.293,7.326,7.621,9.595,6.398833333333333,8.253250000000001,7.803666666666667,7.133666666666667,CONTROL
6.405,4.495,7.641500000000001,5.253,9.193,7.449,8.857,8.783,6.673,8.078,10.396,7.067,11.16,7.917,12.753,8.087,7.838,12.931,6.907,8.407,8.38,7.8795,7.184,8.282,6.1505,9.353,8.613,6.782,9.542,6.748666666666668,6.859999999999999,6.902333333333334,5.3925,7.582750000000001,8.025,9.277,5.9350000000000005,5.432499999999999,6.131,9.1815,11.533,8.528,8.703,8.587250000000001,10.455,5.82,7.922,7.726666666666667,8.6295,7.783,8.36,9.418,7.539,8.259,5.899,8.8,10.788,6.922499999999999,12.849,7.8394,6.1365,6.541999999999999,6.621,3.3944,6.943,9.172,8.137,11.771,6.7345,5.838,5.917,8.173,10.008,7.909000000000001,5.786,6.697333333333333,8.517,6.318,9.302,9.36,8.6105,11.106,8.575,7.471,6.816000000000001,10.733,9.142,6.728,6.425666666666667,5.23075,6.390666666666667,9.199666666666667,8.29,7.48,7.4495,9.18,6.268166666666666,8.514,7.843333333333334,7.2746666666666675,CONTROL
6.666333333333334,3.61,6.9245,4.868,8.764,7.287,8.039,7.873,6.202,7.705999999999999,10.026,6.517499999999999,10.641,7.282,11.719,7.4,7.44,12.883,6.766,8.317,7.899,7.59,6.2465,8.322,5.92,8.8295,8.855,6.624,9.154,6.426333333333333,6.631,7.105,5.8455,6.83,7.626666666666668,9.046,5.64325,3.7405,5.416,8.3485,11.365,7.924,8.13,7.92,10.584,5.151,6.737,6.853999999999999,8.486,7.608,8.24,9.248,7.443,8.286999999999999,5.6765,8.466000000000001,10.252,6.281,12.303999999999998,6.734399999999999,5.9115,5.648,6.281,3.6984,6.829,8.886,7.905,11.265,6.7285,5.213,5.9525,7.956,8.496,7.588000000000001,5.932,6.013000000000001,8.373999999999999,5.5745000000000005,9.128,9.238,8.1515,11.264,8.097,7.1825,6.3865,10.294,9.305,6.355,5.646999999999999,5.22525,6.196666666666666,8.773666666666665,7.974,7.488,7.4535,9.516,5.852,8.376249999999999,7.974666666666667,6.953,CONTROL
6.571666666666666,4.168,7.870999999999999,5.073,9.184,7.9395,8.613,8.551,6.225,8.5395,10.164,7.3685,11.458,8.464,12.935,8.3165,7.715,13.081,7.013,8.133,8.5,7.98,6.8315,8.401,7.0915,9.456,8.495,7.185,10.067,7.158666666666666,6.989,7.494666666666666,5.310499999999999,6.6905,8.352666666666666,8.833,5.5245,3.8735,5.794,9.3665,11.681,8.555,8.766,8.52025,11.056,5.757,7.15,8.646666666666667,9.043,7.719,8.627,9.732,7.696,8.896,6.08025,8.872,11.438,6.672499999999999,13.428,7.778,5.9865,6.518999999999999,6.97,3.5332,7.13,8.845500000000001,8.389,11.819,7.308,5.602,5.678,7.607,10.027,7.786,5.747999999999999,6.9206666666666665,8.370000000000001,5.805,9.167,9.5,8.75425,11.55,8.401,7.234,7.593999999999999,10.629,9.523,7.255,6.428999999999999,5.22125,6.201333333333333,9.716666666666669,7.983,7.614,7.172000000000001,9.713,6.015833333333333,8.495249999999999,7.757333333333332,7.442333333333333,CONTROL
6.550333333333334,4.238,7.0255,4.776,8.631,7.192500000000001,8.5195,8.428,6.273,8.2265,9.887,6.728333333333333,10.9,7.672,12.09,8.0155,7.395,12.723,6.711,8.346,8.201,7.858499999999999,6.7465,8.454,5.6525,8.893,8.606,6.583,9.084,6.9190000000000005,7.123,7.145666666666667,6.042,7.61,7.961666666666666,9.174,5.8605,4.904,5.066,8.8375,11.335,8.154,8.34,8.05575,10.482,5.291,7.413,7.281666666666666,8.5825,7.577,8.254,9.349,7.845,8.292,5.5745,8.388,10.24,6.6065000000000005,12.477,7.679399999999999,5.6525,6.370333333333334,6.323,3.4090000000000003,6.952,9.072,7.672,11.524,6.4935,5.452,6.01,8.252,8.867,7.813499999999999,5.5425,5.984333333333333,8.3965,5.6465,9.199,9.454,8.42975,11.398,8.274000000000001,7.4855,6.558,10.689,9.327,6.654,6.022333333333333,5.1195,6.393999999999999,8.898,8.071,7.309,7.186999999999999,9.089,6.159,8.3195,7.845666666666666,7.046333333333333,CONTROL
6.206666666666666,3.443,7.252,4.861,9.115,7.4635,8.95,8.492,5.742,8.1445,10.18,7.3215,11.348,8.254,12.517,8.554,7.804,13.021,6.945,8.58,8.409,7.8455,6.8905,8.611,5.87575,9.6175,8.85,6.968,9.569,6.874,7.41,7.492999999999999,5.8805,7.968249999999999,8.186666666666666,9.42,6.11525,5.0525,5.233,9.2285,11.587,8.002,8.826,8.7065,10.687,5.071,8.03,7.986999999999999,8.719000000000001,7.779,8.476,9.866,7.643,8.725999999999999,5.99575,8.3985,10.17,6.7485,12.9355,7.914199999999999,5.8565000000000005,6.508666666666667,6.244,3.5128,7.201,9.3645,7.579,11.918,6.187,5.592,6.1475,8.508,9.625,7.737,6.016500000000001,6.390666666666667,8.8205,7.002,9.197,9.786,8.71625,11.66,8.5515,7.714,6.809,10.851,9.272,6.363,6.274,5.336,6.6066666666666665,8.835333333333333,8.214,7.51,7.412999999999999,10.007,6.4575,8.50225,8.045333333333334,7.166999999999999,CONTROL
6.520666666666667,3.791,7.356,4.57,9.003,7.333500000000001,8.5705,8.726,6.029,8.156,10.167,7.6665,11.006,8.035,12.496,8.421500000000002,7.334,13.004,6.862,8.383,8.092,7.6585,6.9505,8.256,6.12875,9.195,8.649,6.82,9.338,7.146666666666666,6.7795000000000005,7.408333333333334,6.1495,7.85875,7.612666666666667,9.329,6.09075,4.863,5.332,9.182,11.541,8.163,8.651,8.48425,10.819,5.457,7.459,7.248333333333334,8.813500000000001,7.768,8.39,9.701,7.727,8.634,5.82,8.594999999999999,10.376,7.0135,12.782,7.6732,6.1305,6.099,6.134,3.2788000000000004,7.112,9.3205,7.934,11.66,6.3045,5.634,5.6525,8.671,8.503,7.809,5.8125,6.218333333333334,8.533999999999999,6.0635,9.258,9.217,8.638,11.305,8.602,7.2515,6.485,10.896,9.415,5.951,6.366,5.1715,6.837666666666666,9.137333333333332,8.332,7.207,7.436999999999999,9.415,6.129666666666666,8.315249999999999,8.164,7.231000000000001,IPD
6.408666666666666,3.781,6.7685,4.786,8.752,7.1775,7.9825,7.744,6.0,7.351,9.578,6.415833333333334,10.33,7.445,11.761,6.936999999999999,6.929,12.80725,6.426,7.951,7.647,7.5245,6.315,7.987,5.7235,8.582,8.438,6.196,9.065,6.053999999999999,6.4425,6.897666666666666,5.802,6.671250000000001,7.458333333333333,8.779,5.466749999999999,3.6715,5.648,8.059000000000001,11.163,7.932,8.059,7.68225,10.447,5.773,6.605,6.6513333333333335,8.2375,7.382,7.781,9.039,7.094,7.4745,5.48125,8.329,9.884,6.4825,12.361,6.8854,5.791,5.271666666666667,6.094,3.7022,6.75,8.712,7.317,10.885,6.7765,4.777,6.163,7.888,6.921,7.365,5.401,5.750333333333333,8.2965,5.3665,8.982,8.749,8.07275,10.952,7.884,6.818,6.413,10.264,9.04,6.339,5.8053333333333335,5.34425,6.2026666666666666,8.243666666666668,7.865,7.215,6.8325,9.126,5.765833333333333,8.16175,7.783,6.835333333333334,CONTROL
7.636666666666667,4.492,7.6385,4.997,9.09,7.9615,9.312,9.039,6.536,8.488,10.413,7.204166666666667,11.58,8.57,12.531,9.031,7.854,12.9735,7.66,8.335,8.765,8.0005,7.3585,8.758,6.17025,10.0395,8.938,7.349,9.557,7.336666666666666,7.461,7.612999999999999,5.797499999999999,8.004249999999999,8.220999999999998,9.84,6.33725,5.355499999999999,5.725,9.3595,11.941,8.43,9.232,8.629,10.967,5.655,7.695,7.741666666666666,8.9015,8.451,8.938,9.728,8.819,8.3785,6.1195,9.04,10.904,6.875,12.8215,8.331399999999999,6.4805,6.514,6.9,3.3782,7.595,9.152,7.825,11.935,7.1325,5.671,5.9510000000000005,8.664,10.411,8.102500000000001,6.064,6.916666666666667,8.703,6.6315,9.421,9.597,8.95175,11.455,8.858,7.867,6.779,11.159,9.7,6.964,6.247666666666667,4.99,6.556,9.160666666666666,8.556,7.784,7.717,9.732,6.881333333333333,8.64375,8.477333333333334,7.364333333333334,IPD
6.896,4.259,7.7865,4.882,9.278,7.461,8.8905,9.181,6.498,8.4735,10.675,7.806999999999999,11.616,8.421,12.685,8.918,7.693,13.036,7.756,8.405,9.005,7.784499999999999,7.389,8.935,6.17525,9.963,9.281,7.175,9.221,7.438333333333333,7.7355,7.472333333333332,6.6205,8.42475,8.136000000000001,9.604,6.4395,6.268,5.804,9.535,12.037,8.524,9.271,9.02825,10.868,6.014,7.815,7.834666666666666,9.1195,8.268,9.101,9.872,7.788,8.932500000000001,5.9967500000000005,8.916,11.188,6.7335,13.157,8.5664,6.580500000000001,6.738666666666667,6.713,3.3275999999999994,7.108,9.7155,8.005,12.134,6.2325,5.565,5.593,8.568,10.586,7.8435,5.773,6.640333333333333,8.837,7.362500000000001,9.429,10.22,9.005749999999999,11.592,8.852,7.919,6.8485,11.308,9.707,7.185,6.490666666666667,5.20275,6.942666666666667,9.466333333333331,8.281,7.682,7.7,10.006,6.2330000000000005,8.58625,7.980999999999999,7.379,IPD
6.550666666666667,4.465,7.5115,5.686,9.188,7.631,8.964500000000001,9.203,6.713,8.5695,10.574,7.885166666666667,11.548,8.652,12.766,8.974499999999999,7.911,13.08475,7.545,8.728,8.931,7.831,7.383,8.767,6.159,10.244,9.198,7.365,9.515,7.455333333333333,7.426,7.768,6.5405,8.28875,8.089666666666668,9.64,6.371,5.1345,6.548,9.4055,11.941,8.472,9.13,8.991249999999999,10.996,6.213,7.688,7.909333333333333,8.931000000000001,8.564,8.907,9.812,6.944,8.59,5.9635,9.0555,10.802,6.9535,13.142,8.4302,6.6325,6.379,6.859,3.6006,6.858,9.5595,8.1,12.103,6.4905,5.696,5.797,8.701,9.991,7.7795,5.7605,6.575666666666667,8.661999999999999,6.6905,9.421,9.722,9.015,11.53,8.8205,7.7995,6.7685,11.256,9.666,7.311,6.59,5.05875,6.749333333333333,9.519666666666666,8.393,7.519,7.507,9.9,6.347,8.39475,7.970666666666666,7.235666666666667,IPD
6.535,4.319,7.681999999999999,5.687,9.184,7.4885,8.9125,9.012,6.868,8.190999999999999,10.326,7.374,11.111,7.962,12.583,8.848500000000001,7.792,13.2485,6.923,8.52,8.308,7.7865,7.063000000000001,8.471,6.18225,9.172,9.069,6.678,9.07,6.675,7.121,7.508666666666667,6.471,7.84975,7.954,9.573,6.07425,4.7635000000000005,5.925,9.2575,11.889,8.108,8.889,8.76175,10.419,6.189,7.881,7.751666666666668,9.109,7.93,8.694,9.918,7.796,8.599,6.0015,8.544,10.767,6.862500000000001,12.9505,7.7032,6.327,6.209333333333333,6.236,3.4816000000000003,6.956,9.6255,7.755,11.961,7.0345,6.032,5.355,8.725,9.939,8.1875,5.8645,6.809666666666668,8.559000000000001,6.517,9.134,9.85,8.72825,11.57,8.567,7.489000000000001,6.245,10.835,9.478,6.181,6.141666666666667,4.904,6.433333333333334,8.805666666666667,8.302,7.344,7.426,10.365,6.4025,8.34525,8.119666666666667,7.1273333333333335,IPD
6.196333333333333,3.941,7.4215,4.709,8.685,7.3665,8.689,8.874,6.219,8.0585,9.923,6.853666666666666,10.861,7.339,12.064,8.7075,7.183,12.89825,7.223,8.16,7.786,7.794499999999999,6.683999999999999,8.158,5.93475,8.773,8.975,6.594,8.923,6.030666666666666,6.8855,6.913,5.9115,7.4685,7.756,9.343,5.851,5.025,5.694,9.101,11.777,8.176,8.632,8.572000000000001,10.182,5.26,7.653,7.748,8.7005,7.568,8.216,9.7,7.848,8.281500000000001,5.7635000000000005,8.623000000000001,10.34,6.6505,12.451,7.267,6.0365,5.934,6.297,3.5448,6.905,9.261,7.666,11.709,6.2915,5.694,5.6295,8.262,10.144,7.6265,5.9085,6.528666666666666,8.3635,6.707000000000001,8.959,9.25,8.678,11.358,8.567499999999999,7.0305,6.494,10.546,9.465,6.066,5.637333333333333,5.374,6.515666666666667,8.760666666666667,8.041,7.279,7.729,9.862,6.410166666666666,8.2725,7.919,7.019666666666667,IPD
6.744666666666667,3.909,7.2645,5.354,9.274,7.576,8.9275,9.115,6.401,8.288,10.516,8.0245,11.51,8.585,12.74,8.971,7.612,13.11425,6.93,8.779,8.353,7.815,7.244,8.44,6.14175,9.929,9.267,7.338,9.757,7.45,7.2705,7.428666666666667,6.381,8.43675,8.080666666666668,9.787,6.23,6.0920000000000005,6.554,9.3275,11.916,8.509,9.054,8.82775,10.878,6.196,8.254,8.052666666666667,9.2575,8.021,8.903,9.899,7.952,8.9495,5.7895,8.995000000000001,10.916,7.1105,12.9385,8.3718,6.3205,6.748,6.686,3.543,7.567,9.6105,8.081,11.993,7.1745,6.061,5.673500000000001,8.937,9.705,7.901,5.7935,6.621666666666667,8.972000000000001,6.4655000000000005,9.704,9.961,9.118,11.432,8.7655,7.720499999999999,6.9190000000000005,11.15,9.524,7.004,6.518666666666667,5.235,6.96,9.239,8.435,7.731,7.6235,10.516,6.360166666666667,8.4405,8.135666666666667,7.451333333333333,IPD
6.722666666666666,4.872,7.1335,5.581,9.158,7.0655,8.5755,8.476,6.209,7.534,9.971,6.721333333333334,10.866,7.661,12.492,7.564500000000001,8.005,12.9555,6.372,7.993,8.252,7.5495,6.9190000000000005,8.229,6.0235,8.826,8.678,6.59,9.182,6.614333333333334,6.278499999999999,6.479666666666667,5.5215,7.17025,7.498666666666666,8.95,5.728,4.329000000000001,5.467,8.400500000000001,11.704,7.897,8.271,8.1385,10.254,5.501,7.054,6.938666666666666,8.5365,7.498,8.252,9.319,7.086,7.7195,5.87475,8.348500000000001,10.259,6.2925,12.7015,7.3578,5.4535,6.020333333333333,6.355,3.4314,7.223,8.6935,7.423,11.762,6.301,5.416,5.7495,7.916,8.949,8.028,5.179,5.960666666666666,7.8165,5.7915,8.947,8.968,8.1425,10.938,8.189499999999999,7.205,6.3815,10.361,8.534,6.356,6.219666666666666,4.904,6.468,8.528333333333334,8.072,7.438,6.9475,9.71,6.377333333333333,8.23625,7.859666666666667,7.118666666666667,IPD
7.880333333333334,4.807,7.76,5.651,9.229,7.5495,8.923,8.816,6.649,8.412500000000001,10.381,7.392833333333333,11.246,8.361,12.559,8.6435,7.718,13.0325,7.662,8.772,8.527,8.077,7.1545000000000005,8.826,6.19575,9.5415,8.993,7.175,9.556,7.171333333333333,6.923,7.593333333333334,5.851,7.843,8.226,9.801,6.201499999999999,5.2855,5.677,9.1005,11.744,8.678,8.856,8.42425,11.051,5.658,7.609,7.420666666666666,8.8515,8.519,8.524,9.691,8.49,8.339,5.78125,8.933,10.645,6.995,12.816,7.9248,6.0665,6.397333333333333,6.762,3.3212,7.46,9.3905,8.175,11.731,7.2235,5.408,5.8245000000000005,8.743,8.684,7.875500000000001,5.73,7.015000000000001,8.6445,6.076,9.601,9.738,8.805,11.384,8.517,7.7265,6.9945,11.172,9.546,6.668,6.513333333333333,4.82075,6.653,9.383666666666668,8.427,7.652,7.5965,9.599,6.255,8.45875,8.092666666666666,7.3756666666666675,IPD
7.517,4.653,7.575,5.773,8.579,7.446,8.548,8.568,6.97,8.0055,9.98,7.3105,11.191,7.612,12.407,8.161,7.016,13.04925,7.463,8.228,8.214,7.9705,6.685499999999999,8.551,6.1240000000000006,8.989,8.788,7.001,9.327,6.729666666666667,6.9830000000000005,7.303666666666667,5.9975000000000005,7.2445,8.050666666666666,9.331,6.09625,5.3025,6.153,9.066,11.576,8.445,8.667,8.557,10.507,6.04,7.647,7.900333333333333,8.61,7.765,8.02,9.239,6.806,8.3525,5.63675,8.7765,10.597,6.509,12.9045,7.4388,6.2780000000000005,6.373666666666666,6.743,3.4894,7.098,9.1605,7.76,11.488,7.1825,5.883,5.6395,7.907,9.961,7.801500000000001,5.6255,6.5683333333333325,8.48,6.401,9.212,9.505,8.55625,11.414,8.243,7.3405,6.84,10.505,9.459,6.822,6.364999999999999,5.391500000000001,6.392333333333333,9.469666666666669,7.886,7.429,7.225999999999999,10.051,5.965,8.42075,7.63,7.134,IPD
7.396333333333334,4.428,7.5295,5.544,8.669,7.77,8.171,9.054,6.683,8.2135,9.755,7.350333333333334,11.456,7.92,12.69,7.442,6.986,13.10725,7.305,8.412,8.117,7.996499999999999,6.8740000000000006,8.59,6.427,9.7715,8.55,7.068,9.476,7.577666666666666,6.688000000000001,7.162333333333334,6.0265,7.54125,7.946000000000001,9.467,5.85575,4.5855,5.942,9.111,11.718,8.693,8.825,8.41125,10.927,6.874,7.814,7.504333333333332,8.9375,7.743,8.242,9.64,7.315,8.396,5.656499999999999,8.883,10.535,6.7675,13.0895,7.714,6.218,6.390666666666667,6.36,3.4404000000000003,7.401,8.8925,7.83,11.606,7.3085,5.631,5.796,8.347,8.08,7.563499999999999,5.865,6.426666666666667,8.3535,5.8305,9.342,9.521,8.6965,11.611,8.4145,7.6775,6.976,10.887,9.5,7.034,6.688,5.391,6.640666666666667,8.926333333333334,8.235,7.582,7.457000000000001,9.598,6.2878333333333325,8.2025,8.222666666666667,7.259,IPD
7.713666666666668,4.517,7.2115,5.667,8.728,7.3865,8.881,8.82,6.729,8.041,10.07,7.111666666666667,11.324,7.635,12.463,8.3285,6.998,12.95675,7.285,7.949,8.521,7.815,6.863,8.661,6.50125,9.397,8.953,6.913,9.305,6.971666666666667,7.2105,7.209333333333333,6.2195,7.439249999999999,7.868666666666667,9.391,6.02475,4.5685,6.432,8.9795,11.941,8.424,8.706,8.504,10.386,6.748,7.617,7.527333333333334,8.891,7.579,8.639,9.562,7.589,8.668,5.6885,8.498000000000001,10.817,6.3855,13.1115,7.6024,6.422000000000001,6.589333333333333,6.528,3.379,7.044,9.0985,7.551,11.869,6.6515,6.35,5.626,7.414,9.673,7.702500000000001,5.785,6.552666666666667,8.2775,6.891500000000001,9.16,9.708,8.664,11.331,8.3355,7.4675,6.648,10.439,9.364,6.134,6.309666666666668,5.093,6.275,9.048,7.794,7.749,7.7165,10.244,6.236666666666667,8.3865,7.694333333333333,7.028,IPD
7.160333333333334,4.604,7.573,6.441,8.884,7.912,8.936,9.192,7.824,8.4535,10.619,7.578666666666667,11.772,8.757,12.758,8.577,7.856,13.055,8.107,8.455,8.753,8.1465,7.222999999999999,8.895,5.95775,10.0015,8.996,7.331,9.59,7.637666666666667,7.362,7.601999999999999,6.3525,8.011750000000001,8.150666666666666,9.493,6.319,5.7975,6.849,9.395499999999998,11.729,8.626,9.216,8.9315,10.945,7.095,7.677,7.963666666666666,8.9515,8.442,8.789,9.694,8.275,8.576,5.9905,8.9675,10.906,6.928,12.849,8.221,6.525,6.662,6.898,3.465,7.564,9.3815,8.127,11.834,7.447999999999999,6.011,5.6215,8.503,11.001,7.8545,6.1075,6.782,8.879000000000001,6.69,9.402,10.018,9.029,11.361,8.6375,7.999499999999999,7.1825,11.2,9.594,7.302,6.497666666666667,5.3005,6.786666666666666,10.031666666666666,8.639,7.727,7.788500000000001,10.274,6.3005,8.503,8.081333333333333,7.335666666666666,IPD
7.7686666666666655,4.325,7.7715,5.767,8.866,7.5095,8.9905,8.867,6.903,8.3305,10.386,7.325833333333333,11.446,8.585,12.389,8.7395,7.73,13.1585,7.131,8.819,8.431,7.994,7.1595,8.611,5.92325,9.831,9.084,7.265,9.152,7.528333333333333,7.439,7.249333333333332,6.763999999999999,8.184999999999999,7.838666666666666,9.524,6.398,4.8705,6.259,9.0265,11.663,8.304,8.999,8.6235,10.689,6.426,7.637,7.559333333333332,9.0045,8.326,8.763,9.659,7.927,8.721,5.821999999999999,8.679,10.718,6.8745,12.7375,8.2262,5.884,6.656,6.827,3.4254,7.165,9.4175,8.123,11.805,7.25,5.896,5.691,8.653,9.962,7.837,5.862500000000001,6.609999999999999,8.757000000000001,6.7355,9.483,9.675,8.7715,11.225,8.483,7.746,6.8925,11.122,9.375,6.781,6.518000000000001,5.15425,6.716333333333332,9.227666666666666,8.485,7.848,7.6375,10.416,6.389166666666667,8.47475,7.809333333333332,7.174666666666667,IPD
6.778333333333333,4.408,7.391500000000001,4.876,8.699,7.4945,8.5395,8.754,6.46,7.7025,10.11,6.679833333333334,10.896,7.93,12.401,8.368,7.557,12.8765,7.691,8.394,8.404,7.6695,6.8095,8.613,5.895,9.1375,8.769,6.938,9.424,6.571666666666666,7.310499999999999,7.172333333333333,5.883,7.15475,7.833333333333333,9.291,6.053,4.7885,5.437,8.875,11.554,8.11,8.681,8.46775,10.423,5.384,7.642,7.168666666666667,8.762,7.816,8.738,9.479,7.741,7.817500000000001,5.73475,8.6085,10.378,6.6905,12.5385,7.583,5.5615000000000006,6.1066666666666665,6.722,3.5358000000000005,7.128,8.9835,7.906,11.525,7.047000000000001,5.444,5.8865,7.662,10.168,7.6845,5.702999999999999,6.516666666666667,8.217500000000001,6.749499999999999,9.156,9.4,8.538,11.188,8.590499999999999,7.2665,6.6035,10.549,9.094,6.288,6.288,5.1435,6.221666666666667,8.830666666666668,8.307,7.475,7.324,9.912,6.3095,8.44125,8.213333333333333,7.0680000000000005,IPD
6.301666666666667,3.424,7.631500000000001,4.609,8.844,7.6005,8.7645,9.056,6.017,8.2865,10.473,7.531833333333334,11.479,8.24,12.485,8.4635,7.677,13.0,7.459,8.433,8.647,7.83,6.926,8.581,5.96575,9.691,9.101,6.947,9.241,7.233666666666667,7.211,7.639666666666667,6.352499999999999,8.03325,8.215000000000002,9.485,6.2375,4.9475,5.351,9.3415,11.747,8.39,9.1,8.94075,10.618,5.453,7.727,7.580333333333333,8.876999999999999,8.306,8.75,9.816,8.089,8.657499999999999,5.84975,8.7655,10.894,6.7235,12.8765,8.000399999999999,6.059,6.854666666666667,6.784,3.471,7.159,9.253,7.911,12.044,6.094,5.792,5.917,8.572,9.9,7.881,5.952500000000001,6.755333333333333,8.719000000000001,7.0545,9.195,9.884,8.973,11.442,8.6425,7.762,6.9835,10.973,9.677,7.21,6.518000000000001,5.37525,6.625333333333334,9.576,8.352,7.544,7.525499999999999,8.984,6.344833333333334,8.491249999999999,7.879,7.154,CONTROL
6.317333333333333,5.09,7.899999999999999,5.397,8.831,7.6525,9.033,9.114,6.428,8.3645,10.44,7.770666666666666,11.461,8.612,12.686,8.667000000000002,7.634,13.074,7.558,8.544,8.721,7.830500000000001,7.319500000000001,8.635,6.03475,9.8085,9.115,6.991,9.23,7.234333333333333,7.465999999999999,7.732666666666667,6.539999999999999,8.3565,8.099666666666666,9.661,6.565,5.933999999999999,5.812,9.4025,11.761,8.616,9.158,8.956,10.709,5.829,7.946,7.936,8.911999999999999,8.318,8.856,9.826,7.978,9.029,5.91225,8.883,10.793,6.8075,12.9965,8.2164,6.106,6.788333333333333,6.865,3.3676000000000004,7.266,9.722,7.947,11.85,6.0555,5.831,5.531499999999999,8.621,10.998,7.8125,5.94,6.731000000000001,8.941500000000001,6.6195,9.261,10.051,8.98475,11.421,8.898,7.7245,7.202999999999999,11.169,9.681,6.78,6.425333333333334,5.08225,6.846333333333334,9.573,8.426,7.548,7.9295,10.459,6.457999999999999,8.456,8.079666666666666,7.258333333333333,IPD
6.880333333333333,3.907,8.7595,5.595,9.37,7.9575,8.6035,9.029,5.954,8.710999999999999,10.063,6.920333333333333,11.519,8.632,13.253,8.942499999999999,7.444,13.07825,7.395,8.531,8.058,8.1765,6.5435,8.855,6.4350000000000005,9.4735,9.189,7.383,9.53,6.876333333333332,7.5335,7.566333333333333,5.9055,7.594749999999999,8.75,9.843,6.2305,5.1465,5.778,8.832,12.115,8.957,9.271,8.64875,11.023,5.525,7.866,7.358333333333333,9.5005,8.052,8.523,9.809,8.767,8.276,5.62575,8.832,10.94,7.015,13.2195,7.8414,5.856999999999999,6.151666666666667,6.994,3.592,7.579,9.527,8.182,11.709,7.118,6.147,5.4815,8.517,10.475,7.893000000000001,6.2075,7.007000000000001,8.681000000000001,6.0285,9.457,9.779,8.88875,11.212,8.454,7.9385,7.5835,10.879,9.674,7.306,6.252333333333333,4.9455,6.692,9.563,8.964,7.329,7.516999999999999,10.726,6.523666666666666,8.42175,8.143,7.568333333333332,IPD
5.987666666666667,3.928,7.581999999999999,4.923,8.837,7.7885,9.115,9.13,5.782,8.5525,10.567,7.793,11.361,8.659,12.756,9.679,7.567,12.97175,7.091,8.442,8.507,7.801,7.2095,8.294,6.13125,9.746,9.244,6.985,9.339,7.120333333333334,7.7265,7.397666666666666,6.0605,7.937250000000001,8.021333333333333,9.265,6.334,4.8075,5.95,9.296,11.677,8.442,8.95,8.87,10.855,5.837,8.355,8.235333333333333,9.18,8.015,8.715,9.743,6.946,9.3135,5.9785,8.9665,10.976,6.622,13.056,8.162,6.3545,6.614,6.442,3.5769999999999995,6.762,9.5655,8.107,12.228,6.1695,5.845,5.702999999999999,8.334,9.862,7.9215,5.303,7.082999999999999,8.8895,6.9485,9.269,10.03,8.91325,11.671,9.0615,7.5465,6.85,11.18,10.079,6.448,6.292333333333333,5.309,6.6626666666666665,9.081666666666663,8.563,7.217,7.9795,11.405,6.742,8.594000000000001,7.668333333333333,7.337,CONTROL
6.821666666666666,4.118,7.254,5.539,8.581,7.073499999999999,8.7445,7.99,6.726,8.192499999999999,10.064,7.5545,11.219,8.025,12.261,8.378499999999999,7.67,12.9755,7.105,8.406,8.036,7.765000000000001,7.043,8.54,5.82475,9.702,8.822,6.959,9.348,7.1706666666666665,7.0595,7.202333333333333,6.039,7.97025,7.666333333333334,9.339,6.15325,6.132,6.086,8.789,11.274,8.351,8.735,8.253,10.628,6.831,7.46,7.223333333333334,8.592,7.953,8.464,9.397,6.734,8.5945,5.9545,8.6965,10.643,6.4085,12.5875,7.9602,6.156499999999999,6.291,6.723,3.4518,6.834,9.057,7.829,11.428,6.5935,5.28,6.0855,8.52,8.858,7.526,5.672,6.189666666666667,8.6395,5.853,9.248,9.649,8.594999999999999,10.997,8.4355,7.471999999999999,6.718,10.784,9.264,5.853,6.384,5.447,6.922666666666667,9.075333333333331,8.217,7.686,7.487500000000001,9.294,5.843833333333333,8.395999999999999,7.700333333333333,7.183333333333334,IPD
6.366333333333333,3.907,6.9990000000000006,4.901,8.41,7.473,8.6205,8.449,5.854,7.989000000000001,10.119,7.053833333333333,11.167,8.129,12.37,8.157,7.288,12.7,7.064,7.919,8.062,7.592499999999999,6.6855,8.259,5.966,9.41,8.577,6.844,9.066,6.88,7.131,6.986,5.9685,7.69825,7.510666666666666,8.854,5.8255,5.288,5.389,8.827,11.211,8.286,8.648,8.28675,10.558,5.174,7.615,7.488666666666667,8.776499999999999,7.896,8.469,9.564,7.093,8.316500000000001,5.677,8.678,9.95,6.4990000000000006,12.716,7.774799999999999,5.7995,6.228000000000001,6.564,3.4266,6.737,8.9705,7.466,11.706,6.4125,5.252,6.119,7.897,9.34,7.4465,5.415,6.008666666666667,8.49,5.9685,8.991,9.168,8.44575,11.038,8.561499999999999,7.2615,6.612,10.525,9.105,6.284,6.209333333333333,5.4705,6.563,8.882666666666667,8.017,7.525,7.304499999999999,9.616,6.134166666666666,8.38025,7.680666666666667,7.239,CONTROL
7.483333333333333,4.196,7.461,5.72,8.739,7.803000000000001,8.53,9.167,7.358,8.253,10.156,7.391833333333333,11.509,8.401,12.602,7.545999999999999,7.212,12.9975,7.377,8.64,8.284,8.0665,7.0120000000000005,8.726,6.12125,9.8565,8.838,7.252,9.615,7.437,7.260999999999999,7.360333333333333,6.299,7.68475,8.177666666666667,9.35,6.01775,4.783,6.555,9.198,11.574,8.809,8.993,8.61775,10.949,6.801,7.869,7.887666666666667,8.6205,8.179,8.491,9.564,7.626,8.579,5.824,8.902999999999999,10.763,6.8295,12.86,7.922,5.9945,6.826333333333333,6.802,3.694,7.343,9.3445,7.976,11.688,7.101,5.556,5.8455,8.263,9.505,7.6125,5.663,6.5760000000000005,8.7395,6.175000000000001,9.449,9.203,8.89025,11.261,8.681000000000001,7.6685,6.914,11.054,9.601,6.982,6.660333333333334,5.50025,6.867333333333334,9.628,8.336,7.642,7.553000000000001,9.962,6.112833333333334,8.4125,8.055666666666667,7.327333333333333,IPD
7.035999999999999,4.155,7.32,5.27,8.974,7.909000000000001,8.666,8.951,6.345,8.261000000000001,10.688,7.616833333333333,11.65,8.638,12.517,8.6715,7.793,12.816,8.009,8.519,8.732,7.923999999999999,7.147,8.706,6.2330000000000005,10.1495,9.098,7.527,9.794,7.288999999999999,7.3435,7.687,6.508,8.4575,8.167333333333334,9.436,6.0315,5.0280000000000005,5.528,9.545,11.693,8.437,9.311,8.8655,11.056,6.4,8.211,8.129333333333333,9.2165,8.253,9.073,10.0,8.451,8.8405,5.9915,9.0155,10.716,6.9465,12.847,8.2102,6.508000000000001,6.741333333333333,6.934,3.3006,7.69,9.42,8.326,12.007,6.8855,5.664,5.6865000000000006,8.649,10.51,7.725999999999999,6.138999999999999,6.733,8.8995,7.1165,9.182,9.764,9.15675,11.406,8.778500000000001,7.693,7.0725,11.037,9.56,7.471,6.655,5.5585,6.802333333333333,9.746333333333334,8.591,7.594,7.7645,9.794,6.452333333333333,8.592,8.263333333333334,7.387,IPD
7.713,4.757,7.2355,5.474,8.845,7.9,8.5375,8.81,6.997,8.078,10.016,7.745166666666666,11.285,8.249,12.237,7.9575,7.168,12.80025,7.223,8.202,8.787,8.028,6.789499999999999,8.283,5.93475,9.648,8.674,6.842,9.856,7.006,7.2065,7.466666666666668,6.2715,7.8475,8.063,9.132,6.1345,4.101,6.35,9.1145,11.749,8.424,8.754,8.63775,10.586,6.118,7.902,7.530333333333334,8.79,8.02,8.365,9.731,7.348,7.731999999999999,5.7,8.655999999999999,10.123,6.7875,12.595,7.815600000000001,6.206,6.799666666666667,6.704,3.4098,7.069,9.14,7.605,11.779,7.2255,5.655,5.626,8.413,9.106,7.6875,5.8855,6.423333333333333,8.886,5.7455,9.198,8.707,8.9315,11.561,8.636500000000002,7.5275,6.910500000000001,10.875,9.591,6.962,6.541999999999999,5.23025,6.798333333333333,9.333,8.221,7.148,7.5175,10.0,6.183333333333334,8.12425,8.240666666666668,7.212,IPD
6.542000000000001,5.472,7.870000000000001,5.153,8.964,7.724,9.3835,9.014,6.607,7.1450000000000005,10.531,8.1595,11.744,8.843,12.69,9.428,7.767,13.0925,7.787,9.142,8.96,7.9395,7.3815,8.958,6.3555,10.198,9.413,7.628,9.21,7.773,7.484999999999999,7.120333333333334,6.547000000000001,8.645,8.485666666666667,9.827,6.03725,6.576,6.276,9.6565,11.961,8.63,9.456,9.14025,10.872,6.219,7.939,8.414666666666667,9.145,8.788,8.733,9.813,7.672,8.6735,6.154999999999999,9.1,11.219,6.7935,13.081,8.3918,6.593500000000001,6.937333333333334,7.181,3.4566000000000003,7.516,9.7725,8.04,12.072,6.641,6.096,5.3165,8.899,11.548,8.0285,6.004,7.467,9.2395,7.3065,9.354,10.144,9.333,11.782,8.755500000000001,7.835500000000001,7.337,11.483,9.613,7.6,6.467,5.071,7.224,9.879,8.488,7.656,8.3465,10.159,6.870333333333334,8.286,8.277666666666667,7.413,IPD
6.481333333333333,5.075,7.849500000000001,5.48,8.843,7.5885,8.8705,8.694,6.754,8.1375,10.128,7.986666666666667,11.353,8.339,12.669,8.571000000000002,7.19,13.049,7.099,8.545,8.634,7.962,7.129,8.411,6.091,9.8615,9.318,6.994,9.21,7.002,7.227,7.559,6.5085,8.129249999999999,8.191,9.282,6.26875,5.6080000000000005,5.994,9.3945,11.538,8.395,9.157,8.738,10.496,5.791,7.588,7.868666666666666,8.83,8.505,8.344,9.582,7.96,8.4085,5.82775,8.739999999999998,10.912,7.1240000000000006,12.9445,8.218399999999999,6.5920000000000005,6.706,7.065,3.5424,7.309,9.533,7.66,11.611,6.804,5.809,5.585,8.721,10.55,7.7535,5.9215,7.1066666666666665,8.8935,6.6265,9.144,9.67,9.08225,11.324,8.653500000000001,7.579499999999999,6.8665,11.146,9.671,6.984,6.527333333333334,5.2205,6.896666666666666,9.249,8.366,7.49,7.9285,10.243,6.402833333333334,8.31,7.862333333333333,7.189666666666667,IPD
6.28,4.365,7.093,5.374,8.581,7.103,8.5395,8.027,6.544,7.884,9.87,7.376166666666666,11.002,7.796,12.437,8.2165,7.449,12.9125,6.946,8.087,8.18,7.8335,6.815,8.358,5.858750000000001,9.478,8.603,6.832,9.271,6.832666666666667,6.9345,7.18,5.7085,7.82675,7.409,8.889,5.984,5.318,5.759,8.631499999999999,10.908,8.341,8.738,8.173,10.39,5.793,7.324,7.214333333333333,8.424,7.889,7.785,8.988,7.93,7.844,5.48725,8.614,10.234,6.8565000000000005,12.5875,7.975999999999999,6.233499999999999,6.411666666666666,6.091,3.6138,6.667,8.844000000000001,7.523,11.139,6.613,5.47,5.7515,8.094,8.732,7.4235,5.4775,5.920999999999999,8.5745,6.266500000000001,9.004,9.179,8.48975,10.873,8.331,7.3995,6.763,10.686,9.021,6.079,6.406,5.1915,6.869666666666667,8.688666666666668,7.794,7.578,7.3935,9.461,5.929666666666667,8.0405,7.507333333333332,7.258333333333333,CONTROL
5.8566666666666665,4.155,7.124499999999999,4.929,8.747,7.1735,8.8115,8.569,6.166,7.680999999999999,10.072,7.354,11.464,7.931,12.185,8.911000000000001,7.461,12.75075,7.212,8.444,8.619,7.827500000000001,7.323,8.368,6.06875,9.639,8.941,6.403,9.077,7.334333333333333,7.3125,7.139,6.077999999999999,8.4025,7.798333333333333,9.278,5.91575,5.336,5.304,9.035,11.485,8.329,8.785,8.138,10.409,5.472,7.544,7.571000000000001,8.654499999999999,7.906,8.421,9.493,7.196,8.1905,5.85375,8.6835,10.378,6.5600000000000005,12.5685,8.258799999999999,6.688,6.581666666666666,6.689,3.5542,6.831,9.326,7.693,11.557,5.929,5.629,5.843500000000001,7.913,10.437,7.7235,5.702500000000001,6.551666666666667,8.7235,6.682,9.243,9.504,8.96125,11.37,8.633,7.4,6.926500000000001,10.795,9.272,6.763,6.438,5.212,7.125333333333333,9.102333333333334,7.92,7.45,7.7775,9.82,6.209499999999999,8.30175,7.701333333333334,7.235333333333333,IPD
7.185,5.305,7.218999999999999,4.891,8.316,7.4555,8.663499999999999,8.402,6.768,7.798,9.361,7.274833333333333,10.979,7.875,11.961,7.561,7.737,12.64775,7.273,8.478,7.893,8.1115,6.6705,8.164,6.1135,9.2035,8.695,6.273,9.294,6.774,7.067,7.391666666666667,5.949,7.6635,7.501,8.24,6.41375,5.138,6.152,8.6265,11.046,8.053,8.606,6.9745,9.876,5.577,7.582,7.139,8.5285,8.009,7.734,9.297,7.601,7.77,5.75975,8.722,9.875,6.759,12.22,7.7944,5.4345,6.343666666666667,6.657,3.873,6.887,8.387500000000001,7.599,11.139,7.2615,5.311,5.7685,8.107,6.154,7.887,5.903499999999999,6.316666666666666,8.5145,5.9015,9.109,8.37,8.74925,11.228,8.275500000000001,7.478,6.6895,10.143,8.985,6.539,6.4703333333333335,5.46,6.911333333333334,8.895,8.017,7.37,7.276,8.32,6.287166666666667,8.2695,8.304,7.382000000000001,IPD
7.367999999999999,4.723,7.4845,5.514,8.799,7.371,8.6435,8.512,7.053,8.0895,9.85,7.640833333333333,11.23,7.717,12.345,7.976,7.316,12.78025,7.479,8.72,7.935,7.958500000000001,6.8355,8.499,5.99425,9.527,8.495,6.987,9.455,7.154,7.2415,7.390666666666667,5.7575,7.7255,7.993333333333333,9.064,6.203749999999999,5.3975,6.425,8.690999999999999,11.144,8.191,8.813,7.943999999999999,10.327,6.191,7.504,7.485666666666667,8.769,7.737,8.21,9.174,7.627,7.820499999999999,5.69925,8.6955,10.259,7.1,12.737,8.0212,6.3525,6.655333333333334,6.548,3.8992,7.216,9.012,7.461,11.305,7.738,5.79,5.775,8.456,6.507,7.615,5.666,6.462666666666666,8.400500000000001,5.9365000000000006,9.384,9.104,8.6785,11.087,8.354,7.609999999999999,6.8260000000000005,10.668,9.368,6.546,6.682666666666667,5.366,6.781,8.951,8.293,7.562,7.379,10.258,6.320833333333333,8.2365,7.881,7.385666666666666,CONTROL
6.148333333333333,4.042,7.16,4.448,8.592,7.3845,8.799,8.468,5.966,8.087,10.151,7.763166666666667,11.2,7.87,12.345,8.4295,7.073,13.011,7.396,8.407,7.997,7.750999999999999,7.194,8.303,6.032,9.5455,8.855,6.967,8.969,7.145333333333333,7.390499999999999,7.232333333333333,6.365,7.8195,7.902,9.291,6.234,5.3325,5.213,9.0985,11.591,7.921,8.722,8.3435,10.462,4.872,7.964,7.616,8.6665,8.002,8.418,9.356,7.829,8.216000000000001,5.71425,8.5365,10.649,6.843,12.679,7.970000000000001,6.159000000000001,6.730666666666667,6.428,3.479,7.082,9.1585,7.487,11.644,5.715,6.003,5.869,8.49,9.726,7.691000000000001,5.8775,6.521,8.605,6.27,9.193,9.61,8.86575,11.23,8.629000000000001,7.5465,6.761,10.788,9.469,6.403,6.479666666666667,5.21325,6.838666666666666,9.064,7.955,7.558,7.6845,9.159,6.146999999999999,8.281749999999999,7.841666666666666,7.147333333333333,IPD
6.158,4.117,7.064,5.285,8.707,7.395,8.3945,8.266,6.737,7.8925,9.949,7.398499999999999,11.221,7.76,12.67,7.486499999999999,7.072,12.938,6.971,8.109,8.089,7.598,6.85,8.212,6.17775,9.6345,8.722,6.478,9.339,6.7443333333333335,6.6865000000000006,7.2026666666666666,6.2615,7.362,7.793333333333333,8.972,5.9535,5.7105,5.672,8.913499999999999,11.296,8.326,8.738,8.12775,10.403,6.438,7.745,7.988333333333334,8.7045,7.432,8.0,9.298,7.305,8.021,5.57775,8.704,10.034,6.6995000000000005,12.809,7.6118,6.186,6.3293333333333335,6.545,3.5896,6.696,8.854,7.405,11.575,6.8215,5.514,5.6775,8.103,9.376,7.395999999999999,5.767,6.4816666666666665,8.4575,6.522,8.95,8.854,8.70425,11.362,7.9415,7.377,6.8955,10.522,9.346,6.553,6.608999999999999,5.221,6.458333333333333,9.122333333333332,7.831,7.3,7.425000000000001,9.713,5.978666666666666,8.1545,7.968,7.003,IPD
6.121666666666667,3.716,7.0225,4.864,8.44,7.098,8.546,8.439,6.426,7.550000000000001,9.767,7.021,11.156,7.564,12.119,7.887,6.954,12.6635,6.796,8.409,8.057,7.631,6.48,8.269,6.09825,9.4605,8.748,6.472,9.188,6.743666666666667,6.856,7.359333333333333,6.2620000000000005,7.607749999999999,7.421333333333333,8.745,6.01475,4.3285,5.689,8.5705,11.275,7.895,8.678,8.023,10.462,5.331,7.529,7.398333333333333,8.599,7.813,7.966,9.315,7.671,7.88,5.5485,8.462,10.145,6.362,12.518,7.6096,5.7700000000000005,6.142,6.06,3.725,6.679,9.3615,7.301,11.548,6.345,5.559,5.885999999999999,8.009,9.148,7.789,5.8115,5.946333333333333,8.631,6.178,8.919,9.011,8.65325,11.304,8.464500000000001,7.230499999999999,6.443,10.512,9.305,6.399,6.294333333333334,5.311,6.728333333333334,8.540333333333335,7.887,7.034,7.433499999999999,9.656,6.016333333333333,8.2595,7.622666666666667,6.9736666666666665,IPD
6.386,4.681,7.442500000000001,5.786,8.969,7.5865,8.9415,8.685,7.019,8.195,10.261,7.454166666666667,11.169,8.066,12.187,8.674,7.507,13.013,7.34,8.444,8.155,7.814500000000001,7.220000000000001,8.434,5.867,9.442,8.784,6.891,9.162,7.003333333333333,6.9990000000000006,7.227999999999999,5.8485,7.8065,7.77,9.2,6.221,4.772,6.319,9.0855,11.68,8.002,9.016,8.57375,10.486,6.582,7.973,7.580666666666667,8.879000000000001,8.122,8.397,9.484,7.911,8.100999999999999,5.8675,8.766,10.75,6.986,12.59,7.9184,6.1775,6.502666666666666,6.533,3.4706,7.516,9.5255,7.779,11.63,6.6850000000000005,6.044,5.384,8.584,9.369,7.753,5.9685,6.414666666666666,8.568999999999999,6.162,9.163,9.735,8.72825,11.314,8.774000000000001,7.3835,6.827500000000001,10.95,9.211,6.538,6.385333333333333,5.03475,6.873,8.971333333333334,8.518,7.471,7.698500000000001,10.051,6.260833333333333,8.21575,8.201333333333332,7.217333333333333,IPD
6.864999999999999,4.02,6.85,5.136,8.19,6.7995,8.276,8.348,6.601,7.4045,9.525,6.267833333333333,11.153,7.143,12.274,7.67,6.912,12.48775,7.007,7.99,7.72,7.6585,6.746,8.459,5.6975,9.2,8.81,6.592,8.865,6.741,6.755,6.22,6.378,7.192,7.482666666666667,8.808,5.86325,5.617,5.802,8.461,11.365,8.318,8.779,7.85975,9.914,5.447,7.887,7.424666666666667,8.584,7.428,7.934,9.336,7.629,7.812,5.677,8.2875,10.178,6.2225,12.583,6.741200000000001,5.425,6.125,6.079,3.504,7.008,8.4575,7.312,11.189,6.157500000000001,5.661,5.841,8.4,9.011,7.436,5.672,5.971666666666667,8.413,5.877,9.221,9.716,8.00225,11.207,8.028500000000001,7.4175,6.3605,10.336,9.326,6.375,6.343666666666667,5.344,6.421,8.384666666666666,7.608,7.569,7.327500000000001,9.703,6.158333333333332,8.214,7.768000000000001,7.102999999999999,IPD
6.347333333333334,3.836,7.228,5.294,8.388,7.234999999999999,8.6725,8.601,6.678,7.797,10.009,7.032166666666666,11.395,7.824,12.191,7.91,7.199,12.9525,6.832,8.34,8.413,7.817500000000001,6.833500000000001,8.607,6.17025,9.485,8.721,6.682,9.102,7.403666666666666,7.0025,7.183666666666667,6.392,7.77675,7.695333333333333,9.257,5.98325,4.5765,5.542,8.707,11.334,8.395,9.038,8.101,10.683,5.946,7.676,7.341666666666666,8.933,7.975,7.982,9.515,7.672,8.377500000000001,5.59825,8.596,10.768,6.2935,12.5155,7.766599999999999,5.3855,6.495666666666668,6.138,3.524,6.518,9.001000000000001,7.825,11.634,6.292,5.667,5.988,8.476,8.69,7.5395,5.784000000000001,6.101,8.637,6.0095,9.297,9.905,8.5535,11.396,8.493,7.534499999999999,6.663,10.792,9.775,6.67,6.5136666666666665,5.2305,6.789666666666666,9.054333333333334,7.934,7.571,7.603,9.164,6.175166666666667,8.28375,7.673666666666667,7.114333333333334,CONTROL
6.503666666666667,3.877,7.5235,5.165,8.561,7.25,8.614,8.46,6.518,8.120000000000001,9.858,7.165333333333333,10.854,7.573,12.506,8.1465,7.627,12.94725,7.357,8.263,8.437,7.795,6.797000000000001,8.143,5.959,9.2575,8.735,6.523,9.029,6.941333333333333,6.724500000000001,7.189666666666667,6.143000000000001,7.436,7.618666666666666,9.006,6.08875,4.603,5.88,8.7895,11.405,8.314,8.499,8.0485,10.391,5.948,7.623,7.398,8.530999999999999,7.973,8.006,9.104,7.797,7.827999999999999,5.752750000000001,8.4915,10.38,6.7135,12.7225,7.5882,5.5920000000000005,6.135333333333333,6.285,3.5562,6.986,9.2495,7.306,11.548,6.72,5.698,5.6145,8.103,9.513,7.919,5.6685,6.499333333333333,8.547,5.728,8.939,9.479,8.56725,11.319,8.296,7.394,6.356,10.582,9.396,6.605,6.3196666666666665,4.976999999999999,6.5136666666666665,8.821666666666667,7.97,7.269,7.725,9.498,6.098,8.0595,7.940666666666666,7.0793333333333335,IPD
7.951333333333333,5.718,7.0445,5.867,8.468,7.19,8.6505,8.593,7.06,7.9495,10.083,7.551666666666667,10.949,7.79,12.284,7.3185,6.954,13.10475,7.32,8.329,7.953,7.818,6.94,8.476,5.99325,9.591,8.374,6.74,8.889,7.1370000000000005,6.550000000000001,6.829666666666667,6.003,7.119,7.252666666666666,8.756,6.099,4.1905,6.742,8.327,11.129,7.884,8.39,7.937,10.34,6.773,7.106,7.44,8.549,7.909,7.351,8.887,7.198,7.998,5.5645,8.4505,10.376,6.3355,12.3765,7.495,5.834,6.428999999999999,6.452,3.4206000000000003,6.878,9.141,7.034,11.1,7.5595,5.624,5.2845,8.523,10.0,7.217,5.3295,6.082666666666667,8.3225,5.833,8.649,9.311,8.41725,11.481,8.079,7.365500000000001,6.468,10.666,9.185,5.934,6.506,5.02175,7.067,9.152666666666669,7.346,6.789,7.3705,10.014,5.978666666666666,7.92775,7.665666666666667,7.185,IPD
5.986,3.94,7.527,5.12,8.772,7.4715,8.7275,8.563,6.48,8.1135,10.18,7.084833333333333,11.148,7.673,12.454,8.4315,7.458,12.977,7.102,8.517,8.511,7.5265,6.662,8.393,6.049,9.5425,9.116,6.668,9.169,6.791666666666667,7.2235,7.278666666666666,6.234,7.8665,7.985333333333333,9.25,6.06875,5.121,5.603,9.189,11.896,8.241,9.042,8.4785,10.62,5.805,7.643,7.681333333333334,8.934000000000001,7.842,8.372,9.568,7.918,8.067499999999999,5.606999999999999,8.437000000000001,10.554,6.4585,12.83,7.684,6.0555,6.044666666666667,6.246,3.7836,6.846,9.425,7.502,11.738,6.6645,5.734,5.766500000000001,8.136,9.728,7.7135,5.550000000000001,6.380333333333333,8.739999999999998,6.3260000000000005,9.234,9.548,8.7715,11.452,8.551,7.287000000000001,6.745,10.711,9.349,6.526,6.352666666666667,5.19,6.648,8.964666666666668,8.092,7.313,7.525,9.941,5.869,8.21225,7.663333333333334,7.103000000000001,IPD
6.3823333333333325,3.948,7.0845,4.943,8.749,7.125,8.460999999999999,8.596,6.268,8.0805,9.887,7.47,10.94,7.485,12.237,7.983,7.485,12.911,7.02,8.36,8.026,7.609999999999999,6.635999999999999,8.05,5.8427500000000006,9.4,8.81,6.384,8.77,6.591333333333334,6.5535,6.724,5.7105,7.6975,7.668,8.91,6.1065,5.554,5.783,8.86,11.544,8.007,8.623,8.32075,10.474,5.716,7.639,7.124,8.641,8.09,8.089,9.308,6.971,7.5835,5.4822500000000005,8.3355,10.621,6.643,12.5985,7.767799999999999,5.752,6.479666666666667,6.297,3.5814,6.864,9.27,7.124,11.632,6.1075,5.047,5.8495,8.139,8.976,7.574999999999999,5.5335,6.117333333333334,8.503,5.731,9.217,9.463,8.50375,11.152,8.5495,7.025,6.384,10.705,9.14,5.956,6.386333333333333,5.2787500000000005,6.697,8.921,8.075,7.308,7.3225,9.135,5.703,8.16825,8.036,7.121,CONTROL
6.177333333333333,3.998,7.4405,5.38,8.728,7.257,8.783,8.582,6.911,7.88,10.09,7.589166666666666,11.36,7.847,12.416,8.343,7.465,12.75375,7.268,8.24,8.304,7.6505,6.9775,8.611,5.88,9.7255,8.951,6.867,9.167,7.002,7.042999999999999,7.204999999999999,6.047499999999999,7.798,7.774666666666666,9.149,6.08775,6.4375,5.716,9.0055,11.598,8.12,8.933,8.2965,10.53,5.861,7.89,7.528666666666666,8.8105,8.015,8.253,9.379,7.744,8.2445,5.61925,8.581,10.379,6.4745,12.816,7.867199999999999,6.005,6.394666666666667,6.345,3.5900000000000007,6.944,9.086,7.672,11.77,6.607,5.501,5.902,8.633,9.82,7.728999999999999,5.8155,6.595666666666666,8.521,6.7965,9.019,9.294,8.688,11.322,8.471,7.518,6.638,10.646,9.465,6.261,6.592666666666666,5.497,6.7796666666666665,8.771666666666667,7.953,7.637,7.833,9.425,6.306333333333334,8.248000000000001,7.719666666666668,7.148333333333333,IPD
6.572333333333333,4.674,6.8675,4.874,8.434,6.9875,8.767,8.473,6.588,7.756500000000001,9.882,7.732666666666667,11.13,8.066,12.451,8.4235,7.014,12.72525,7.191,8.316,8.394,7.8025,6.9175,8.453,6.05525,9.6805,8.519,6.223,9.223,7.186666666666667,6.8595,7.123333333333334,6.536,7.73225,7.232333333333333,8.995,6.025,4.805,5.449,8.813500000000001,10.942,8.098,8.471,8.08975,10.235,5.381,7.762,7.782,8.504,7.829,8.009,9.205,8.127,8.1935,5.56175,8.718499999999999,10.41,6.4655000000000005,12.4595,7.8866,5.9990000000000006,6.713,6.465,3.2840000000000003,7.007,9.084,7.656,11.378,6.253,5.628,5.6255,8.2,10.165,7.702500000000001,5.6385000000000005,6.386333333333333,8.706499999999998,6.477,9.008,9.346,8.89125,11.355,8.4815,7.4405,6.74,10.628,9.46,6.542,6.742666666666668,5.05075,6.8276666666666666,9.108666666666666,7.424,7.144,7.7915,9.269,6.043499999999999,8.16,7.386333333333333,7.146666666666667,IPD
7.027666666666666,4.772,7.406499999999999,5.829,8.812,7.5695,8.6575,8.76,7.35,8.307,9.872,7.725333333333332,11.122,7.839,12.308,8.472000000000001,7.541,13.01675,7.328,8.475,8.394,7.9145,6.872,8.321,6.1655,9.241,8.69,6.915,9.205,7.091666666666666,7.13,7.433333333333334,6.2205,7.70975,7.804666666666667,9.177,6.277,4.6370000000000005,6.312,9.1885,11.511,8.395,8.662,8.519,10.51,6.768,7.419,7.538333333333334,8.2875,8.375,8.167,9.335,7.87,7.9565,5.8495,8.6735,10.357,6.9215,12.5745,7.99,6.2765,6.540666666666667,6.458,3.5318,6.958,9.008,7.275,11.699,7.4055,5.789,5.679,8.299,9.372,7.978499999999999,5.811,6.491,8.77,5.906000000000001,9.052,9.018,8.754249999999999,11.479,8.381,7.442,6.6805,10.764,9.66,6.845,6.593,5.04725,6.635333333333333,9.192,8.159,7.423,7.7995,10.108,6.245333333333334,8.11675,7.947333333333333,7.215666666666666,IPD
6.791333333333333,4.382,7.546,4.897,8.692,7.653,8.7945,8.317,6.306,8.2885,10.104,7.571833333333333,11.423,8.199,12.583,8.695,7.524,12.8345,7.62,8.37,8.582,7.952999999999999,7.196,8.4,6.106,9.637,8.688,6.965,9.197,7.273666666666667,7.431,7.494333333333333,6.443,8.130749999999999,7.834333333333333,9.138,6.123,5.556,5.858,8.9875,11.374,8.254,9.006,8.4885,10.595,5.827,7.692,7.711333333333333,8.9055,8.267,8.346,9.447,8.414,8.361,5.87575,8.8255,10.564,6.825,12.815,8.2998,5.9925,6.578666666666667,6.525,3.3362000000000003,7.085,9.2845,7.619,11.776,6.7875,6.094,5.4705,8.352,10.042,7.9115,5.718,6.4576666666666656,8.850999999999999,6.646,8.919,9.268,8.9955,11.5,8.6705,7.67,7.1045,11.092,9.633,6.528,6.5906666666666665,5.133,7.0,9.066,7.991,7.465,7.994999999999999,10.111,6.3675,8.183,7.864666666666667,7.195333333333333,IPD
6.463666666666666,4.242,7.0455000000000005,5.063,8.312,7.3025,8.684000000000001,8.3,6.499,7.869999999999999,9.699,7.116333333333333,11.019,7.189,12.532,8.0385,7.314,12.97275,6.692,7.774,7.976,7.5115,6.434,8.254,5.69,9.1465,8.422,6.185,8.959,6.508333333333333,6.827,6.635333333333333,5.7525,7.2755,7.559,9.025,5.97975,5.2515,5.469,8.7155,11.469,7.894,8.606,8.0015,10.164,5.724,7.313,7.148666666666666,8.6195,7.38,7.769,9.126,7.376,7.859,5.55375,8.235,10.316,6.5785,12.797,7.466800000000001,5.5155,6.116333333333333,5.868,3.5506,6.658,8.8925,7.238,11.601,6.3955,5.69,5.7365,8.153,8.806,7.674,5.832,5.978333333333333,8.301,5.9435,8.916,9.116,8.214500000000001,11.289,8.036,7.3095,6.388,10.364,9.177,5.95,6.2043333333333335,5.15025,6.553999999999999,8.516,7.96,7.046,7.248,9.217,5.871166666666666,8.065750000000001,7.622,7.030666666666666,CONTROL
6.949666666666666,4.082,7.5555,5.908,8.756,7.8895,8.8885,8.753,7.628,7.8985,10.522,7.720166666666667,11.454,8.034,12.498,8.335,7.466,13.09825,7.417,8.708,8.41,7.8715,7.1275,8.298,6.0995,9.714,9.23,7.07,9.19,7.152,6.7995,7.386,6.244999999999999,7.966749999999999,7.787333333333334,9.329,6.0075,6.2005,6.785,9.164,11.752,8.351,9.066,8.658249999999999,10.512,6.682,7.949,7.913,8.8005,8.416,8.418,9.639,7.69,8.0705,5.7605,8.893,10.886,6.9425,12.8075,7.997,6.339499999999999,6.662333333333333,6.617,3.5251999999999994,7.172,9.696,7.609,11.911,7.0055000000000005,5.978,5.31,8.465,10.629,7.845,5.6525,6.852,8.817,6.3605,9.303,9.167,9.046,11.379,8.527999999999999,7.426500000000001,6.9785,11.039,9.66,6.626,6.757666666666666,5.1905,6.983333333333333,9.463666666666668,8.305,7.362,7.749,10.253,6.2123333333333335,8.10425,7.501333333333334,7.189,IPD
6.578666666666667,3.821,7.423,6.025,8.449,7.455999999999999,8.3625,8.612,7.388,8.064,10.098,7.488833333333333,11.502,7.622,12.749,8.426,7.351,12.90725,7.391,8.467,8.47,7.853499999999999,6.932,8.142,6.24775,9.9775,8.625,6.87,9.375,7.063666666666666,6.9885,7.381,6.158,7.69375,7.8676666666666675,9.119,6.00975,5.154,6.522,8.820500000000001,11.387,8.34,9.031,8.17525,10.601,6.888,7.424,7.899999999999999,8.8195,7.824,8.321,9.588,7.725,8.202,5.6682500000000005,8.7895,10.277,6.513999999999999,13.0715,7.9236,6.134,6.439,6.697,3.5692,7.222,9.3615,7.576,11.786,6.7585,5.858,5.72,7.97,9.28,7.524000000000001,5.753,6.425666666666667,8.597999999999999,6.168,9.042,9.393,8.87725,11.561,8.431000000000001,7.382,6.8015,10.45,9.668,6.795,6.675,5.27625,6.792000000000001,9.455666666666666,7.868,7.335,7.6535,10.372,6.030833333333334,8.067,7.788,7.134333333333333,IPD
6.300666666666667,3.767,6.9415,4.807,8.506,7.074999999999999,8.5195,8.315,6.409,7.615500000000001,9.965,7.234666666666667,11.151,7.691,12.264,7.9535,7.235,12.65225,6.752,8.263,8.604,7.6745,6.711,8.162,5.92725,9.5885,8.562,6.538,9.154,6.747,7.031,7.295666666666666,5.9425,7.6385,7.453666666666666,8.797,5.984500000000001,4.724,5.363,8.7025,11.394,8.09,8.707,8.22075,10.605,5.893,7.614,7.351666666666667,8.757,7.829,8.171,9.569,7.616,7.8605,5.691000000000001,8.534500000000001,10.198,6.625500000000001,12.5785,7.7894,5.995,6.298666666666667,6.163,3.511,6.707,9.0625,7.413,11.525,6.3575,5.591,5.8615,8.018,9.206,7.539,5.763999999999999,6.095,8.5395,6.3005,9.02,9.188,8.64575,11.283,8.515999999999998,7.254,6.549,10.564,9.163,5.965,6.332666666666667,5.55625,6.633666666666667,8.657333333333334,7.813,7.196,7.669,9.616,6.002166666666667,8.289,7.732666666666667,7.082999999999999,CONTROL
6.242333333333334,4.083,7.2275,4.694,8.413,7.2295,8.6975,8.531,6.306,7.968500000000001,9.836,7.427166666666667,11.066,7.781,12.517,8.1765,7.001,12.90225,6.908,7.992,8.305,7.5975,6.71,8.181,6.0235,9.4345,8.782,6.626,9.239,6.914999999999999,7.0875,7.117,6.241,7.77575,7.538333333333334,9.053,5.8295,5.2620000000000005,5.274,8.896,11.438,8.215,8.679,8.1445,10.326,5.648,7.515,7.552333333333333,8.764,7.812,7.999,9.327,7.773,8.203,5.5295000000000005,8.598500000000001,10.436,6.524,12.8095,7.670199999999999,6.1175,6.267333333333333,6.393,3.6264,6.787,9.2475,7.408,11.567,6.631,5.637,5.7605,8.159,9.29,7.634,5.546,6.28,8.675,6.0085,9.05,9.15,8.684,11.399,8.350999999999999,7.279999999999999,6.693,10.629,9.389,6.556,6.461333333333333,5.2645,6.841666666666666,8.776666666666666,8.009,7.174,7.650499999999999,9.481,5.807,8.085749999999999,7.779333333333334,7.085333333333334,IPD
6.561,4.081,7.3075,5.515,8.813,7.497999999999999,8.782499999999999,8.558,6.154,7.9085,10.03,7.074333333333333,11.115,7.759,12.45,8.301,7.931,12.9765,6.986,8.151,8.417,7.857,6.9305,8.415,6.09825,9.5315,8.869,6.853,9.25,6.901,6.987,7.003,5.776,7.60725,7.825333333333333,9.09,6.049,5.289,5.897,8.7405,11.513,8.252,8.756,8.12625,10.459,5.87,7.652,7.439333333333333,8.7845,7.649,8.304,9.371,7.956,7.6985,5.83875,8.6345,10.469,6.517,12.781,7.9632,5.9725,6.256333333333333,6.788,3.4506,7.015,8.9875,7.627,11.818,6.372,5.524,5.928,8.074,9.577,7.720499999999999,5.7775,6.348333333333334,8.3995,6.404,9.177,9.256,8.64125,11.107,8.426,7.401,6.774,10.664,9.06,6.791,6.449000000000001,5.13575,6.611999999999999,8.764333333333333,8.19,7.538,7.454499999999999,9.59,6.077833333333333,8.254999999999999,8.023666666666667,7.230333333333333,IPD
6.212,3.829,7.215999999999999,4.933,8.545,7.305,8.722,8.642,6.65,8.1235,9.778,6.8821666666666665,10.977,7.274,12.306,8.4035,7.543,12.743,6.971,8.182,8.255,7.5355,6.6235,8.517,5.876250000000001,9.12,8.981,6.476,9.22,6.441333333333334,7.128,7.273000000000001,5.9495000000000005,7.44975,7.874666666666666,8.944,6.2075,4.542,5.858,8.6695,11.722,8.045,8.728,8.10125,10.389,6.103,7.414,7.203333333333333,8.8645,7.753,8.228,9.418,7.473,7.792,5.7395,8.2425,10.529,6.385,12.792,7.6554,5.709,5.954000000000001,5.885,3.8458,6.967,9.265,7.255,11.737,6.5975,5.401,5.663500000000001,8.159,9.192,7.8115,5.625,6.139666666666667,8.4175,6.183,9.038,9.761,8.27975,11.267,8.415,7.332,6.4815000000000005,10.552,9.262,6.102,6.223,5.1215,6.420333333333333,8.351333333333335,8.331,7.394,7.564,9.991,6.247,8.2555,7.817333333333333,7.006666666666667,IPD
6.642333333333333,3.893,7.4315,4.954,9.067,7.090999999999999,8.6755,8.295,5.902,8.1275,10.063,6.779,10.93,7.725,12.223,8.471,8.155,12.87275,6.835,8.58,7.73,7.7545,6.4165,8.599,5.88625,9.2525,8.666,6.917,9.096,6.580333333333333,6.794,7.358999999999999,5.46,7.484,7.889666666666667,8.953,6.154,4.941000000000001,5.199,8.6655,11.75,8.152,8.53,8.456,10.633,5.772,7.609,7.268333333333333,9.001000000000001,8.225,8.669,9.281,7.627,7.0045,5.81525,8.5015,11.073,6.855499999999999,12.647,7.852799999999999,5.759,6.121,6.367,3.7842,7.124,9.089,7.213,12.221,6.6515,5.464,5.704,7.864,9.844,7.9205,5.6835,6.29,8.352,5.9825,8.979,9.432,8.55375,10.932,8.335999999999999,7.282999999999999,6.731,10.675,9.007,6.119,6.276,4.9665,6.102333333333333,8.819333333333333,8.545,7.191,7.1690000000000005,10.612,6.426833333333334,8.16075,7.960333333333334,7.036666666666666,IPD
6.507000000000001,3.75,7.2695,4.708,8.685,7.452500000000001,8.696,8.471,6.167,7.9605,10.131,7.298666666666667,11.224,7.759,12.476,8.173,7.319,12.95025,7.062,8.449,8.263,7.59,6.6455,8.273,6.13875,9.5915,8.851,6.769,9.375,6.912333333333334,6.6375,7.216333333333334,6.122,7.55025,7.898333333333333,9.064,5.94675,4.934,5.744,8.9275,11.505,8.342,8.916,8.34125,10.546,5.592,7.405,7.411666666666666,8.826,7.898,8.248,9.444,8.087,7.7565,5.6765,8.5945,10.66,6.647,12.7175,7.702799999999999,6.2275,5.988,6.417,3.5624,7.058,9.219,7.655,11.604,6.769,5.655,5.958,8.357,9.166,7.5815,5.685499999999999,6.430666666666667,8.474499999999999,6.287,9.021,9.26,8.75275,11.325,8.4375,7.3375,6.7045,10.719,9.319,6.692,6.303,5.43625,6.524,9.086666666666666,8.244,7.419,7.4845,9.697,6.002666666666666,8.1975,8.170333333333334,7.171666666666667,CONTROL
5.846333333333334,4.117,7.229,4.702,8.471,6.8045,8.615499999999999,7.991,6.599,8.0345,9.484,7.213999999999999,11.03,7.8,12.349,7.281499999999999,7.539,12.308,7.242,8.348,8.031,7.7925,6.582000000000001,8.252,5.83625,9.419,8.301,6.994,9.164,7.062,6.9005,7.016666666666666,5.7745,7.32525,7.319333333333334,9.078,6.12975,5.0865,5.795,7.8425,10.844,7.973,8.653,7.44925,10.255,5.783,7.252,6.888333333333333,8.2485,7.755,7.936,8.939,6.939,7.4465,5.7065,8.5505,10.331,6.5695,12.2545,7.762399999999999,6.093,5.985666666666667,6.512,3.5658000000000003,7.278,8.629999999999999,7.48,10.869,6.539,5.52,5.904999999999999,8.219,9.046,7.4695,5.888,5.887333333333333,8.101,6.0725,8.93,9.066,8.239,10.423,7.967,7.616,6.6845,10.498,8.983,6.043,6.676333333333333,5.40825,6.694,8.743666666666668,7.765,7.709,6.93,9.365,6.195,8.081,7.901333333333333,7.147000000000001,CONTROL
6.2090000000000005,3.671,8.4755,5.182,9.829,8.5335,9.519,9.225,6.599,9.0025,11.003,8.351,12.164,9.397,12.828,10.021,8.465,12.815,7.932,9.935,9.075,8.3855,7.6635,9.285,6.22075,10.928,9.762,8.143,10.033,7.87,8.1845,8.133666666666667,7.076499999999999,8.972,8.639000000000001,10.25,7.13625,7.172499999999999,6.057,9.316,12.1,8.791,9.816,9.05375,11.464,6.486,8.916,8.182333333333334,9.675,9.385,9.03,10.331,9.238,8.736,6.18825,9.374,11.902,7.618,13.14,9.2096,7.0835,7.234999999999999,7.708,3.4314,8.573,10.104500000000002,8.587,11.862,5.8655,6.253,5.227,9.572,11.604,8.033,6.3195,7.303666666666667,9.421,7.532500000000001,9.838,10.347,9.71075,11.639,9.2025,8.256,7.7125,11.467,9.999,7.855,7.444666666666667,5.246499999999999,7.849,10.082666666666666,9.11,7.424,8.159500000000001,10.418,7.332333333333334,8.72975,8.544666666666666,7.87,IPD
6.486999999999999,3.945,7.131,6.069,8.274,7.369,8.5805,8.483,7.247,7.861499999999999,10.013,7.333000000000001,11.337,7.824,12.048,7.854,7.098,12.50125,6.867,8.383,7.926,7.746,6.76,8.044,6.1185,9.5825,8.661,7.072,9.064,6.786666666666666,6.6815,7.025333333333333,5.839,7.41125,7.504,8.893,5.85925,6.209,6.518,8.58,11.328,8.521,8.765,7.97025,10.477,6.923,7.77,7.741333333333333,8.7725,7.925,7.835,9.21,8.039,8.241,5.6425,8.816500000000001,10.03,6.467,12.4565,7.766,5.6945,6.277,6.836,3.4208,7.501,8.972999999999999,7.719,11.469,6.763999999999999,5.442,5.843999999999999,8.258,9.471,7.3645,5.9545,6.052333333333333,8.5895,6.088,9.193,8.814,8.6495,11.339,8.347999999999999,7.33,6.634499999999999,10.475,9.732,6.533,6.899,5.395,7.022333333333333,8.953666666666667,7.505,7.411,7.5975,9.584,6.122166666666666,8.15625,7.619666666666667,7.110333333333333,IPD
6.270666666666666,4.375,6.8075,4.843,8.152,6.972,8.2045,7.951,6.078,7.742000000000001,9.511,6.770666666666666,10.757,7.245,11.756,7.7235,7.1,12.58675,7.065,7.943,8.133,7.689999999999999,6.579,7.991,5.95375,9.207,8.199,6.583,9.003,6.774666666666666,6.779,6.808666666666667,5.7475000000000005,7.3985,7.275333333333333,8.584,5.71175,4.9265,5.869,7.980499999999999,10.702,8.176,8.362,6.95775,10.084,5.554,7.239,6.958333333333333,8.1995,7.395,7.646,9.018,6.985,7.613,5.47675,8.405,10.105,6.1505,12.18,7.4194,5.987,6.173333333333333,6.094,3.451,6.825,8.5135,7.369,10.798,6.817,5.189,5.7885,7.85,8.316,7.313,5.5795,5.5120000000000005,8.2475,5.1175,8.754,8.765,8.121749999999999,11.024,8.0155,7.359999999999999,6.449,10.167,9.005,5.911,6.343333333333334,5.3675,6.5186666666666655,8.552666666666667,7.767,7.413,7.2535,9.817,5.839333333333333,7.962,7.482666666666667,7.199666666666666,IPD
6.628666666666667,4.377,7.9305,4.741,8.985,7.8245,9.343,8.796,5.835,8.6005,10.463,7.8965,11.627,8.923,12.652,8.7,7.51,13.11925,7.702,8.385,9.021,7.91,7.4925,8.679,6.33675,10.1535,9.204,7.764,9.791,7.467333333333333,7.418,7.500333333333333,6.520999999999999,8.424,8.398333333333333,9.572,6.66425,6.472,5.618,9.723,12.015,8.481,9.4,8.8735,10.887,5.187,7.535,8.223999999999998,9.171,8.497,8.659,9.752,7.991,8.6355,5.88475,9.168,11.37,6.995,12.79,8.68,6.7995,6.681,7.129,3.4028,7.401,9.735,8.069,11.991,6.026,6.36,5.6370000000000005,8.752,11.192,8.142,5.845000000000001,6.835000000000001,8.9925,6.7785,9.542,9.805,9.4485,11.542,8.7985,7.712,7.2435,11.385,9.794,7.399,7.002,4.94275,7.283333333333334,9.627666666666668,8.406,7.517,7.668,9.217,6.316333333333334,8.365,8.062,7.331333333333333,CONTROL
7.93,4.788,8.0885,5.099,9.293,7.683,9.3435,9.149,6.632,8.699,10.655,8.422666666666666,11.666,8.509,12.884,9.331,8.169,13.10375,7.61,8.759,8.803,8.0565,7.24,8.84,6.16375,9.7255,9.268,7.584,9.369,7.483,7.650499999999999,7.787,5.8355,8.41525,8.291666666666666,9.773,6.76825,5.6685,6.114,9.507,12.12,8.538,9.204,8.750499999999999,10.935,5.865,7.633,8.091,9.1725,8.832,8.713,9.546,8.8,8.309999999999999,5.993,9.0255,10.95,7.162,13.001,8.573599999999999,6.862,7.006333333333333,6.77,3.2326,7.626,9.6145,8.08,11.97,7.3535,6.089,5.6855,9.45,10.776,8.459,5.981,6.847,8.9955,7.337,9.716,9.959,9.096,11.532,8.8155,7.8135,7.224,11.294,9.841,7.0,6.691666666666666,4.8795,6.992666666666666,9.444333333333333,8.675,7.499,7.8465,10.291,6.761500000000001,8.32225,8.376666666666667,7.319666666666666,IPD
7.131333333333333,5.681,7.37,5.716,8.368,7.3965,8.552,8.445,6.971,7.830999999999999,9.608,7.248666666666668,11.086,7.7,12.401,7.4925,7.064,12.6605,7.279,8.162,8.417,7.7625,6.660500000000001,8.203,6.01125,9.4655,8.262,6.904,9.255,6.873666666666666,7.1,7.153333333333333,6.259,7.563000000000001,7.875666666666667,9.138,5.866,5.686999999999999,6.344,8.3205,11.062,8.37,8.611,7.8075,10.417,6.704,7.456,7.291,8.6015,7.655,7.979,9.042,7.412,7.5015,5.61675,8.857,10.035,6.5665,12.563,7.645,6.1945,6.153666666666667,6.518,3.4968000000000004,7.135,8.836,7.41,10.84,7.093500000000001,6.049,5.8265,8.026,10.002,7.393,5.988,6.281333333333333,8.343,5.9435,9.331,8.396,8.53925,11.035,8.2535,7.446,7.0215,10.032,9.445,6.455,6.407,5.39075,6.558333333333333,8.998,7.863,7.435,7.6655,10.148,6.217333333333333,8.2615,7.678333333333334,7.093,IPD
6.871333333333332,4.437,7.7275,4.985,8.621,7.866,9.0105,8.878,6.908,8.4275,10.441,7.435166666666666,11.701,8.198,12.891,8.183,8.077,12.96175,7.706,8.712,8.986,7.9355,7.0920000000000005,8.656,6.1485,10.3245,8.693,7.148,9.607,7.544999999999999,7.433,7.725333333333334,6.028499999999999,7.8045,8.066999999999998,9.145,6.13675,4.992,5.852,8.779,11.537,8.404,9.114,8.05275,10.764,5.966,7.579,7.667999999999999,8.970500000000001,8.042,8.446,9.559,7.713,8.044500000000001,5.81625,8.8905,10.795,6.721,12.8755,8.2186,6.5875,6.634333333333333,6.507,3.425,7.64,9.09,7.713,11.958,7.0815,5.986,5.769500000000001,8.13,10.792,7.6615,5.973,6.761333333333333,8.5055,6.4305,9.303,9.263,9.01225,11.419,8.4785,7.9975,7.121499999999999,10.992,9.974,6.985,6.982333333333333,5.3375,6.819,9.551666666666668,8.408,7.787,7.4215,10.574,6.501,8.41525,7.898666666666667,7.234666666666667,IPD
6.826999999999999,4.278,7.694000000000001,4.86,9.04,7.4345,8.8125,8.661,6.63,8.2845,10.314,7.294833333333333,11.323,7.935,12.352,7.673,7.552,12.879,7.55,8.644,8.277,7.910500000000001,6.913,8.604,6.10275,9.689,8.613,6.791,9.32,7.002666666666666,7.1795,7.414999999999999,5.7395,7.6715,7.877,9.319,6.35375,4.5345,5.61,9.0555,11.627,8.164,8.796,8.36625,10.62,6.033,7.652,7.417999999999999,8.762,8.279,8.337,9.526,7.971,8.0795,5.96675,8.606000000000002,10.63,6.8115000000000006,12.636,8.1072,5.941000000000001,6.365666666666667,6.61,3.4885999999999995,6.925,9.149,7.631,11.729,7.311999999999999,5.83,5.681,8.182,10.0,7.8515,5.8715,6.433333333333334,8.509,6.015499999999999,9.299,9.442,8.7805,11.213,8.695,7.545999999999999,6.746499999999999,10.723,9.206,6.755,6.515666666666667,5.095750000000001,6.644333333333333,9.090000000000002,8.237,7.536,7.5885,9.721,6.37,8.37725,8.386333333333333,7.284333333333333,IPD
6.527666666666666,4.321,6.879,5.238,8.529,7.0235,8.447,8.27,6.435,7.834,9.724,6.860166666666667,11.277,7.195,12.237,7.5525,7.308,12.68325,7.173,8.49,7.919,7.9595,6.6075,8.396,5.9775,9.4105,8.267,6.636,9.246,7.073333333333333,7.0195,7.357666666666667,5.351,7.3995,7.534,8.676,6.0605,4.842499999999999,5.541,8.3705,11.047,8.257,8.735,7.75225,10.443,5.262,7.268,7.022666666666667,8.461,7.912,7.889,9.172,7.634,7.4625,5.7535,8.5405,9.994,6.4615,12.448,7.794,5.7915,6.5393333333333326,6.268,3.674,7.017,8.681000000000001,7.41,11.33,7.057,5.895,5.9115,8.131,9.013,7.502499999999999,6.085,5.924333333333333,8.26,5.884,9.034,9.142,8.3615,10.889,8.3505,7.459,6.799,10.511,8.965,5.991,6.707333333333334,5.209,6.3773333333333335,8.655333333333333,7.931,7.769,7.1575,9.816,5.904166666666666,8.324,7.817333333333333,7.212333333333333,CONTROL
6.971666666666667,4.615,7.653,4.953,9.24,7.69,9.268,8.81,6.481,8.6335,10.426,7.737166666666667,11.191,8.395,12.538,9.296,7.698,13.16775,7.273,8.555,8.778,7.882,6.9855,8.617,6.2005,9.937,9.16,7.188,9.486,7.210333333333334,7.4025,7.629333333333332,6.321,8.25825,7.976333333333334,9.496,6.40225,4.8035,5.583,9.4085,11.891,8.198,9.066,8.98925,11.0,6.152,7.551,7.721333333333334,9.042,8.594,8.572,9.775,8.586,8.2365,5.858499999999999,8.8435,11.245,6.8835,12.9615,8.4064,6.33,6.44,6.509,3.3982,7.32,9.8145,7.908,11.951,7.2435,5.722,5.692,8.796,11.258,8.2055,5.8315,6.807,8.96,6.779,9.368,9.539,9.2255,11.642,8.937999999999999,7.5685,6.754,11.256,9.643,6.795,6.501666666666666,4.95,6.896333333333334,9.294333333333334,8.576,7.349,8.107,10.167,6.237833333333334,8.3555,7.912666666666666,7.406333333333333,CONTROL
6.392333333333333,4.088,7.6065,4.522,9.044,7.446,8.7535,8.544,5.41,8.0335,10.365,7.433499999999999,11.082,8.045,12.524,8.1915,7.603,12.89025,7.103,8.612,8.371,7.7295,6.792,8.601,6.10925,9.366,8.73,7.024,9.37,7.052,7.026,7.377,6.0120000000000005,7.644249999999999,7.975666666666666,9.272,6.11875,4.265,5.135,8.7395,11.657,8.317,8.891,8.356,10.773,5.058,7.188,7.089,8.903,8.176,8.243,9.398,8.271,7.7225,5.63425,8.725999999999999,10.665,6.766,12.867,7.7104,6.398999999999999,5.861666666666667,6.638,3.3624,7.191,9.2225,7.885,11.6,6.726,5.535,5.9205,8.489,10.044,7.5015,5.923500000000001,6.618666666666667,8.596,5.818,9.501,9.542,8.8255,11.235,8.632,7.486499999999999,6.916499999999999,10.836,9.487,6.675,6.368333333333333,5.019,6.429666666666666,9.053333333333333,8.511,7.453,7.4975,10.424,6.105666666666667,8.346499999999999,7.988333333333333,7.295999999999999,CONTROL
6.258333333333333,4.592,7.4755,4.941,8.763,7.7415,8.9695,8.776,5.948,8.281,10.096,7.5105,11.259,7.931,12.555,8.809000000000001,7.482,12.9695,7.534,8.262,8.34,7.8395,7.1905,8.49,6.115,9.685,9.142,6.968,9.154,7.1003333333333325,7.1645,7.160666666666667,6.0760000000000005,7.84525,8.190333333333333,9.548,5.9415,4.976,5.296,9.135,11.814,8.239,8.867,8.5235,10.422,5.097,7.923,7.683333333333334,8.961500000000001,7.919,8.502,9.508,8.002,8.0455,5.8555,8.622,10.477,6.651,12.8285,7.8026,6.0595,6.280666666666666,6.451,3.5364000000000004,7.258,9.2715,7.867,11.796,6.5455000000000005,5.875,5.6205,8.468,10.442,7.9405,5.9105,6.811666666666667,8.803,6.728,9.24,9.854,8.859,11.657,8.440000000000001,7.586,6.532,10.816,9.717,6.597,6.274000000000001,5.13625,6.675999999999999,9.163333333333334,8.364,7.337,7.878,10.179,6.384333333333333,8.313500000000001,8.176666666666668,7.170333333333333,IPD
6.739,4.474,7.631,5.135,9.324,7.809,9.0105,9.087,6.342,8.4435,10.372,8.005333333333335,11.228,8.118,12.433,9.048,8.147,13.1215,7.107,8.595,8.988,7.846500000000001,6.9485,8.607,6.06075,9.844,9.291,6.893,9.126,7.079000000000001,7.205,7.329666666666667,6.3535,8.168750000000001,7.917000000000001,9.405,6.319,5.705,5.976,9.496,12.017,8.341,8.905,8.97675,10.825,5.475,7.751,7.657666666666667,9.364,8.265,8.614,9.728,7.75,8.4315,5.999,8.666,10.992,6.929,12.7775,8.245000000000001,5.974,6.603333333333334,6.616,3.2608,6.986,9.806,7.619,12.013,6.6555,5.678,5.5,8.96,9.688,7.881499999999999,5.794499999999999,6.8116666666666665,8.6645,6.4155,9.074,9.902,8.899249999999999,11.581,8.842,7.807,6.5760000000000005,11.08,9.955,6.638,6.330666666666667,4.706,6.781666666666666,8.818666666666667,8.378,7.269,8.0125,10.068,6.433833333333333,8.193999999999999,7.784666666666666,7.321333333333333,IPD
5.9623333333333335,3.95,7.74,5.03,8.984,7.399,8.6325,8.493,6.298,8.18,10.207,7.269166666666667,11.28,7.83,12.586,8.161,7.32,12.99075,7.4,8.353,8.427,7.7445,6.8715,8.572,6.265000000000001,9.41,8.833,6.906,9.352,7.258333333333333,7.3225,7.272333333333333,5.8805,7.387,8.255,9.17,6.0760000000000005,5.013,5.641,9.209,11.801,8.256,8.806,8.3645,10.688,5.408,7.653,7.712333333333333,8.7735,7.988,8.401,9.499,7.379,7.9955,5.91,8.638,10.826,6.57,12.794,7.720400000000001,6.6495,6.081,6.604,3.5402,7.225,9.3195,7.641,11.715,7.139,5.744,5.798,8.224,9.908,7.973,5.9125,6.782,8.616499999999998,6.526999999999999,9.168,9.653,8.781,11.464,8.620999999999999,7.483,6.6285,10.84,9.424,7.41,6.335666666666666,5.05325,6.522333333333333,9.258666666666668,8.404,7.426,7.815,9.808,6.182,8.233,7.977,7.16,CONTROL
6.571666666666666,3.626,7.6395,5.007,9.338,7.775,9.0735,9.076,6.318,8.2045,10.464,7.6955,11.415,8.217,12.538,8.565999999999999,7.521,13.122,6.982,8.931,8.589,7.9125,7.321,8.463,6.18275,9.7515,9.311,7.19,9.294,7.212333333333333,7.528499999999999,7.580333333333333,6.519,7.922,8.246333333333334,9.567,6.6605,5.064,5.755,9.509,12.114,8.306,9.101,9.09675,10.883,5.888,7.772,7.887333333333333,9.1915,8.545,8.645,9.631,7.914,8.2895,5.754,8.915,10.882,6.891,12.947,7.931,6.5195,6.439666666666667,6.466,3.4982,7.192,9.8665,7.534,12.078,6.5975,5.712,5.6645,8.712,10.578,8.02,5.6635,6.646666666666667,8.839,6.614,9.584,10.066,9.0785,11.694,8.667,7.567,6.8585,11.057,9.559,7.012,6.389333333333333,5.03525,6.861,8.894666666666666,8.188,7.198,7.94,9.898,6.520833333333333,8.193,8.219666666666667,7.175,CONTROL
5.923666666666667,4.114,7.048,5.3,8.541,7.499,8.588,8.12,7.074,7.83,9.949,7.286666666666666,11.237,7.709,12.483,8.4665,7.506,12.82,7.131,8.419,8.359,7.720499999999999,6.596,8.09,5.84675,9.733,8.662,6.713,9.132,6.835666666666666,7.146000000000001,7.390666666666667,5.833,7.88525,7.389666666666667,8.965,6.08525,4.3425,5.916,8.733,11.161,8.282,8.782,8.12075,10.443,5.649,7.038,7.257666666666666,8.639,8.03,8.144,9.417,7.112,7.705,5.59125,8.5535,10.138,6.664,12.777,7.9262,6.207,6.21,6.235,3.4806,6.663,8.973,7.639,11.5,6.6565,5.666,6.28,8.21,8.921,7.425,5.4895,6.122,8.809999999999999,6.313000000000001,9.14,9.004,8.5655,11.178,8.4605,7.225,6.887499999999999,10.702,9.38,6.351,6.256666666666667,5.6795,6.740333333333333,8.908333333333333,8.032,7.404,7.462499999999999,9.969,5.819,8.30575,7.560333333333333,7.185,CONTROL
6.395666666666667,3.516,6.9675,4.763,8.806,7.3805,8.764,8.276,6.625,7.889,10.257,7.296666666666667,11.329,7.973,12.474,8.1445,7.085,12.74075,6.734,8.17,8.256,7.821,6.9735,8.197,6.14275,9.375,8.907,6.84,9.416,7.095,7.2485,7.462,5.882,7.86125,8.059,9.252,5.9275,5.1135,5.514,9.039,11.545,8.488,8.932,8.38825,10.552,5.619,7.819,7.669333333333333,8.881,7.982,8.415,9.364,7.945,7.988999999999999,5.691000000000001,8.657499999999999,10.39,6.952,12.882,7.9666,6.6235,6.569333333333333,6.457,3.6174,7.104,9.16,7.51,11.582,6.5955,5.646,5.8805,8.346,9.984,7.515000000000001,5.889,6.558666666666667,8.728,6.799,9.249,9.346,8.852,11.138,8.354,7.4705,6.888,10.839,9.294,6.734,6.514333333333333,5.5555,6.774,8.965,8.116,7.421,7.476000000000001,9.85,6.039666666666666,8.347,7.583666666666667,7.221333333333334,IPD
6.8196666666666665,5.181,7.2965,5.289,8.91,7.707,9.0405,8.89,6.302,7.875999999999999,10.179,7.629666666666666,11.648,8.28,12.836,8.5045,8.012,12.6985,6.932,8.49,8.565,7.9855,7.042999999999999,8.272,6.1425,9.8805,8.845,7.081,8.7,7.236666666666667,7.1545,7.314,5.7925,7.962,7.757333333333332,9.271,6.21575,5.6475,5.41,9.3495,11.631,7.325,8.726,7.651499999999999,10.709,5.625,8.184,7.752333333333333,8.742,8.41,8.024,9.275,7.511,7.608,5.75225,9.1335,11.093,6.9365000000000006,13.1515,8.5886,6.0825,6.565666666666666,7.136,3.636,7.06,9.3365,7.582,11.707,7.1085,6.313,5.558,8.065,6.876,7.997,5.609,6.195666666666667,8.3895,6.662,9.268,9.02,8.891,11.46,8.5785,7.67,6.9435,11.211,8.946,7.33,6.839333333333333,4.85175,6.645333333333333,9.362666666666668,8.004,7.351,7.5205,10.359,6.502833333333332,8.111,7.803,7.317,CONTROL
7.416333333333334,4.145,7.228,4.964,8.694,7.1785,8.5305,8.3,6.416,7.727,9.863,7.496666666666667,11.191,7.473,12.445,7.9985,7.164,12.72425,7.242,8.412,8.205,7.7605,6.6185,8.152,5.901,9.0585,8.706,6.782,9.263,6.841666666666666,6.967,7.1626666666666665,5.765000000000001,7.63775,7.652,8.995,6.01325,4.8315,5.256,8.622,11.317,8.36,8.696,8.154,10.569,5.466,7.083,7.158,8.7165,8.113,8.079,9.176,7.999,7.744,5.7395,8.6135,10.529,6.695,12.798,7.833,6.4645,5.928333333333334,6.293,3.5436,6.814,9.000499999999999,7.389,11.519,6.6385000000000005,5.611,5.93,8.191,10.119,7.688,5.724,6.767666666666667,8.828,6.2255,9.261,9.237,8.834,11.295,8.278500000000001,7.397500000000001,6.7620000000000005,10.746,9.393,6.444,6.349333333333334,5.1205,6.609666666666667,8.913333333333334,8.187,7.458,7.3995,10.265,5.955333333333333,8.329,8.015333333333333,7.2010000000000005,IPD
6.249333333333333,3.96,7.191000000000001,4.875,8.702,6.952999999999999,8.494,7.907,5.696,7.813,10.05,7.474833333333334,11.004,7.84,12.176,8.004,7.376,12.7885,6.501,8.257,8.188,7.786999999999999,6.952,8.378,5.91775,9.4625,8.632,6.455,9.223,7.157333333333334,6.933,7.285,5.924,8.007,7.416666666666667,9.135,5.901,5.092,5.15,8.57,11.174,8.142,8.56,8.06375,10.433,5.217,7.345,7.027333333333334,8.56,7.536,8.048,9.238,6.925,7.74,5.511,8.5435,10.377,6.9435,12.476,7.9388,6.2635,6.137666666666667,6.113,3.5414000000000003,6.945,9.0545,7.463,11.251,6.341,5.37,5.982,8.283,8.759,7.521,5.821,6.027,8.4895,5.722,9.165,9.22,8.66425,10.961,8.405000000000001,7.557500000000001,6.6255,10.755,9.166,6.293,6.304666666666667,5.285,6.7683333333333335,8.448333333333332,7.877,7.54,7.4345,9.407,5.741166666666666,8.3015,7.497333333333334,7.255666666666666,CONTROL
5.737666666666667,3.397,7.444,4.795,8.472,7.149,8.256499999999999,8.249,5.758,7.9095,9.713,7.2121666666666675,10.861,7.327,12.596,7.6185,6.953,12.77075,6.863,8.194,8.035,7.5465,6.325,8.125,6.42275,8.998000000000001,8.71,6.408,9.176,6.771333333333334,6.8765,7.166666666666667,5.8585,7.07475,7.687666666666666,8.938,5.773,3.801,5.216,8.657499999999999,11.345,8.242,8.325,7.98475,10.41,5.177,7.367,7.532,8.493500000000001,7.368,7.961,8.971,7.517,7.5465,5.5565,8.3605,10.575,6.4165,12.7565,7.4318,6.0175,6.198666666666667,5.997,3.622,6.877,8.747,7.373,11.019,6.2245,6.029,5.964,7.332,9.694,7.653,5.9355,6.205000000000001,8.401,5.9245,8.998,8.908,8.50575,11.18,7.936,7.125,6.5295000000000005,10.301,9.41,6.125,6.315,5.3265,6.106333333333333,8.825000000000001,7.687,7.404,7.485,9.475,5.956499999999999,8.05425,7.751666666666666,6.996666666666666,CONTROL
5.742,3.971,7.414,4.79,8.742,7.239000000000001,8.6845,8.525,6.186,8.301,10.174,7.155333333333334,11.024,7.68,12.557,8.3705,6.973,12.86,7.237,8.332,8.416,7.683999999999999,6.646,8.42,6.06775,9.456,8.621,6.314,8.988,6.823,7.169,7.203666666666667,5.483499999999999,7.73625,7.689,8.965,6.22225,4.220000000000001,5.588,8.6455,11.476,7.922,8.538,8.206,10.436,5.13,7.386,7.410666666666667,8.6415,8.106,7.976,9.464,6.94,7.918,5.6025,8.812000000000001,10.793,6.551,12.7025,7.95,5.9285,6.209666666666667,6.437,3.684600000000001,6.781,9.232,7.729,11.695,6.0895,5.302,6.129,8.007,10.297,7.7895,5.718999999999999,6.446666666666666,8.507,6.0815,9.28,9.385,8.693249999999999,11.097,8.5465,7.2735,6.8065,10.908,9.316,6.793,6.209,5.2095,6.5376666666666665,8.871333333333334,8.198,6.787,7.767,9.703,6.113333333333333,8.265749999999999,8.375333333333334,7.008,CONTROL
6.068666666666666,4.142,7.221999999999999,4.841,9.127,7.615,8.7405,8.638,6.286,8.094,10.339,7.640000000000001,11.261,8.079,12.569,8.849,7.63,13.08675,6.931,8.407,8.582,7.5785,6.997999999999999,8.268,6.13325,9.445,8.926,6.654,9.32,7.25,7.226,7.514666666666667,5.8555,8.026250000000001,7.981666666666666,9.19,6.0025,5.926500000000001,5.757,9.2415,11.667,8.041,8.742,8.6965,10.632,5.664,7.228,7.66,9.0555,8.297,8.398,9.591,8.338,7.8985,5.73325,8.538499999999999,10.621,6.845000000000001,12.9225,8.0876,6.2355,6.427,6.378,3.4508,6.883,9.3085,7.766,11.918,6.446,5.845,5.958,8.523,10.207,7.656,5.5945,6.814666666666667,8.7695,6.7495,9.23,9.845,8.8695,11.297,8.5695,7.249499999999999,6.577,10.809,9.714,6.435,6.317,5.2505,6.528333333333333,8.825000000000001,8.044,7.226,7.640000000000001,10.348,6.147333333333333,8.32525,7.904333333333334,7.244,CONTROL
6.932666666666666,4.613,7.041,4.871,9.099,7.3655,8.7,8.889,6.271,7.8035,10.285,7.672333333333333,11.58,8.123,12.587,8.2395,7.373,12.9085,7.001,8.309,8.305,7.685,6.931000000000001,8.23,5.893,10.021,8.948,6.575,9.316,7.213,7.168,7.652666666666666,6.189,8.01275,8.013,9.096,6.04,4.5335,5.696,9.1165,11.685,8.419,9.04,8.57,10.645,5.185,7.501,7.53,8.923,8.074,8.523,9.594,7.365,7.856999999999999,5.74925,8.786,10.224,6.701499999999999,13.0375,8.186,6.259,6.332666666666667,6.192,3.7312,7.059,9.224,7.628,12.044,6.749499999999999,5.653,5.8015,8.519,9.517,7.403499999999999,5.658,6.316,8.899000000000001,6.669499999999999,9.169,8.837,8.94825,11.619,8.564499999999999,7.4495,6.6775,10.958,9.515,6.573,6.389666666666667,5.25175,6.508,9.099333333333334,8.186,7.416,7.535,10.598,6.142333333333333,8.32225,7.662333333333334,7.228000000000001,CONTROL
6.751666666666666,3.688,7.445,5.035,8.718,7.47,8.525500000000001,8.489,6.45,7.711500000000001,10.218,7.729666666666667,11.285,7.718,12.481,7.8865,7.251,12.732,7.271,8.45,8.199,7.73,6.807499999999999,8.419,5.923,9.4845,8.956,6.868,9.319,6.868333333333333,6.9755,7.061333333333333,6.1925,7.86675,7.764,9.202,5.738,5.981,5.683,8.927999999999999,11.456,8.412,8.877,8.4205,10.539,5.227,7.715,7.528333333333333,8.818,7.875,7.985,9.392,7.386,7.977,5.53325,8.6425,10.137,6.7045,12.7425,7.7356,6.2955000000000005,6.343,6.373,3.4274,7.027,9.2,7.843,11.502,6.5280000000000005,5.57,5.73,8.2,9.556,7.525499999999999,5.566,6.445333333333333,8.7025,6.258,9.213,9.2,8.674,11.263,8.536,7.459,6.997999999999999,10.622,9.492,6.815,6.687666666666668,5.3735,6.758,9.159666666666666,8.018,7.498,7.6,10.074,5.937166666666666,8.14725,7.986666666666667,7.379,CONTROL
6.038,3.896,7.726,5.14,8.914,7.6155,9.0975,8.605,6.495,8.39,10.493,7.8565,11.635,8.351,12.527,8.818999999999999,7.37,12.952,7.112,8.553,8.671,7.8835,7.2295,8.555,6.3475,9.7175,9.217,7.515,9.482,7.614333333333334,7.6385,7.697666666666667,6.218500000000001,8.36875,8.052666666666667,9.481,6.25675,5.906000000000001,5.833,9.4295,11.671,8.406,9.169,8.55925,10.612,6.11,7.755,8.171,9.0825,8.132,8.645,9.889,7.907,8.5335,5.9205,8.7955,10.94,6.981999999999999,12.916,8.3192,6.6065000000000005,6.686666666666667,6.832,3.333,7.799,9.426,7.971,11.876,6.412,6.067,5.927,8.405,10.603,7.7315,5.8505,6.980999999999999,8.9895,7.3105,9.388,9.927,9.17275,11.531,8.7225,7.7385,7.265000000000001,11.207,9.761,7.195,6.676666666666667,5.36525,6.871666666666667,9.567666666666666,8.247,7.871,7.991,9.744,6.210000000000001,8.35725,7.986666666666667,7.436,CONTROL
5.896999999999999,4.075,7.1755,4.78,8.871,7.025,8.336,8.103,5.716,7.7745,9.858,7.347333333333334,11.184,7.629,11.913,7.829499999999999,7.318,12.62925,7.041,8.487,8.422,7.723,6.5795,8.53,5.78375,9.432,8.854,6.802,9.339,6.830666666666667,7.0015,7.314666666666667,6.213,7.68575,7.808,9.238,5.69075,5.4355,5.394,8.6955,11.403,8.238,8.72,8.1025,10.578,5.085,7.177,7.138000000000001,8.683499999999999,7.891,7.81,9.137,7.569,7.673999999999999,5.50275,8.6155,10.633,6.6995000000000005,12.586,7.8446,6.2565,6.108,6.292,3.6052,6.958,8.9025,7.645,11.323,6.6065000000000005,5.35,6.144,8.333,8.822,7.586,5.6355,6.326666666666667,8.528500000000001,5.590999999999999,9.424,9.459,8.65875,11.048,8.351500000000001,7.448,6.862,10.652,9.301,6.249,6.489333333333334,5.46175,6.566666666666666,9.111333333333333,8.052,7.718,7.093999999999999,9.733,5.835166666666667,8.215250000000001,7.732333333333333,7.316333333333333,CONTROL
6.535666666666667,3.992,7.073,4.772,8.261,6.890000000000001,8.533,8.427,5.971,7.4475,9.801,7.278,11.133,7.371,12.45,7.911,6.841,12.6925,6.83,8.003,8.225,7.778499999999999,6.6975,8.316,6.00725,9.006,8.976,6.552,9.0,6.690333333333332,6.981,7.011333333333333,5.9575,7.5585,7.653,8.924,5.70275,5.5845,5.61,8.937000000000001,11.322,8.026,8.555,8.3095,10.096,5.216,7.552,7.674333333333333,8.806999999999999,7.319,7.802,9.281,7.407,8.052,5.63325,8.2505,10.221,6.3445,12.663,7.3932,6.029999999999999,6.375333333333334,6.029,3.3654,6.563,9.018,7.469,11.461,6.536,5.439,5.7425,7.918,8.828,7.7285,5.7620000000000005,6.108333333333333,8.35,6.3870000000000005,9.063,9.51,8.373999999999999,11.206,7.9875,7.3685,6.62,10.269,9.136,6.252,6.334666666666666,5.3395,6.519666666666667,8.576666666666666,7.676,7.519,7.381499999999999,9.605,5.823166666666666,8.03575,7.773,7.0633333333333335,IPD
6.035,4.074,7.422000000000001,5.144,8.983,7.614,8.802,8.639,5.932,8.352,9.893,7.470166666666667,11.012,7.679,12.413,8.35,7.229,12.77975,6.972,8.423,8.682,7.407,7.1675,8.235,5.98725,9.2665,9.286,6.772,9.247,6.816333333333333,7.3795,7.430333333333333,6.3785,7.666,8.106333333333334,9.031,6.1080000000000005,4.5975,5.516,9.2735,11.779,8.14,8.771,9.0485,10.473,5.468,7.298,7.806999999999999,8.7925,7.906,8.296,9.515,8.07,8.2095,5.8235,8.508,10.723,6.753,12.7405,7.664,6.276,6.593,6.57,3.5094000000000003,7.019,9.585,7.552,11.754,6.118,6.06,5.365,8.246,10.356,7.9505,5.987,6.7636666666666665,8.63,6.756,9.103,9.57,9.0525,11.512,8.609,7.418000000000001,7.1965,10.803,9.531,6.695,6.121666666666667,5.077,6.597,9.126,8.223,7.267,7.735,9.495,5.975833333333333,8.123249999999999,8.452333333333334,7.117,CONTROL
6.003,3.792,6.901,5.733,8.383,6.938,8.575,8.436,6.872,8.1005,9.83,7.178166666666667,11.162,7.589,12.438,7.2010000000000005,6.981,12.88275,6.929,8.323,8.015,7.686,6.507000000000001,8.145,5.8260000000000005,9.0955,8.552,6.602,9.1,6.732666666666667,7.084,7.315,6.1305,7.4655,7.646,9.031,6.12775,4.233499999999999,5.909,8.683,11.158,7.894,8.769,8.2355,10.407,6.254,7.304,7.340333333333334,8.808,7.924,7.812,9.396,7.293,8.047,5.49175,8.378,10.002,6.6445,12.6,7.5114,5.9885,5.934666666666666,6.004,3.714,7.068,9.232,7.159,11.403,7.232,5.186,5.665,8.431,8.057,7.371500000000001,5.461,5.988,8.5795,5.5095,9.045,9.198,8.45775,11.257,8.168,7.435,6.601,10.741,9.585,6.692,6.181,5.23225,6.5793333333333335,8.632,8.214,7.078,7.24,10.134,5.802,8.02375,7.78,7.133,CONTROL
6.600666666666666,3.522,7.274,4.608,8.547,7.105,8.8995,8.529,6.02,7.829,9.996,7.298999999999999,11.039,7.875,12.534,8.588000000000001,6.92,12.70025,7.0,8.459,8.284,7.551,6.9955,8.076,5.9785,9.4205,8.994,6.563,9.206,6.593666666666667,7.2955,7.370999999999999,6.086,7.82525,7.566,8.938,5.712,3.8485,5.327,9.0275,11.553,7.856,8.645,8.533,10.439,5.396,7.663,7.759666666666667,8.6785,7.753,8.152,9.47,7.906,8.1475,5.6545000000000005,8.469,10.418,6.606,12.888,7.6198,5.981,6.15,6.113,3.585,6.651,9.446,7.392,11.823,6.341,5.784,5.7375,7.894,10.636,7.942,5.0305,6.652666666666666,8.7715,6.5485,9.098,9.407,8.881,11.556,8.4575,7.199,6.606,10.546,9.491,7.006,6.124666666666666,5.329000000000001,6.379666666666666,8.795666666666667,8.124,7.065,7.596999999999999,10.414,6.160166666666666,8.22725,7.478666666666666,7.1370000000000005,CONTROL
6.314666666666667,3.833,7.8825,4.738,9.148,7.505000000000001,9.121,8.981,6.115,8.546,10.284,7.431,11.877,8.128,12.555,8.6115,7.824,12.994,7.012,8.504,8.592,7.9285,7.041499999999999,8.611,6.32125,9.88,9.154,7.207,9.336,7.245,7.1775,7.793333333333333,6.344,8.316749999999999,8.287333333333335,9.495,6.34275,5.5395,5.494,9.466,11.889,8.196,9.271,8.716,10.741,5.508,8.135,7.618666666666666,9.025,8.451,8.528,10.031,8.104,8.192499999999999,5.95525,8.747,11.117,7.054,12.942,8.381800000000002,6.417999999999999,6.750333333333334,6.865,3.6358,7.683,9.4865,7.785,12.368,6.532,6.066,5.7355,8.488,9.801,7.867,6.048,7.0776666666666666,8.722999999999999,7.0545,9.253,9.785,9.0545,11.763,8.966,7.842,6.973,11.103,9.883,7.198,6.481000000000001,5.201,6.766000000000001,9.330666666666666,8.636,7.668,7.4755,9.312,6.4385,8.29975,8.240666666666668,7.46,IPD
6.131333333333333,3.634,7.114,4.49,8.54,7.0555,8.1535,8.104,5.961,8.105,9.376,6.564,10.815,7.027,12.338,7.3505,7.369,12.64,6.916,7.986,7.672,7.4395,5.949,8.416,5.6955,8.6175,8.37,5.911,9.233,6.605,6.986,7.134333333333333,5.8055,6.5065,7.567,8.8,5.774,4.293,5.244,8.249500000000001,11.424,7.42,8.694,7.87275,10.208,5.285,7.297,7.200666666666667,8.2015,7.639,7.809,9.142,7.589,7.763,5.4265,8.435,10.354,6.3185,12.543,7.1312,5.83,5.95,5.994,4.0336,7.072,8.492,6.955,11.285,6.8035,5.418,5.811999999999999,7.716,8.297,7.3055,5.9525,6.022333333333333,8.294,5.477,8.958,9.128,8.084,11.171,8.331,7.2025,6.54,10.189,9.11,6.531,5.927333333333333,5.06025,6.146666666666667,8.222666666666667,8.11,7.44,6.9725,9.587,5.7125,8.1215,7.769666666666667,7.23,IPD
5.9433333333333325,3.846,7.015499999999999,4.4,8.367,7.041,8.1695,8.469,5.659,7.3835,9.65,6.934,10.977,7.283,11.864,7.675499999999999,6.723,12.58575,6.95,7.67,8.019,7.685499999999999,6.5920000000000005,8.105,5.8035,9.297,8.356,6.642,9.305,6.745666666666668,6.8635,6.858666666666667,5.638,7.111,7.506333333333333,8.842,5.72875,4.8665,4.99,8.5095,11.018,8.34,8.581,7.55425,10.259,4.858,7.435,7.188666666666666,8.3455,7.433,7.987,9.026,7.724,7.325,5.4045000000000005,8.5165,9.997,6.358499999999999,12.3165,7.464,6.077500000000001,5.806,6.584,3.652,7.105,8.3555,7.518,11.309,6.5795,5.33,5.922499999999999,7.587,8.499,7.3355,5.4905,6.002666666666666,8.201,5.8505,9.008,8.998,8.23325,10.845,8.244,7.192500000000001,6.5575,10.297,9.111,6.184,6.446000000000001,5.53775,6.621,8.656,7.731,7.476,7.191000000000001,9.064,5.956500000000001,8.18675,7.563666666666666,7.070666666666667,CONTROL
7.341666666666666,4.368,7.6655,5.545,9.051,7.4305,8.9815,8.91,6.955,8.3055,10.386,7.885333333333333,11.695,8.417,12.354,8.7575,7.521,12.83825,7.515,9.032,8.59,7.7485,7.2795,8.87,6.1395,9.87,9.134,7.657,9.463,7.412,7.4365,7.524,5.8965,8.01925,8.503333333333332,9.56,6.5225,5.3445,6.235,9.3275,12.077,8.625,9.135,8.27425,10.867,6.241,8.051,7.81,9.084,8.468,8.61,9.589,7.783,8.205,5.8325,9.0265,11.182,6.9875,12.7655,8.5632,6.3045,6.799,6.698,3.3818,7.488,9.394,7.877,11.982,6.7,5.838,5.7695,8.629,10.408,7.808,6.18,6.594333333333334,8.683,6.791499999999999,9.529,9.749,9.10075,11.219,8.674499999999998,7.7955,7.2295,11.187,9.613,6.934,6.802333333333333,5.0367500000000005,7.139666666666667,9.307333333333332,8.458,7.667,7.7605,10.121,6.301666666666667,8.46025,8.387666666666666,7.439666666666667,CONTROL
5.9206666666666665,3.948,7.3865,5.188,8.547,7.005,8.637,8.444,6.609,7.698,9.829,7.472333333333334,11.224,7.845,12.452,8.218,7.072,12.65075,7.398,8.155,8.395,7.704499999999999,6.803000000000001,8.397,6.05175,9.506,8.743,6.433,8.876,7.026,7.0645,7.016000000000001,5.866,7.734999999999999,7.578,9.052,5.921,5.1775,5.699,8.971,11.324,8.013,8.79,7.93875,10.372,5.705,7.923,7.515333333333333,8.7375,7.78,8.399,9.313,7.739,8.131499999999999,5.6850000000000005,8.6565,10.278,6.4435,12.862,7.810599999999999,6.058,6.246333333333333,6.203,3.6408,6.909,8.9275,7.54,11.697,6.1195,5.678,6.0245,8.264,9.728,7.5555,5.4055,6.227333333333334,8.612,6.1065000000000005,9.083,9.272,8.59525,11.25,8.534500000000001,7.4915,6.6645,10.629,9.251,6.311,6.368666666666667,5.40125,6.581,8.725999999999999,7.97,7.419,7.661,10.059,6.110499999999999,8.352,7.7923333333333344,7.274666666666666,CONTROL
6.4590000000000005,4.298,6.9815000000000005,4.722,8.497,7.2735,8.545,8.573,6.147,8.04,9.524,6.6785,11.184,7.583,12.219,7.438499999999999,7.326,12.61375,6.761,7.996,8.177,7.8265,6.6305,8.414,5.9875,9.0565,8.719,6.709,9.282,6.989999999999999,7.2035,7.197333333333333,5.815,7.357,7.820666666666667,8.934,6.2,4.614,5.264,8.361,11.221,8.383,8.63,7.7415,10.631,5.212,7.073,7.177666666666667,8.7135,7.701,7.996,9.215,7.363,7.749,5.58525,8.4755,10.234,6.493,12.54,7.7764,5.8135,6.186666666666667,6.585,3.51,7.201,8.64,7.819,11.438,6.969,5.747,5.636,7.816,8.771,7.4725,5.922499999999999,6.036666666666666,8.2405,5.409000000000001,9.31,9.383,8.39625,11.156,8.1935,7.5745,6.538,10.541,9.157,6.381,6.442333333333333,5.3455,6.509333333333334,8.81,8.07,7.393,7.053,9.755,5.9625,8.36025,7.808666666666666,7.121,CONTROL
6.0073333333333325,4.14,7.3545,5.089,8.396,7.239000000000001,8.7325,8.345,5.906,7.838999999999999,9.847,7.306333333333334,10.934,7.541,12.419,8.014,7.087,12.83975,7.437,8.207,7.968,7.9505,7.134,8.499,6.102,9.356000000000002,8.686,6.49,8.997,6.835,6.8515,6.998,6.04,7.65425,7.451999999999999,8.527,6.11175,4.8215,5.393,9.0305,11.003,8.282,8.603,8.4305,10.402,5.453,7.703,7.515333333333333,8.4955,7.743,8.012,9.497,7.547,8.143,5.6975,8.505500000000001,10.452,6.6925,12.587,7.9056,5.811,6.308333333333334,6.543,3.5102,6.813,9.116,7.643,11.514,6.0635,5.513,5.984,8.086,9.442,7.6115,5.710000000000001,6.238,8.470500000000001,6.4005,8.952,9.517,8.4365,11.225,8.4885,7.4595,6.6145,10.743,9.142,6.03,6.510333333333333,5.291,6.740666666666667,9.139666666666669,7.812,7.489,7.601,9.517,6.071000000000001,8.25525,7.824333333333333,7.056,CONTROL
6.276666666666667,4.299,6.7545,5.27,8.117,7.236000000000001,8.508,8.489,6.272,7.7585,9.404,7.0488333333333335,10.947,7.711,12.606,7.611,6.883,12.805,6.922,7.988,7.888,7.797000000000001,6.6865000000000006,8.153,5.95675,9.037,8.218,6.506,9.066,6.933,6.7595,6.941333333333333,5.678,7.422499999999999,7.516666666666666,8.798,5.54675,4.3405000000000005,5.736,8.607,10.912,8.197,8.335,8.0655,10.3,5.479,7.474,7.306999999999999,8.3885,7.653,7.777,9.225,7.464,7.99,5.6392500000000005,8.477,10.109,6.523,12.7405,7.6454,5.6995000000000005,6.259,6.348,3.7004,6.393,8.828,7.367,11.389,6.44,5.4,5.943,7.804,9.285,7.522,5.6765,5.728000000000001,8.338,6.0095,8.796,9.032,8.592749999999999,11.4,8.2385,7.361000000000001,6.466,10.516,9.239,6.055,6.511666666666667,5.545249999999999,6.417999999999999,8.895000000000001,7.537,7.131,7.3925,9.031,6.025833333333334,8.118,7.230333333333333,6.989666666666667,CONTROL
6.206,4.066,7.1315,4.997,8.591,7.7705,8.8015,8.879,6.42,8.224499999999999,10.053,7.502833333333332,11.324,8.199,12.45,8.084,7.631,12.98975,7.298,8.531,8.34,7.833500000000001,6.9695,8.199,6.128,9.8625,8.839,7.129,9.067,7.377333333333333,6.765,7.099333333333334,6.206,8.2,7.629,9.454,6.266249999999999,5.3335,5.986,8.905000000000001,11.473,8.538,9.09,8.42325,10.598,5.974,7.81,7.433666666666666,8.765,7.933,8.095,9.783,7.662,8.4405,5.793749999999999,9.0345,10.425,6.9015,12.6585,8.349599999999999,6.3115000000000006,6.401,6.912,3.4092,7.212,9.569,7.819,11.951,6.167999999999999,5.475,5.8085,8.588,9.458,7.6465,6.124499999999999,6.332999999999999,8.6815,6.523,9.135,9.397,8.78025,11.441,8.637,7.747999999999999,6.904,11.055,9.511,6.122,6.730999999999999,5.35025,6.9510000000000005,9.432666666666668,8.076,7.519,7.8105,9.223,6.221,8.26875,7.771333333333334,7.139333333333333,CONTROL
6.0343333333333335,4.14,6.996,5.092,8.49,6.7965,8.5715,8.364,6.364,7.869,9.556,7.371166666666666,10.875,8.084,12.591,7.978,7.394,13.1275,7.167,8.331,7.958,7.6195,6.646000000000001,8.352,5.894,8.9185,8.649,6.662,8.908,6.805,6.813000000000001,6.9383333333333335,5.97,7.50975,7.507666666666666,9.012,5.8885,4.706,5.674,8.8035,11.311,8.086,8.202,7.99,10.504,5.661,7.21,7.502,8.266,7.692,8.065,9.226,7.059,8.103,5.6745,8.575,10.095,6.7330000000000005,12.843,7.7948,5.764,6.264666666666667,6.343,3.7606,7.036,9.262,7.466,11.55,6.092499999999999,5.23,6.0205,8.354,9.078,7.617,5.5120000000000005,6.411333333333334,8.591000000000001,6.016,9.046,9.466,8.839,11.37,8.211500000000001,7.4405,6.6045,10.759,9.38,6.216,6.183666666666667,5.29025,6.4446666666666665,8.898666666666665,7.595,7.289,7.297,9.741,5.947333333333333,8.14075,7.346333333333334,7.121333333333332,CONTROL
7.537666666666666,4.733,7.141,5.093,8.544,7.0695,8.37,8.3,6.619,8.165,9.71,6.893,11.086,7.582,12.237,7.801,7.562,12.73575,7.096,8.252,8.152,7.7855,6.621499999999999,8.414,5.90825,9.2785,8.377,6.869,9.203,7.032333333333334,6.811,7.112333333333333,5.7170000000000005,7.42525,7.532333333333334,9.272,6.14675,4.9375,5.87,8.431000000000001,11.123,8.191,8.594,7.85225,10.493,6.002,7.177,7.167999999999999,8.5305,7.847,8.093,9.2,7.149,7.6895,5.7035,8.591999999999999,10.393,6.7620000000000005,12.518,7.784999999999999,6.123,6.146666666666666,6.336,3.6652,6.983,8.751999999999999,7.667,11.233,7.444,5.531,5.785,8.497,8.727,7.358,5.904,5.835999999999999,8.117,5.8685,9.234,9.231,8.3615,10.712,8.125,7.608,6.617,10.49,9.017,6.012,6.480333333333333,5.27075,6.538,8.800333333333333,7.928,7.555,7.2035,9.507,5.930499999999999,8.28775,7.703333333333333,7.261333333333333,CONTROL
6.432,4.34,6.686999999999999,5.361,8.286,7.2255,8.649000000000001,8.373,6.89,7.874499999999999,9.479,7.081166666666667,10.864,7.647,12.234,7.9705,7.238,12.60675,7.193,8.013,7.664,7.639,6.7935,8.116,6.004,9.3165,8.243,6.811,8.864,7.064,7.0245,7.013000000000001,5.537000000000001,7.418,7.318666666666668,8.877,6.0635,4.721500000000001,6.298,8.629,10.836,7.956,8.316,7.88275,10.243,6.261,7.449,7.191666666666666,8.352,7.612,8.036,8.987,7.455,7.7585,5.74175,8.4565,10.285,6.6525,12.361,7.8506,5.857,6.642,6.174,3.5538,6.89,8.6005,7.411,11.231,6.753,5.863,5.8625,7.776,9.06,7.311999999999999,5.8475,5.93,8.3845,5.7085,8.737,9.202,8.27375,10.92,8.109,7.4655,6.4795,10.487,9.077,6.073,6.440333333333334,5.398,6.413666666666667,8.764666666666667,7.769,7.572,7.201499999999999,9.424,6.033,8.2425,7.431333333333334,7.106000000000001,CONTROL
7.751,4.455,7.3955,4.961,8.658,7.499,8.8095,8.902,6.251,7.634,10.223,6.933166666666666,11.639,8.527,12.547,8.211,7.681,12.934,7.517,8.636,8.352,7.9885,7.1055,8.798,6.1115,10.149,9.125,7.084,9.395,7.597,7.119,7.266333333333333,6.135,7.83,8.100333333333333,9.623,6.2175,5.801,5.817,9.224,11.859,8.442,9.214,8.59375,10.765,5.54,7.985,7.717666666666666,8.9515,8.235,8.357,9.313,8.319,8.379999999999999,6.02525,9.067,11.036,6.3955,12.9555,7.3914,5.315,6.597666666666666,6.798,3.3432000000000004,7.337,9.153,7.912,11.912,6.6005,5.642,5.7125,8.613,10.186,7.6585,5.885,6.512666666666667,8.686,6.72,9.456,9.908,8.743,11.551,8.635,7.798,6.973000000000001,11.119,9.609,6.953,6.424333333333333,5.07925,6.966666666666666,9.258666666666668,8.256,7.676,7.885499999999999,9.88,6.100666666666666,8.4475,7.75,7.298999999999999,CONTROL
6.185,4.126,7.2175,5.435,8.466,7.141,8.676,8.406,6.332,7.617,9.667,7.150666666666666,11.125,7.459,12.435,8.100999999999999,7.734,12.806,7.004,8.025,8.048,7.6585,6.8055,8.275,5.8,8.882,8.929,6.588,8.738,6.822333333333333,6.5365,6.999666666666667,5.734500000000001,7.4445,7.307666666666666,9.018,5.9395,5.767,5.437,8.777000000000001,11.397,8.281,8.546,8.21125,10.209,5.183,8.027,7.661333333333334,8.265,7.564,8.281,9.231,7.552,7.9655,5.72575,8.4035,10.391,6.501,12.7035,7.863200000000001,6.0365,6.003666666666667,6.298,3.3922,7.069,8.7675,7.582,11.618,6.5185,5.466,5.6425,7.704,9.506,7.5725,5.7975,6.2876666666666665,8.2325,6.4575,8.921,9.538,8.2025,11.063,8.177,7.624499999999999,6.582000000000001,10.316,8.89,6.728,6.359999999999999,5.31975,6.409666666666666,8.777333333333333,7.708,7.591,7.299,9.028,6.0393333333333326,8.288,7.768333333333333,7.182333333333333,IPD
6.566666666666666,4.833,7.006,4.994,8.168,6.848000000000001,8.832,8.167,6.834,7.798,9.439,6.709666666666667,11.006,6.811,12.927,7.753500000000001,7.015,12.2885,6.537,7.627,6.869,7.657999999999999,6.536,8.128,5.774,8.982500000000002,8.083,6.688,8.834,6.649,6.6115,6.390666666666667,4.896000000000001,6.9435,7.668666666666667,9.136,6.1285,5.747,5.982,7.784,11.328,7.912,8.239,7.7605,9.285,6.16,7.938,7.420999999999999,8.2655,6.94,7.828,9.166,6.783,7.4975,5.686249999999999,8.340499999999999,10.347,6.445,12.9485,7.5562,5.557,6.399666666666666,6.251,3.451,6.847,8.786999999999999,7.361,10.249,6.685,5.633,5.3215,7.336,9.565,7.978,5.686,6.0120000000000005,7.959,6.1240000000000006,8.941,9.092,7.95725,10.97,7.605,7.024,6.631,10.16,8.11,6.534,6.606999999999999,5.19825,6.162,8.712333333333333,7.176,7.05,6.8695,9.723,6.4385,8.0175,7.252333333333333,7.169999999999999,CONTROL
7.056666666666668,3.985,7.5815,4.617,8.553,7.16,8.371500000000001,8.457,6.215,8.0435,9.506,7.138333333333333,11.074,7.198,12.426,8.1175,6.767,12.7405,7.036,8.145,7.637,7.7925,6.794,8.421,5.859500000000001,8.905000000000001,8.86,6.729,9.119,6.598333333333334,7.257000000000001,7.080333333333333,6.1775,7.068,7.872333333333334,9.255,6.3075,5.097,5.369,8.8225,11.496,8.031,8.699,8.27225,10.178,5.425,7.531,7.568666666666666,8.524000000000001,7.693,8.271,9.394,7.836,8.0015,5.793,8.396999999999998,10.827,6.5600000000000005,12.673,7.7512,5.6845,6.211333333333333,6.484,3.402200000000001,7.029,9.074,7.582,11.568,6.265499999999999,5.745,5.7975,7.651,10.05,7.871,5.6875,6.500666666666667,8.363,5.995,9.16,9.849,8.26775,10.994,8.0875,7.5935,6.452,10.448,9.019,5.953,6.508666666666667,5.26075,6.463666666666668,8.802999999999999,7.835,7.699,7.6225,9.633,6.0595,8.41025,7.741333333333333,7.166333333333334,IPD
7.471666666666667,4.573,7.625500000000001,5.537,8.536,7.6625,8.4855,8.388,7.007,8.048,10.161,7.163166666666666,11.394,8.067,12.472,8.0105,7.525,12.7715,7.678,8.541,8.045,7.8575,7.0075,8.518,6.18575,9.5775,8.827,7.24,9.233,7.226666666666667,6.9735,7.504,6.3175,7.66675,7.837,9.513,6.07975,5.005,6.422,8.8625,11.545,8.563,8.889,8.475249999999999,10.803,6.381,7.861,7.198333333333333,8.7365,7.77,8.466,9.572,8.201,7.78,5.77675,8.8855,10.826,6.8185,12.5585,8.0012,6.336,6.59,6.854,3.4266,7.337,8.868,8.025,11.696,7.567,5.744,5.5275,7.995,9.623,7.5125,6.002000000000001,6.756,8.5085,6.27,9.368,9.425,8.56075,11.132,8.421,7.6955,7.1530000000000005,10.755,9.515,6.528,6.634666666666667,5.28525,6.739999999999999,9.48,8.229,7.803,7.648,9.836,6.164166666666667,8.533,8.174333333333333,7.221333333333334,IPD
5.932666666666667,4.377,6.924,4.771,8.448,7.0685,8.7025,8.041,6.07,7.732,9.517,6.8741666666666665,10.875,7.369,12.159,8.138,7.075,12.686,6.308,8.213,8.002,7.883,6.775499999999999,7.94,5.815250000000001,9.095,8.661,6.675,8.71,6.789000000000001,6.897,6.831,6.0775,7.46375,7.609333333333333,9.107,6.068,5.896000000000001,5.31,8.623999999999999,11.183,8.353,8.443,7.9185,10.175,4.997,7.632,7.183333333333334,8.466000000000001,7.466,7.944,9.072,7.383,7.773999999999999,5.6475,8.381,10.342,6.549,12.3605,7.6688,5.7115,5.882666666666666,5.996,3.5768,7.18,8.821,7.496,11.317,5.7125,5.616,6.0225,8.302,9.51,7.603,5.8805,6.079000000000001,8.4415,6.0845,9.092,9.436,8.213999999999999,10.943,7.7925,7.505000000000001,6.5760000000000005,10.549,9.019,6.478,6.424666666666667,5.34675,6.389333333333333,8.714333333333334,7.695,7.576,7.413500000000001,9.159,6.184,8.218,7.732333333333333,6.879333333333334,IPD
7.318,3.879,6.946999999999999,5.014,8.758,7.176500000000001,8.6565,8.672,6.071,8.2735,9.992,7.359666666666667,11.297,7.871,12.499,7.9695,7.464,13.033,7.448,8.658,8.259,7.923500000000001,6.891,8.482,6.12225,9.556,8.64,6.901,9.2,7.378666666666667,7.399999999999999,7.566666666666666,6.1530000000000005,7.5785,7.954333333333333,9.393,6.308,4.554,5.613,8.776,11.458,8.495,8.824,8.2465,10.736,5.707,7.73,7.591666666666666,8.806000000000001,7.937,8.329,9.357,7.93,8.115,5.93875,8.6645,10.743,6.781499999999999,12.806,8.0518,6.1965,6.227333333333333,6.623,3.5112,7.275,9.053999999999998,7.594,11.472,7.18,5.559,5.7835,8.393,9.567,7.65,5.7995,6.156,8.497,6.323,9.356,9.547,8.56875,11.066,8.6435,7.67,6.7745,10.815,9.562,6.564,6.385333333333333,5.2605,6.579666666666667,8.860333333333335,8.086,7.663,7.419,10.151,5.979499999999999,8.384,7.975,7.248,IPD
6.107666666666667,3.988,7.385,4.848,8.696,7.359,8.781500000000001,8.703,5.801,8.2905,10.148,7.397666666666667,11.564,8.279,12.408,8.267,7.304,12.82925,7.369,8.408,8.503,7.83,7.096499999999999,8.335,6.186,9.718,9.076,6.996,9.127,7.359999999999999,7.3495,7.699333333333333,6.0785,7.694,8.132666666666667,9.52,6.07475,5.6345,5.238,9.356,11.795,8.531,8.862,8.73875,10.695,5.415,7.807,7.826,8.958,8.005,8.35,9.736,7.093,8.152,5.75425,8.7975,10.492,6.666,12.734,8.092600000000001,5.972,6.402333333333334,6.796,3.6704,7.433,9.283,7.662,12.04,6.4385,5.839,5.894,8.195,10.083,7.7035,6.1185,6.491666666666667,8.6945,6.68,9.233,9.443,8.861,11.461,8.352,7.625500000000001,6.994,10.974,9.769,6.929,6.541999999999999,5.0795,6.676333333333333,9.574666666666666,8.31,7.536,7.3935,9.754,6.3355,8.47125,8.100333333333333,7.194333333333333,CONTROL
6.64,4.372,7.1675,5.455,8.252,7.0555,8.5405,8.524,6.237,7.6935,9.661,7.184666666666666,10.891,7.602,12.234,7.7055,7.294,12.67275,6.906,8.008,7.823,7.849,6.439,8.206,5.986,9.16,8.539,6.73,8.973,6.892333333333333,6.8115000000000006,6.978666666666666,6.007,7.440749999999999,7.553,8.931,5.976,5.249,5.348,8.664,11.055,8.094,8.305,7.967,10.371,5.883,7.37,7.180666666666666,8.3315,7.622,7.711,9.304,7.477,7.612999999999999,5.57075,8.454,10.2,6.6335,12.494,7.432600000000001,6.152,6.1323333333333325,5.94,3.6832,6.676,8.8695,7.447,11.334,6.9095,5.594,5.586,7.905,10.245,7.5055,5.726,6.306333333333334,8.434999999999999,5.7575,8.994,8.91,8.58225,11.118,8.262,7.364000000000001,6.852,10.554,9.023,6.162,6.401666666666666,5.23225,6.620333333333334,8.890666666666666,7.72,7.329,7.3905,9.079,6.105166666666666,8.217,7.243333333333333,7.241666666666667,CONTROL
6.021999999999999,4.004,7.1625,4.94,8.32,6.9465,8.442499999999999,8.52,6.193,7.385,9.59,6.8261666666666665,10.953,7.783,12.55,7.438000000000001,7.226,12.91475,6.898,8.069,7.711,7.947,6.7625,8.248,6.077,9.133,8.431,6.755,9.161,6.838,6.931000000000001,6.837666666666666,5.839,7.3745,7.586333333333333,9.001,5.9135,5.1715,5.701,8.81,11.137,8.163,8.592,8.13025,10.318,6.109,8.218,7.32,8.669,7.336,7.981,9.256,6.999,7.891,5.74475,8.5165,10.076,6.4535,12.594,7.2732,5.5215,6.05,5.978,3.6876000000000007,6.706,8.9595,7.477,11.429,6.656000000000001,5.218,5.8965,8.417,8.18,7.374,5.8075,5.983999999999999,8.3985,5.893000000000001,8.977,9.608,8.17525,11.109,8.395,7.5095,6.5355,10.312,9.279,5.586,6.479666666666667,5.395,6.737333333333333,8.542666666666667,7.599,7.267,7.31,9.214,5.931333333333334,8.19075,7.666666666666667,7.148,CONTROL
6.5683333333333325,3.601,7.2395,4.676,8.822,7.1355,8.4515,8.387,6.153,8.163,9.761,7.133,11.286,7.785,12.621,8.1565,7.335,13.04775,7.304,8.574,8.096,7.9035,6.8580000000000005,8.576,6.178,9.109,8.861,6.954,9.475,7.049,7.031,7.235666666666667,6.004,7.49625,7.937333333333334,9.32,6.1005,4.87,5.895,8.625,11.662,8.486,8.781,8.1785,10.589,5.707,7.698,7.445333333333333,8.886,7.592,8.394,9.372,7.61,8.106,5.82975,8.617,10.831,6.778499999999999,12.9345,7.759,6.1045,6.404333333333333,6.757,3.883,7.153,9.1745,7.778,11.778,6.558,5.935,5.76,8.193,10.216,7.59,5.523,6.196333333333333,8.5655,6.019,9.594,9.777,8.5125,11.354,8.2305,7.493,6.9315,10.708,9.452,6.277,6.441,5.0085,6.536666666666666,9.328666666666669,7.799,7.526,7.2405,10.05,6.035,8.28675,7.672999999999999,7.248333333333334,CONTROL
6.728666666666666,4.283,7.25,5.143,8.731,7.1335,8.5185,8.269,6.25,7.857,10.049,7.176333333333333,11.285,7.76,12.34,8.112,7.683,12.96125,7.118,8.331,7.982,7.8525,6.803,8.415,5.92975,9.457,8.796,6.872,9.361,7.465666666666666,6.599,7.308333333333334,6.0760000000000005,7.64375,7.713666666666666,9.264,6.0185,5.407,5.726,8.7525,11.452,8.375,8.858,8.11525,10.571,5.535,7.365,7.294999999999999,8.606,7.931,8.142,9.511,7.37,7.826,5.72875,8.5815,10.545,6.6785,12.6825,7.844200000000001,5.971,5.783666666666666,6.446,3.7874,7.236,9.0255,7.851,11.662,6.4305,5.562,6.1465,8.156,9.24,7.641,5.5265,6.248333333333332,8.4215,5.8005,9.394,9.535,8.63725,11.153,8.459,7.491999999999999,6.927,10.731,8.918,6.577,6.477333333333334,5.39275,6.666666666666667,9.146666666666668,8.08,7.559,7.188,9.621,5.861833333333333,8.3995,7.761666666666667,7.262666666666667,CONTROL
6.773666666666666,4.51,7.268499999999999,4.777,8.927,7.635999999999999,8.85,8.236,5.849,8.051,9.88,7.612333333333333,11.427,8.321,12.69,8.7035,7.665,12.98625,7.121,8.685,8.562,7.793,6.907500000000001,8.566,6.0605,10.0175,8.772,6.976,9.459,7.471,7.038,7.447666666666667,6.256,8.036999999999999,8.170666666666667,9.551,6.01175,4.343500000000001,5.609,8.92,11.624,8.47,8.866,8.2975,10.816,5.169,7.331,7.561,8.964,8.06,8.496,9.616,7.364,7.9555,5.9195,8.842500000000001,10.784,6.8865,12.976,8.37,6.193,6.595,6.75,3.4168,7.525,9.3785,7.861,11.812,6.823,5.773,5.8835,8.478,9.723,7.7,5.8825,6.492999999999999,8.661,6.3815,9.272,9.588,9.08725,11.168,8.3995,7.8705,7.072,10.964,9.518,6.818,6.709333333333333,5.1355,6.68,9.270333333333332,8.236,7.574,7.823499999999999,10.822,6.379166666666666,8.402750000000001,7.819666666666666,7.260666666666666,CONTROL
8.837666666666667,4.041,7.6745,5.635,9.122,7.7235,8.698,8.893,6.43,7.987500000000001,10.124,7.1001666666666665,11.82,8.446,12.104,8.047,6.921,12.903,7.225,9.3,7.613,7.7775,7.037,8.401,6.34675,9.7145,9.593,7.396,9.732,7.211333333333333,7.2705,6.933,6.069,7.4995,8.383666666666668,9.924,6.49175,5.2515,5.213,9.1295,12.132,9.025,9.264,8.63225,10.417,5.762,8.362,7.31,9.339,8.641,8.549,9.853,7.65,7.596999999999999,5.71775,8.766,10.919,6.893000000000001,12.926,7.9654,5.925000000000001,6.346333333333334,7.207,3.639,7.865,9.689,7.853,11.541,7.49,5.755,5.465,8.757,10.132,7.3725,5.808,6.867666666666668,8.8015,6.0165,9.725,10.24,8.7945,11.415,8.5695,7.6715,6.8735,10.879,9.639,7.368,6.357666666666667,4.706,6.926333333333333,9.725,8.491,7.716,7.1775,10.84,6.373333333333334,8.42275,8.409,7.704333333333333,IPD
6.597333333333334,4.344,7.425499999999999,5.47,8.504,7.6395,8.898,8.478,6.858,8.3325,10.066,7.602666666666667,11.25,8.364,12.452,8.7045,7.783,12.7435,7.205,8.539,8.335,7.8955,6.9075,8.359,6.29175,9.663,8.467,7.336,9.248,7.361333333333333,7.407500000000001,7.228000000000001,5.7805,7.8995,7.802333333333333,9.442,6.03225,4.9635,6.013,8.924,11.359,8.303,8.777,8.4375,10.572,5.771,7.995,7.673999999999999,8.658999999999999,7.772,8.381,9.701,7.85,8.045,5.9830000000000005,8.8215,10.65,6.7425,12.6075,8.2372,6.221500000000001,6.852666666666667,7.055,3.5584,7.392,8.932500000000001,7.683,11.67,6.5375,6.247,5.545,8.084,10.542,7.4155,6.267,6.571666666666666,8.5465,6.8995,9.098,9.365,8.97,11.003,8.6695,7.8245,7.066000000000001,10.802,9.362,6.947,6.748,5.11025,6.684666666666666,9.438,8.016,7.537,7.781000000000001,9.894,6.668333333333333,8.475999999999999,7.760000000000001,7.283,CONTROL
6.758333333333333,4.264,7.728,5.062,9.03,7.5735,8.8855,8.975,6.446,8.1925,10.028,7.73,11.693,8.161,12.68,8.8625,7.732,13.019,7.296,8.572,8.539,7.9165,7.1205,8.514,6.18075,9.5745,9.305,7.099,9.223,7.204666666666667,7.468,7.352,6.126,8.42225,8.124666666666668,9.635,6.5045,5.5625,5.596,8.948,11.948,8.186,9.209,8.558,10.728,5.995,7.82,7.811333333333333,9.193,8.053,8.722,9.819,7.852,8.486999999999998,5.949,8.814499999999999,10.802,6.853,13.113499999999998,8.5076,6.257,6.396666666666667,6.578,3.5612000000000004,7.337,9.5375,7.79,12.159,6.7490000000000006,5.843,5.6525,8.495,10.107,7.933,5.772,6.583333333333333,8.747,6.8075,9.447,9.761,9.01525,11.319,8.716999999999999,7.7985,6.95,11.104,9.227,6.731,6.558333333333334,5.255,6.504666666666666,9.060333333333334,8.132,7.656,7.683999999999999,10.953,6.616166666666667,8.58275,7.672333333333333,7.322666666666667,CONTROL
6.910333333333334,3.984,7.041,5.26,8.427,7.089,8.347999999999999,7.913,6.598,7.771,9.754,6.988,11.154,7.676,12.091,7.4435,6.944,12.5715,7.248,8.136,8.063,7.563,6.302,8.469,5.97675,9.391,8.469,6.742,9.252,6.666666666666667,6.9365,7.296333333333333,5.8525,7.057,7.761333333333333,8.941,6.05175,4.383,6.393,8.530999999999999,11.08,8.205,8.695,8.002,10.536,6.581,7.232,7.142333333333333,8.595500000000001,7.661,7.849,9.175,7.383,7.3405,5.643000000000001,8.599499999999999,10.407,6.567,12.5285,7.681,6.009,6.1546666666666665,6.474,3.7208,6.809,8.664,7.567,11.44,7.2085,5.438,6.067,7.834,9.713,7.4175,5.893,6.488,8.389,6.356,9.331,9.231,8.47125,10.89,8.1095,7.387,6.8005,10.565,8.905,5.531,6.555666666666667,5.61925,6.663,8.952333333333334,8.351,7.616,7.0200000000000005,9.737,6.043833333333333,8.26375,7.729333333333334,7.236666666666667,CONTROL
8.450333333333333,5.653,7.524500000000001,5.239,8.696,7.6705,8.8545,8.872,6.72,8.4,9.974,7.561333333333334,11.572,8.163,12.661,8.811,7.772,12.91575,7.406,8.497,8.574,7.9125,6.859,8.62,6.216,9.9665,9.02,7.2,9.229,7.365666666666667,7.3265,7.453666666666667,6.0,8.16425,7.997666666666667,9.498,6.183249999999999,4.4985,6.321,8.882000000000001,11.791,8.448,9.066,8.61625,10.58,6.397,8.059,7.670000000000001,8.924,7.939,8.538,9.749,8.19,8.1545,5.86,8.9815,10.676,6.768,13.0585,8.3856,6.0525,6.810666666666667,6.726,3.5806,7.522,9.327,7.691,11.962,7.302,5.837,5.6605,8.419,10.602,7.9045,5.9635,6.624666666666666,8.7655,6.902,9.389,9.618,8.871,11.536,8.5475,7.819,6.892,11.011,9.783,6.974,6.514333333333333,5.292,6.495666666666666,9.518666666666666,8.336,7.508,7.7745,10.631,6.518833333333333,8.4665,7.924,7.283,IPD
6.5760000000000005,3.984,7.079,5.343,8.385,7.1205,8.115,8.365,6.435,7.830999999999999,9.627,6.8918333333333335,11.188,7.351,12.391,7.207,6.857,12.691,7.284,7.839,7.455,7.6675,6.416,8.282,5.72825,9.149,8.646,6.378,9.353,6.697,6.7330000000000005,6.987333333333333,5.498,7.21275,7.501333333333332,8.969,5.92525,5.626,5.985,8.6105,11.467,8.481,8.627,7.99825,10.307,5.711,7.494,7.276333333333333,8.698,7.383,8.177,9.411,7.287,7.8195,5.6525,8.4375,10.288,6.305,12.5945,7.396800000000001,6.1115,6.056333333333334,6.448,3.6054,6.745,8.75,7.669,11.642,6.613,5.537,5.7235,7.752,8.793,7.512499999999999,5.7895,6.085999999999999,8.159,5.7355,9.266,9.425,8.070500000000001,11.115,8.221499999999999,7.288,6.733,10.37,9.11,6.326,6.4703333333333335,5.3420000000000005,6.547666666666667,8.783,8.001,7.536,7.458,10.088,5.7683333333333335,8.4505,7.478000000000001,7.117333333333334,IPD
6.535333333333334,4.725,7.4245,4.918,8.943,7.445,8.765,8.936,6.409,8.392,10.208,7.592666666666666,11.51,7.873,12.551,8.587,7.81,13.036,7.053,8.358,8.295,7.827500000000001,6.917,8.381,5.95325,9.292,9.04,7.21,9.271,7.396000000000001,7.266999999999999,7.47,6.504,7.85775,8.103,9.472,6.3125,6.151,5.987,8.9905,11.895,8.046,9.047,8.295,10.54,5.664,7.513,7.678,8.995000000000001,7.657,8.705,9.6,7.353,8.3295,5.96275,8.616,10.804,6.8955,12.983,8.3206,6.083,6.4863333333333335,6.658,3.5996,7.34,9.155,7.773,11.965,6.6345,5.663,5.5745000000000005,8.627,9.665,7.6525,6.313,6.381666666666667,8.357,6.7585,9.303,10.088,8.53425,11.203,8.383,7.830500000000001,6.9145,10.856,9.491,6.25,6.714666666666666,5.0440000000000005,6.855,9.074666666666667,8.188,7.706,7.3065,9.857,6.1815,8.515,7.706,7.259333333333333,CONTROL
6.1946666666666665,4.153,7.041,5.06,8.594,7.500999999999999,8.642999999999999,8.449,6.147,7.925,9.844,7.1125,11.124,7.601,12.421,7.8945,7.541,12.7525,6.755,8.039,8.139,7.6005,6.8285,8.161,5.906,9.4905,8.666,6.817,9.069,7.025,6.852,7.068666666666668,6.077999999999999,7.53975,7.755333333333333,9.234,5.94775,4.8375,5.288,8.546,11.283,7.985,8.597,8.37825,10.285,5.686,7.339,7.360666666666667,8.4605,7.693,8.153,9.412,7.691,8.006,5.796,8.5155,10.427,6.660500000000001,12.5975,7.927,5.8155,6.405,6.679,3.5746,6.663,8.927499999999998,7.562,11.67,6.3015,5.599,5.8805,7.821,9.845,7.671,5.7755,6.295000000000001,8.5305,6.2780000000000005,8.853,9.249,8.493,11.212,8.220500000000001,7.648999999999999,6.462,11.023,8.877,6.219,6.553333333333334,5.29425,6.718666666666668,9.065333333333331,7.719,7.637,7.2445,9.567,6.182166666666666,8.3425,7.555666666666667,7.116,CONTROL
6.613333333333333,4.819,7.1785,5.732,8.733,7.359999999999999,8.676,8.933,6.966,7.536999999999999,9.618,7.302333333333333,11.022,7.554,12.693,8.711,7.861,12.8755,6.544,8.163,8.111,7.521,6.8325,7.949,6.093500000000001,9.129,9.072,6.611,8.621,6.530333333333334,6.58,6.958666666666666,5.7,7.249,7.733666666666667,9.244,5.8675,5.2675,6.527,8.2505,11.778,7.697,8.706,8.44225,10.066,6.073,8.092,7.597666666666666,8.687000000000001,7.504,8.138,9.295,6.67,7.9155,5.849,8.2675,10.224,6.4415,13.0335,7.890000000000001,5.7405,6.396666666666666,6.441,3.4376,6.691,9.0835,7.289,11.921,6.2745,5.963,4.8835,8.184,9.914,7.713,5.728,6.2026666666666666,8.213000000000001,6.705500000000001,8.42,9.31,8.4585,11.422,8.124,7.289,6.565,10.5,9.133,6.266,6.491666666666667,4.41225,6.207,8.751,7.257,6.983,7.4895,10.788,6.766166666666667,8.19725,7.302,7.027666666666666,IPD
6.907333333333334,4.294,7.0535,6.123,8.962,7.3555,8.6035,8.305,7.214,7.606,10.153,7.006666666666667,11.347,7.713,12.595,8.419,7.418,12.788,7.51,8.353,8.15,7.673,6.7935,8.461,5.98625,9.666,8.702,6.548,9.354,6.915666666666667,6.895,7.250666666666667,6.236,7.9085,7.785666666666667,9.228,6.02275,5.872999999999999,6.719,8.58,11.642,8.239,9.032,8.2015,10.655,7.268,8.121,7.309,8.879000000000001,7.888,8.518,9.846,7.415,7.8385,5.78325,8.74,10.273,6.7565,12.9275,8.163,6.037,6.001333333333334,6.752,3.6698,7.496,9.209499999999998,7.775,11.957,7.336,5.313,5.9415,7.829,9.557,7.648000000000001,5.9615,6.3103333333333325,8.46,6.6080000000000005,9.356,9.335,8.4755,11.153,8.4815,7.4725,6.6825,10.592,9.021,6.541,6.6706666666666665,5.291,6.583000000000001,8.836,8.156,7.643,7.365499999999999,9.664,6.1113333333333335,8.475999999999999,7.714333333333333,7.335,CONTROL
6.992333333333334,4.646,7.365,5.02,8.855,7.625500000000001,8.687,8.551,6.13,8.166500000000001,10.192,7.267333333333333,11.502,7.898,12.778,8.3895,7.747,12.902,7.338,8.107,8.768,7.822,6.6335,8.489,5.984,9.8385,9.113,7.048,9.257,7.478999999999999,7.410500000000001,7.414666666666666,5.898,7.79075,8.131666666666666,9.444,5.9982500000000005,4.964499999999999,5.598,8.735,11.749,8.62,9.057,8.4175,10.826,5.316,7.9,7.553333333333334,8.832,7.784,8.447,9.789,7.431,8.089500000000001,5.796250000000001,8.7365,10.722,6.697,13.032,8.037,6.1935,6.606999999999999,6.694,3.4616,7.175,9.089,8.065,12.057,7.0545,5.826,5.6475,8.102,10.207,7.607,6.047499999999999,6.765666666666667,8.456,6.807,9.34,9.78,8.53425,11.385,8.361,7.7415,6.931,10.849,9.723,6.543,6.462666666666666,5.136,6.5376666666666665,9.151333333333334,8.238,7.803,7.6175,9.936,6.2505,8.47475,7.733999999999999,7.278333333333333,CONTROL
6.756666666666668,4.041,6.556,5.066,8.637,7.192,8.6305,8.434,6.239,8.2455,9.646,6.922000000000001,11.326,7.65,12.408,8.169,7.253,12.753,6.531,8.376,8.231,7.918,6.809,8.173,5.83525,9.3645,8.817,6.77,9.19,6.825666666666667,7.044499999999999,7.184,6.2695,7.75875,7.802666666666667,9.204,6.45125,4.564500000000001,5.442,8.4055,11.45,8.28,8.968,8.1885,10.503,5.79,7.775,7.121666666666667,8.714500000000001,7.685,8.427,9.506,7.875,7.9965,5.762,8.564,10.481,6.743,12.8415,8.044999999999998,6.2615,6.101333333333334,6.396,3.5986,6.877,8.9185,7.539,11.718,6.46,5.41,5.8155,8.214,9.101,7.5885,6.0875,5.983666666666667,8.280999999999999,6.1635,9.327,9.697,8.40025,10.934,8.471499999999999,7.693,6.518000000000001,10.715,9.473,6.236,6.605,5.1805,6.748666666666666,8.690666666666667,7.948,7.623,7.1530000000000005,7.957,6.1055,8.5075,7.902666666666668,7.378666666666667,CONTROL
6.600666666666666,4.2,7.1845,4.467,8.436,7.192500000000001,8.291,8.298,6.595,7.704499999999999,9.884,7.038333333333333,11.03,7.42,12.115,7.5745,7.346,12.7935,7.261,8.192,7.943,7.653499999999999,6.608,8.153,5.82475,8.847000000000001,8.388,6.681,9.418,6.542999999999999,6.933,7.203,5.593,7.23875,7.733666666666667,9.071,6.15225,5.3315,5.501,8.5495,11.21,8.233,8.769,8.16625,10.46,5.867,7.05,7.438333333333333,8.3775,7.702,7.92,9.091,7.685,7.662,5.555,8.464500000000001,10.299,6.6525,12.519,7.843000000000001,5.885,6.367333333333334,6.434,3.6914,7.042,8.958,7.758,11.487,6.724,4.558,5.9245,8.107,9.763,7.6295,5.915,6.178666666666667,8.112,6.0045,9.04,8.602,8.215499999999999,10.816,8.0615,7.4365,6.4385,10.51,9.019,6.161,6.597666666666666,5.106,6.541333333333333,8.535333333333332,7.905,7.452,7.074,9.439,6.129166666666666,8.3465,7.646999999999999,7.005,CONTROL
7.289666666666666,4.724,7.2745,5.499,8.58,6.957000000000001,8.555,8.201,7.112,7.291499999999999,9.753,6.7975,11.075,7.591,12.257,7.7515,7.157,12.6295,6.719,8.262,7.957,7.877000000000001,6.678000000000001,8.2,5.877000000000001,9.0105,8.565,6.762,9.37,6.94,6.9675,6.532333333333334,5.781000000000001,7.22075,7.660333333333334,9.101,6.203,4.470000000000001,5.89,8.308,11.116,8.474,8.74,7.6755,10.475,6.303,7.392,6.951666666666667,8.492,7.491,8.173,9.084,7.624,7.333500000000001,5.75,8.551,10.523,6.4385,12.451,7.5694,5.742,6.039666666666666,6.485,3.4208,7.614,8.773,7.589,11.353,6.8745,5.506,5.8355,7.818,8.941,7.633,6.054,6.0423333333333344,8.116,5.9225,9.257,8.953,8.3035,11.063,8.1455,7.561,6.74,10.561,8.881,6.151,6.5360000000000005,4.9065,6.835,8.925666666666666,7.888,7.714,7.052,9.696,6.291,8.31725,7.962666666666666,7.379666666666666,CONTROL
6.133,3.791,7.1395,4.544,8.576,7.0945,8.3915,8.588,6.205,7.9895,9.729,7.045833333333334,11.101,7.589,12.26,8.1615,7.517,12.6075,6.872,7.966,7.979,7.734,6.5525,8.174,6.0432500000000005,8.9575,8.646,6.882,9.092,6.910666666666667,6.685,7.135000000000001,5.741,7.4085,7.543,8.969,5.94625,5.59,5.509,8.722999999999999,11.498,8.204,8.667,8.18675,10.418,5.821,7.652,7.662666666666666,8.844000000000001,7.31,8.057,9.375,7.941,7.8805,5.8267500000000005,8.4195,10.437,6.553,12.649,7.710599999999999,6.135,6.019666666666667,6.422,3.2378,7.184,8.9645,7.552,11.541,6.418,5.674,5.6835,7.89,9.592,7.6135,5.854,6.425,8.194,6.316,9.123,9.437,8.235499999999998,11.087,8.289,7.294,6.515499999999999,10.422,9.206,6.504,6.592333333333333,4.99875,6.459666666666666,8.731333333333334,7.774,7.276,7.198499999999999,9.458,6.1001666666666665,8.27425,7.530333333333334,7.123333333333332,CONTROL
7.904666666666666,4.444,7.9345,5.491,9.157,7.2675,8.8905,8.721,7.172,7.467499999999999,10.066,7.306999999999999,11.642,8.117,12.77,8.9565,8.079,13.13175,7.638,8.503,8.674,7.768499999999999,7.2445,8.653,5.9805,9.656,9.34,6.986,9.339,7.163333333333334,7.1705000000000005,7.13,6.531,7.82125,8.485666666666667,9.843,6.312250000000001,6.182,5.499,9.138,12.254,8.477,9.198,8.83625,10.816,6.184,8.373,7.737666666666667,9.4105,8.205,8.902,9.686,8.342,8.2345,6.06425,8.6815,11.101,6.5385,13.092,7.8872,5.881,6.603000000000001,6.722,3.4488,7.422,9.465,7.664,12.134,6.9895,5.659,5.3935,9.001,9.632,7.917,5.9375,6.903666666666666,8.6005,6.759,9.493,10.467,8.55775,11.407,8.6345,7.9845,6.7745,11.057,9.837,6.62,6.603666666666666,4.81475,6.934666666666666,9.090666666666666,8.565,7.849,7.442,9.267,6.448833333333333,8.58725,8.199,7.446333333333333,IPD
6.835999999999999,4.372,7.399,5.046,8.275,7.148,8.2945,8.451,6.627,7.297000000000001,9.792,6.514333333333333,11.12,7.783,12.099,7.529,6.946,12.60275,7.453,8.193,7.931,7.7195,6.127,8.285,5.96125,9.052,8.51,6.545,9.232,6.874,6.592499999999999,6.677,5.9445,6.8475,7.746666666666667,9.194,5.94175,4.755,5.986,8.544,11.43,8.167,8.801,8.1915,10.526,6.153,7.524,7.472,8.557,7.899,7.763,9.318,7.316,7.4295,5.624,8.462,10.385,6.224,12.504,7.061400000000001,5.737,6.195,6.607,3.5416,6.847,8.671,7.547,11.456,7.045,5.565,5.596,7.977,8.983,7.4365,5.849,6.048333333333333,8.3875,6.0065,9.197,9.302,8.3535,11.211,8.217,7.2325,6.5355,10.63,9.335,6.66,6.297666666666667,5.4262500000000005,6.776,9.169,8.241,7.409,7.0845,9.329,6.065166666666666,8.34075,8.180666666666665,7.085333333333334,CONTROL
7.216666666666666,4.329,7.1805,5.964,8.662,7.09,8.4725,8.477,7.57,7.9145,9.855,7.072,11.054,7.614,12.452,7.535500000000001,7.392,12.973,7.118,8.18,7.822,7.7345,6.5845,8.232,5.83875,8.991499999999998,8.531,6.597,9.29,6.954999999999999,6.868,7.198,5.859,7.62375,7.674333333333333,8.996,6.103,4.981999999999999,6.474,8.5955,11.416,8.208,8.727,8.354,10.527,7.248,7.423,7.364666666666667,8.6915,7.85,8.128,9.457,7.578,7.773000000000001,5.6275,8.6795,10.521,6.5585,12.709,7.9368,5.8835,6.245666666666666,6.576,3.5727999999999995,6.803,9.1175,7.587,11.679,7.093,5.557,5.7465,7.771,9.728,7.6995,5.8025,6.358666666666667,8.334,5.750500000000001,9.183,9.133,8.49725,11.172,8.3925,7.346999999999999,6.746,10.635,8.886,6.099,6.452000000000001,5.1455,6.681666666666666,8.861666666666666,7.864,7.371,7.265,9.799,5.972666666666666,8.34525,7.620333333333334,7.046333333333333,CONTROL
6.473,4.086,6.7425,4.937,8.597,7.224,8.255500000000001,8.32,6.265,7.715,9.677,6.871666666666667,11.127,7.3,12.264,7.762499999999999,6.896,12.753,7.129,7.683,7.573,7.750999999999999,6.781499999999999,8.034,6.011,8.969000000000001,8.58,6.359,9.274,6.427333333333333,6.891,6.789999999999999,5.449,7.126,7.610666666666667,8.977,5.7895,4.859,5.659,8.535,11.482,8.194,8.746,8.2675,10.442,6.079,7.857,7.36,8.521,7.391,8.161,9.42,7.031,7.7605,5.5875,8.319500000000001,10.183,6.44,12.6875,7.599000000000001,5.79,6.311,6.378,3.593,6.844,8.946,7.606,11.643,6.9215,5.03,5.9275,7.903,9.149,7.3965,5.6165,5.890666666666667,8.253,6.5115,9.05,9.166,8.2775,11.069,8.1515,7.126,6.477,10.289,9.204,5.858,6.442,5.3355,6.400333333333333,8.628333333333332,7.74,7.28,7.139,9.989,5.859666666666667,8.39425,7.383,7.011,CONTROL
6.582000000000001,4.077,6.4775,5.235,8.091,6.872999999999999,8.1725,7.629,6.501,7.234999999999999,9.195,6.281,10.657,6.965,12.253,7.0355,6.778,12.53725,6.532,7.528,7.46,7.729,6.2465,7.836,5.60975,8.7845,8.107,6.185,8.917,6.2043333333333335,6.8095,6.728666666666666,5.4275,6.7645,7.208666666666666,8.255,5.44475,4.326499999999999,5.686,7.679,10.53,7.897,8.057,6.9185,10.138,5.704,7.132,6.512333333333333,8.2,6.726,7.384,8.947,6.281,7.023,5.48125,8.2,9.557,5.9575,12.423,7.130800000000001,5.131,5.433333333333334,6.152,3.7014,6.081,8.213000000000001,7.29,10.756,6.5585,5.277,6.082000000000001,7.078,7.418,7.009,5.752,5.391333333333333,7.954499999999999,5.2445,8.743,8.518,7.89475,10.471,7.891999999999999,7.162,6.2085,9.681,8.663,5.058,6.039999999999999,5.6,6.077999999999999,8.120333333333333,7.32,7.488,7.0245,9.625,5.739,8.267,7.233666666666667,6.904333333333334,CONTROL
7.431999999999999,4.03,6.716,5.026,7.886,7.131,7.8825,7.775,6.413,7.5165,9.24,6.403666666666666,10.641,6.865,11.572,7.09,7.005,12.23525,6.655,7.713,7.258,8.0635,6.357,8.333,5.84625,9.123,7.918,6.477,9.24,6.484999999999999,6.228,6.710999999999999,5.6240000000000006,6.5665,7.224333333333334,8.61,5.5752500000000005,4.473,6.019,7.978,10.723,8.172,8.073,6.99325,9.855,5.986,6.948,6.640666666666667,8.053,6.794,7.646,9.091,7.609,7.0855,5.4765,8.293,9.697,6.31,11.8415,6.742400000000001,5.48,5.840333333333334,6.728,3.6082,6.849,8.256,7.687,10.899,6.991,5.474,5.875,7.348,8.787,7.1715,5.769500000000001,5.814666666666667,7.958500000000001,5.246499999999999,8.729,8.178,7.845499999999999,10.776,7.749,7.0920000000000005,6.531,9.784,8.894,6.47,6.398000000000001,5.4745,6.103333333333333,9.109,7.349,7.572,6.7075000000000005,9.418,6.054666666666667,8.17,7.688666666666667,6.981333333333333,CONTROL
7.096666666666667,4.265,6.635,5.49,8.534,6.8145,8.073,8.116,6.63,7.4695,9.661,6.923000000000001,10.541,7.258,11.918,7.112500000000001,6.992,12.8295,6.414,8.101,7.639,7.546,6.132,7.989,5.9052500000000006,8.923,8.223,6.17,9.163,6.763000000000001,6.593,6.871333333333333,6.0175,6.90625,7.351,8.593,5.79275,4.2625,5.612,8.0715,10.851,7.8,8.344,7.54225,10.392,6.083,6.921,6.678666666666667,8.217500000000001,7.101,7.433,9.239,6.726,7.8315,5.4935,8.293,9.937,6.409,12.364,7.2324,5.37,5.608999999999999,6.009,3.819,6.176,8.806000000000001,7.43,11.183,6.413,5.389,5.848,7.453,7.258,7.3715,5.2315000000000005,5.53,8.112,5.266,8.93,8.908,8.217,10.903,7.969,7.1485,6.281499999999999,10.145,8.864,5.759,6.1226666666666665,5.402,6.365666666666667,8.580333333333334,7.484,7.264,6.7855,9.722,5.674666666666667,8.255749999999999,7.515666666666667,7.151666666666666,CONTROL
6.733999999999999,3.972,7.0045,4.934,8.538,7.268499999999999,8.3025,8.531,6.007,7.823,9.941,7.075833333333333,11.268,7.561,12.266,7.6665,7.091,12.8075,7.228,8.295,8.199,7.729,6.784,8.473,5.8705,9.2515,8.459,6.508,9.402,6.6930000000000005,6.719,7.169333333333333,6.2895,7.322,7.919,9.253,5.9975000000000005,4.921,5.227,8.52,11.418,8.327,8.677,8.2395,10.454,4.991,7.405,7.415,8.626,7.66,7.928,9.325,7.669,7.9055,5.43875,8.461500000000001,10.259,6.4350000000000005,12.6755,7.6,5.6595,5.924333333333333,6.53,3.6798,7.21,8.776499999999999,7.541,11.624,6.574,5.478,5.982,7.734,8.943,7.483,5.817,6.023333333333333,8.268,6.0600000000000005,9.175,9.266,8.60975,11.3,8.3,7.413499999999999,6.692,10.568,9.252,6.34,6.275333333333333,5.404,6.407,9.172666666666666,8.163,7.533,7.0565,9.256,5.935666666666667,8.2825,7.859999999999999,7.201333333333333,CONTROL
7.067666666666667,4.284,7.749,4.993,8.668,7.5455,8.844,8.7,6.302,8.244,9.977,7.9575,11.27,8.148,12.328,8.472999999999999,7.696,13.011,7.302,8.402,8.503,7.499,6.868,8.34,6.0535,9.4295,8.949,6.849,9.303,6.9863333333333335,7.5755,7.31,6.138,8.19175,7.586666666666666,9.445,6.492,5.663,5.682,9.135,11.696,8.339,8.74,8.8725,10.768,5.618,7.65,7.431333333333334,8.863,8.259,8.461,9.879,8.063,7.636,5.66275,8.829,10.387,7.0025,12.8,8.2924,6.226,6.244,6.567,3.7276,7.312,9.4505,7.887,11.978,6.8355,5.644,5.6535,8.709,8.712,7.875999999999999,5.705500000000001,6.325,8.5275,6.1705000000000005,9.175,9.235,8.79225,11.082,8.827,7.5245,7.042,11.036,9.862,6.615,6.530333333333334,5.1875,6.830666666666667,8.929333333333334,8.305,7.325,7.714,9.325,6.143833333333333,8.379000000000001,7.806999999999999,7.213,IPD
6.1930000000000005,3.902,7.4695,5.182,8.815,7.5055,8.971,8.352,6.446,8.444500000000001,9.596,7.442833333333333,10.943,7.796,12.762,8.474,7.713,12.96075,6.813,8.37,8.583,7.725,6.71,8.278,6.145,9.0585,8.704,6.758,9.193,7.048333333333333,6.931,7.402333333333334,5.826,7.9385,7.758666666666667,9.382,6.1755,5.14,5.906,8.722,11.679,8.054,8.616,8.191,10.575,5.967,7.72,7.704333333333333,8.9075,7.791,8.29,9.556,7.842,8.0235,5.69575,8.623999999999999,10.63,6.7695,12.9425,8.0026,6.078,6.215666666666667,6.202,3.7098,7.288,9.1975,7.789,11.887,6.7555,5.583,5.7235,8.341,9.446,7.974499999999999,5.7345,6.400666666666667,8.431000000000001,6.4075,9.378,9.618,8.55075,11.128,8.477,7.425499999999999,6.5905000000000005,10.779,9.422,6.562,6.4430000000000005,5.02225,6.434333333333334,8.519333333333334,8.142,7.532,7.555,10.083,6.345,8.2655,7.842666666666667,7.045999999999999,IPD
6.502,3.751,6.827999999999999,5.032,7.922,7.145,8.4925,7.816,5.966,7.5535,9.185,6.642833333333333,10.623,7.221,11.853,7.73,6.732,12.293,7.068,8.209,7.18,7.473,6.5435,7.822,5.59325,8.848500000000001,7.991,5.887,9.147,6.140666666666667,6.8415,6.324666666666666,5.054,7.052,7.1706666666666665,8.765,6.23275,5.2075,4.859,8.138,10.974,7.78,7.962,7.33225,9.844,4.89,7.95,7.135000000000001,7.9885,7.325,7.792,9.035,7.183,7.1975,5.6445,8.0405,10.076,6.3595,12.063,7.3362,5.673,6.009666666666667,6.068,3.8694,6.641,8.665,6.742,11.308,6.0415,5.252,6.0615,7.872,9.214,6.855,5.9715,5.827000000000001,7.862,5.729,8.761,8.997,7.93075,10.524,8.1755,7.281499999999999,6.2,10.069,8.406,5.889,6.309333333333334,5.4625,6.315666666666666,8.333666666666666,7.817,7.657,7.0115,9.243,6.306166666666667,8.058250000000001,7.335999999999999,7.080666666666667,CONTROL
6.766666666666667,4.502,7.4465,5.609,8.801,7.133,8.64,7.909,6.869,7.945,9.362,6.8613333333333335,10.673,7.331,12.323,7.766,7.796,12.679,6.076,8.136,8.866,7.7155,6.666499999999999,8.102,5.94775,9.06,7.916,6.372,8.704,6.761,6.673,6.6803333333333335,5.194,6.8865,7.341333333333334,9.126,6.03375,4.9965,6.09,8.213000000000001,11.272,7.905,8.041,7.7695,10.059,5.896,6.822,6.692333333333333,8.457,7.455,7.892,9.069,7.483,7.529,5.4725,8.221499999999999,10.328,6.368,12.413,7.826400000000001,5.552,6.152,5.381,3.5814,6.873,8.5915,7.536,11.228,6.799,5.73,5.2955,8.103,8.193,7.634500000000001,5.628500000000001,6.109999999999999,7.727,5.711,9.0,8.995,7.817,10.175,7.957000000000001,7.311,6.2265,10.262,8.7,6.203,6.378,4.78275,6.635666666666666,8.225333333333333,7.788,7.322,7.0445,9.687,6.1615,8.14825,7.216666666666666,7.126666666666666,IPD
6.515666666666667,3.941,7.0985,5.069,8.678,7.705999999999999,8.9655,8.029,6.439,7.6955,10.06,7.372333333333333,11.237,7.824,12.513,9.0355,8.056,12.77125,7.061,8.309,8.797,7.802,6.519,8.272,5.99425,9.754,8.772,6.665,9.316,6.587666666666666,7.199,7.309333333333334,5.548500000000001,7.8805,7.826333333333333,9.36,5.98625,4.896,6.001,8.8245,11.679,8.162,8.959,8.292,10.674,5.451,7.957,7.297666666666667,8.992,7.663,8.684,9.792,8.393,7.704499999999999,5.8815,8.531,10.195,6.509,12.791,8.078,5.876,6.570333333333333,6.595,3.4324,7.177,9.185,7.703,11.878,6.252,5.75,5.934,8.271,10.368,7.9085,5.779999999999999,6.479666666666667,8.501000000000001,7.1625,9.157,9.292,8.75975,11.139,8.6785,7.263,6.7785,10.72,9.046,6.333,6.460999999999999,5.25575,6.396666666666667,8.757666666666667,8.242,7.38,7.558,10.233,6.665333333333333,8.44975,8.087000000000002,7.097666666666666,IPD
7.455333333333333,4.089,7.5205,5.244,8.737,7.5045,8.965,8.779,6.083,8.222999999999999,9.918,7.122833333333333,11.205,7.797,12.56,8.6585,7.922,12.867,6.977,8.72,8.29,7.862999999999999,6.831,8.159,5.91,9.3755,8.761,6.705,9.155,6.771333333333334,6.718500000000001,7.106999999999999,5.8805,7.692,7.737999999999999,9.294,6.343999999999999,5.4935,5.824,9.027,11.783,8.3,8.659,8.57925,10.719,6.053,7.87,7.535,8.902999999999999,8.1,8.133,9.619,8.185,7.9145,5.60675,8.623000000000001,10.269,6.686,12.719,7.617400000000001,6.2235,6.213666666666666,6.362,3.4174,7.349,9.157,7.703,11.837,7.3855,5.549,5.9555,8.708,9.349,7.75,5.9055,6.494666666666667,8.543,6.4485,9.343,9.618,8.48325,11.217,8.6675,7.5135,6.795999999999999,10.832,9.555,6.262,6.175,5.41925,6.675999999999999,8.844333333333333,8.447,7.399,7.5745,9.821,6.244833333333333,8.403,8.331,7.090333333333334,IPD
7.231333333333333,4.402,7.138999999999999,4.993,8.575,7.116,8.6745,8.459,6.697,8.138,9.743,7.043666666666667,11.151,7.648,12.547,8.327,7.366,12.95,7.338,8.311,8.365,7.845,6.5285,8.615,5.8235,8.864,8.378,6.87,9.024,7.022333333333333,7.0645,7.244333333333333,5.8805,7.59575,7.615666666666667,9.351,6.3252500000000005,5.273,5.396,8.622,11.551,8.285,8.711,7.9615,10.449,5.585,7.295,7.302,8.710999999999999,7.981,8.052,9.326,8.162,7.872,5.7375,8.696000000000002,10.6,6.566,12.882,7.874199999999999,6.159,6.5073333333333325,6.645,3.523000000000001,7.239,9.1165,7.642,11.51,7.4825,5.493,6.0385,8.824,9.663,7.794,5.9405,6.2203333333333335,8.423,6.461,9.394,9.422,8.44275,11.123,8.3595,7.4825,6.7675,10.818,9.157,6.186,6.497666666666667,5.047499999999999,6.763000000000001,8.396333333333333,8.186,7.777,7.343,9.713,6.162833333333334,8.3085,7.906,7.172,IPD
6.866333333333333,3.983,7.618499999999999,5.059,8.903,7.776,9.011,9.019,6.564,8.529,10.084,7.643666666666667,11.343,8.138,12.49,8.506499999999999,7.706,12.90875,7.231,8.615,8.464,7.941,7.042,8.625,6.21675,9.4575,8.829,7.237,9.697,7.263666666666666,7.3075,7.4493333333333345,6.294499999999999,7.892749999999999,8.03,9.638,6.374750000000001,5.467499999999999,5.345,9.135,11.804,8.529,8.59,8.657250000000001,10.692,5.945,8.023,7.731000000000001,8.8705,7.99,8.541,9.667,8.481,8.1195,5.80875,8.755500000000001,10.988,6.9355,12.612,8.026599999999998,6.150499999999999,6.704666666666667,6.646,3.3918,7.341,9.156,7.864,11.866,6.814500000000001,5.706,5.7925,8.784,9.416,7.992,5.959,6.665666666666667,8.6565,5.877000000000001,9.407,9.883,8.907,11.32,8.5625,7.574,6.795,11.055,9.782,7.102,6.658333333333334,4.9585,6.959333333333333,8.990333333333334,8.363,7.534,7.9085,9.56,6.440333333333334,8.40275,8.072999999999999,7.183333333333334,IPD
6.755,4.216,7.266999999999999,5.696,8.53,7.5205,8.2845,8.31,6.707,8.1,9.452,6.811166666666666,10.776,7.585,12.435,7.4945,7.908,12.643,7.14,8.056,7.999,8.024000000000001,6.6675,8.099,6.075,9.1825,8.129,6.853,9.071,6.656333333333333,6.640000000000001,7.005,4.964,7.109249999999999,7.810333333333332,8.986,6.05825,4.837,5.98,8.5365,11.078,8.155,8.309,7.971,10.279,6.057,7.303,7.006,8.489,7.455,8.04,9.226,7.796,7.0785,5.763,8.566,10.231,6.491,12.4785,7.5694,5.3755,5.967333333333333,6.61,3.6052,7.089,8.6915,7.369,11.241,7.231,5.703,5.534,7.401,9.458,7.5525,6.053,6.487666666666667,7.8665,5.947,8.861,8.677,8.4505,10.617,8.125499999999999,7.244,6.606999999999999,10.458,8.863,6.439,6.528333333333333,4.93275,6.399333333333334,9.088666666666668,7.961,7.412,6.958500000000001,9.389,6.376833333333333,8.063,7.8563333333333345,7.328666666666667,CONTROL
6.602666666666667,4.027,7.0275,4.582,8.755,7.4645,8.485,8.417,6.736,8.1775,9.572,6.749833333333334,11.029,7.334,11.953,7.641500000000001,7.716,12.67525,7.121,8.067,8.361,7.6695,6.768,8.45,5.755,9.0215,8.366,6.901,9.23,6.55,6.894,7.318666666666666,5.1625,7.092499999999999,8.016,9.378,5.924,4.353,5.808,7.933999999999999,11.627,8.093,8.521,8.224,10.505,4.724,7.561,6.865666666666667,8.774000000000001,7.595,8.202,9.171,8.036,7.460000000000001,5.641249999999999,8.5075,10.472,6.591,12.4235,7.8202,5.553,6.246,6.46,3.6456,7.454,8.5935,7.538,11.727,6.247,5.436,6.007,7.987,8.811,7.6485,6.178000000000001,6.191333333333334,8.027999999999999,5.7335,9.224,9.249,8.39475,10.645,8.1435,7.194,6.4835,10.476,8.844,6.46,6.297999999999999,5.245,6.301333333333333,8.674999999999999,8.431,7.614,6.861,9.317,6.1115,8.324250000000001,8.096666666666666,7.146999999999999,CONTROL
6.148000000000001,4.152,7.0565,4.354,8.485,7.567,8.6755,8.091,6.454,7.781,9.729,6.8308333333333335,10.526,7.079,12.229,8.966000000000001,7.857,12.631,7.074,8.414,8.273,7.6275,6.0355,8.266,5.56425,8.9565,8.812,6.528,8.725,5.8693333333333335,6.3740000000000006,6.905333333333334,5.423,7.220000000000001,7.823,9.405,6.202249999999999,5.0885,5.27,8.727,11.838,7.811,8.433,8.65875,10.513,5.028,7.451,6.976333333333334,8.982,8.003,8.374,9.526,8.359,6.5065,5.689500000000001,8.2295,10.047,6.792,12.6785,7.7488,5.4625,5.834,5.994,3.5096000000000003,7.244,9.2315,7.004,11.702,6.156,5.035,5.815,8.299,9.359,7.9065,5.470000000000001,6.580333333333333,8.085,6.5935,8.933,9.687,8.3785,10.861,8.403500000000001,6.7195,6.462,10.703,8.864,5.886,6.196666666666666,5.13075,6.237666666666667,8.413666666666666,8.536,6.955,7.4835,9.633,6.198,8.13525,7.788,7.047666666666667,CONTROL
6.28,4.193,7.52,4.863,8.964,7.594,9.0755,8.769,6.276,8.2395,9.991,6.996666666666667,11.159,7.746,12.643,8.6265,7.982,12.872,7.141,8.54,8.444,7.834,6.956,8.527,5.949,9.4375,8.97,6.881,9.181,6.789000000000001,7.1925,7.263000000000001,5.9895,7.8075,8.137,9.352,6.208,5.177,5.234,9.0605,11.951,8.036,8.77,8.54325,10.549,5.578,7.427,7.637333333333333,9.006499999999999,7.68,8.473,9.658,8.069,8.048,5.76025,8.620999999999999,10.573,6.734999999999999,12.9695,8.127,5.9685,6.386,6.516,3.718,7.196,9.3455,7.59,11.939,6.495,5.86,5.552,8.261,10.391,8.149,5.7055,6.642666666666667,8.507,6.556,9.241,9.683,8.76525,11.286,8.557500000000001,7.397,6.646,10.819,9.194,6.534,6.283333333333334,4.921,6.520666666666667,8.624666666666668,8.142,7.502,7.4885,10.442,6.502166666666668,8.31925,8.149666666666667,7.0263333333333335,CONTROL
6.669666666666667,3.657,7.4615,4.817,8.38,7.432,8.752,8.749,6.618,8.093,9.658,6.952000000000001,11.007,7.433,12.443,8.395,7.658,12.49075,6.944,8.075,7.978,7.721999999999999,6.5785,8.263,5.85675,9.0305,8.624,6.829,8.996,6.611999999999999,6.8105,7.326333333333333,5.6975,7.49225,7.759,9.287,6.21975,5.7765,5.303,8.864,11.433,8.029,8.455,8.474,10.201,5.044,7.564,7.411333333333332,8.538499999999999,7.98,8.12,9.48,7.497,8.0585,5.61825,8.2655,10.376,6.73,12.5525,7.8748,5.714,6.742333333333334,7.006,3.5172,7.013,9.0295,7.272,11.587,6.4275,6.219,5.6275,7.968,9.969,7.653,6.25,6.447666666666667,8.2475,6.7535,8.856,9.57,8.423,10.937,8.617,7.656499999999999,6.7855,10.503,9.014,5.622,6.490666666666667,5.3005,6.595,8.616,8.206,7.198,7.297499999999999,9.338,6.5441666666666665,8.3475,7.989666666666667,7.081333333333333,IPD
7.567333333333333,4.504,6.6925,5.181,7.967,7.096,8.2885,7.359,6.885,7.531000000000001,9.462,6.416833333333334,10.538,7.436,11.941,7.673,7.613,12.395,7.203,7.935,7.888,7.513999999999999,6.5175,8.188,5.59825,8.834,7.961,6.734,9.119,6.259333333333333,6.446999999999999,6.622,5.4125,6.60275,7.329999999999999,8.476,6.19925,4.721500000000001,5.868,8.065,10.572,7.71,8.098,7.52325,10.046,6.085,7.055,6.6593333333333335,8.3005,7.47,7.913,8.985,7.399,6.984500000000001,5.938,8.339500000000001,9.851,6.4915,11.983,7.303399999999999,5.51,5.756333333333333,6.467,3.4474000000000005,7.003,8.4565,7.309,10.775,7.425000000000001,5.778,5.8545,7.164,8.956,7.236000000000001,6.0735,6.089666666666666,7.833,5.259,8.811,8.776,7.73275,10.222,7.666,7.4115,6.4235,9.982,8.518,5.984,6.271,5.1325,6.045333333333333,8.543999999999999,7.857,7.376,6.6125,9.765,6.145166666666667,8.20575,7.626666666666666,7.085999999999999,CONTROL
6.730333333333333,4.494,7.436999999999999,4.555,8.517,7.678,8.76,8.631,6.45,7.9045,9.644,6.629333333333334,10.98,7.618,12.392,8.1195,8.018,12.606,7.004,7.976,8.056,7.825,6.42,8.435,5.77775,9.296,8.389,6.892,9.112,6.767,7.090999999999999,6.884,5.677,7.231,7.604333333333333,9.252,6.04875,5.3455,5.445,8.366999999999999,11.666,7.686,8.152,7.97775,10.372,5.888,7.268,6.957000000000001,8.665,7.675,8.473,9.361,7.686,7.33,5.8705,8.4495,10.366,6.4585,12.6595,7.8252,5.6225000000000005,6.134666666666667,6.427,3.5162,7.24,8.5975,7.574,11.616,6.477,5.544,5.756,7.98,9.54,7.725,5.942500000000001,6.419999999999999,7.817,6.112,8.994,9.621,8.007,10.583,8.164000000000001,7.600999999999999,6.457000000000001,10.419,8.969,6.068,6.464333333333333,4.9475,6.042333333333333,8.728666666666667,8.124,7.66,7.238,8.972,6.646833333333333,8.327,7.744666666666666,6.956666666666666,IPD
6.888666666666666,4.38,7.5485,4.569,8.769,7.801500000000001,8.8515,8.16,6.589,8.266,10.005,6.849166666666666,11.17,7.974,12.541,8.6735,7.665,12.86875,7.656,8.199,8.86,7.901499999999999,6.843,8.555,6.52725,9.317,8.688,6.908,9.266,6.7156666666666665,7.296,7.28,5.728,7.97225,7.895333333333333,9.395,6.145,4.089,5.024,8.9175,11.736,8.431,8.655,8.392,10.696,5.651,7.994,7.3436666666666675,8.864,7.961,8.585,9.636,7.738,7.935499999999999,5.73725,8.663,10.763,6.734999999999999,12.812,8.1504,5.834,6.531333333333333,6.849,3.7964,7.443,9.047,7.572,11.804,5.8775,5.454,5.673,8.008,10.101,7.8025,6.174,6.374,8.2795,6.654999999999999,9.088,9.426,8.54175,11.158,8.4665,7.5085,6.625,10.897,8.762,6.34,6.548666666666667,5.252750000000001,6.465333333333334,9.286,8.504,7.325,7.6785,9.709,6.503666666666667,8.4215,7.913333333333334,7.105333333333334,IPD
7.526666666666666,4.331,7.2925,5.275,8.419,7.2795,8.2385,8.382,6.592,7.9575,9.536,6.925333333333334,10.867,7.645,11.974,7.423500000000001,7.236,12.559,7.153,8.156,8.262,7.8305,6.3985,8.297,5.868,9.1325,8.374,6.552,8.975,6.787,6.6395,7.038,5.8425,6.91925,7.683,9.215,5.95725,4.486000000000001,5.987,8.424,11.18,8.482,8.551,7.95125,10.507,5.951,7.453,7.178,8.5165,7.616,8.007,9.266,7.618,7.5965,5.52975,8.6245,10.008,6.553,12.1605,7.4918,6.246,5.896000000000001,6.891,3.637000000000001,7.317,8.8185,7.529,11.379,7.294499999999999,5.311,5.988,8.05,8.713,7.559000000000001,5.68,6.3486666666666665,8.127,5.763,9.203,9.082,8.378499999999999,10.863,8.042,7.509,6.4875,10.467,9.138,6.253,6.355666666666667,5.0695,6.596333333333333,9.176,8.154,7.493,7.321,9.228,5.934,8.286,8.200333333333333,7.0760000000000005,IPD
7.054666666666667,3.93,6.9350000000000005,4.7,8.598,7.498,8.663499999999999,8.594,6.371,8.0235,9.638,6.985833333333333,10.895,7.776,12.129,8.631499999999999,7.824,12.70825,6.597,8.256,8.756,7.743,6.4385,8.128,5.71575,9.1855,8.538,7.027,8.986,6.614999999999999,7.075,7.247,6.0455000000000005,7.6935,7.604,9.323,6.27775,5.392,5.782,8.8185,11.279,7.889,8.588,8.286,10.566,5.802,7.402,7.082,8.687999999999999,7.822,8.51,9.475,8.198,7.474,5.6625,8.301,10.527,6.732,12.498,7.7296,5.5525,6.137666666666667,6.708,3.7274,6.918,9.059,7.797,11.481,6.714,5.344,5.913,7.972,9.908,7.7235,5.773,6.241,8.09,6.465,8.987,9.467,8.45275,10.788,8.286000000000001,7.3195,6.507,10.685,8.94,5.863,6.625,5.41875,6.314333333333334,8.780666666666667,8.195,7.339,7.4825,9.982,6.238333333333333,8.42,7.796333333333334,7.138000000000001,CONTROL
6.111666666666667,4.243,7.519,4.903,8.875,7.4915,8.533000000000001,8.773,6.645,8.2995,9.608,7.0795,11.032,7.74,12.363,7.8825,7.733,12.825,7.111,8.42,8.504,7.985,6.611000000000001,8.559,5.98175,9.046,8.491,6.782,9.038,6.981999999999999,7.202500000000001,7.151,5.3495,7.21625,7.867999999999999,9.26,6.437,4.666,5.319,8.7295,11.718,7.956,8.24,8.26175,10.584,5.53,7.241,7.066666666666666,8.7965,7.874,8.308,9.197,7.738,7.335,5.565250000000001,8.231,10.698,6.875,12.745,7.968000000000001,4.928,5.912333333333334,6.256,3.674,7.355,8.826,7.283,11.887,6.761,5.832,5.4475,8.289,9.648,7.794,6.378500000000001,6.460333333333334,8.0415,6.3025,9.324,9.547,8.37275,10.761,8.311499999999999,7.599,6.2255,10.847,8.735,6.471,6.625333333333333,4.7355,6.311333333333333,8.566333333333333,8.11,7.402,7.205,9.004,6.341,8.254,7.572,7.086333333333333,CONTROL
6.478333333333334,4.275,7.1370000000000005,4.424,8.591,6.9315,8.565,8.02,6.501,7.811,9.42,6.559166666666667,10.619,6.979,12.294,7.4025,7.725,12.62775,6.607,8.246,8.341,7.691,6.2475000000000005,8.383,5.7365,8.7415,8.133,6.499,8.677,6.337666666666666,6.741,7.065,5.3845,7.20925,7.480333333333334,9.096,6.257,4.1125,5.904,8.088000000000001,11.292,7.874,7.999,7.453749999999999,10.08,5.443,6.778,6.834,8.452,7.456,7.849,8.973,7.413,7.1625,5.784000000000001,8.094000000000001,10.048,6.54,12.6535,7.4866,5.6895,5.783333333333334,5.844,3.744,6.329,8.803,7.052,11.463,6.4015,5.518,5.494,8.092,8.717,7.678000000000001,5.839499999999999,5.992666666666668,7.679,5.891500000000001,8.643,9.159,8.217749999999999,10.694,8.156500000000001,7.3435,6.1625,10.363,8.647,5.882,6.183666666666667,5.06125,6.101,8.207666666666666,7.685,7.508,6.8835,9.348,6.2845,8.035499999999999,7.432666666666667,7.056333333333334,CONTROL
6.163333333333334,4.525,6.6925,5.228,8.138,6.869,8.036999999999999,7.254,6.448,7.380000000000001,9.474,6.182333333333333,10.048,6.923,11.876,8.099,7.616,12.62625,5.964,7.612,7.889,7.8845,6.193,8.041,5.70525,8.792,8.201,6.127,8.425,6.376666666666666,6.1945,6.319333333333333,4.765000000000001,6.55875,7.203333333333333,8.583,5.4575,4.3655,5.479,7.981,11.131,7.209,7.814,7.13225,10.234,5.764,6.49,6.533333333333334,8.3005,7.628,7.906,8.857,7.341,6.7115,5.44775,8.158,9.722,6.5105,12.2275,7.542199999999999,5.072,5.779333333333334,5.799,3.5182,6.513,8.518,7.008,11.098,6.5115,5.671,5.402,7.398,8.698,7.23,5.268000000000001,6.029333333333334,7.499,5.6625,8.625,8.785,7.914,10.491,7.627499999999999,6.761,5.986,10.404,8.395,5.269,6.242333333333334,5.20475,6.0793333333333335,8.441666666666666,7.613,7.29,7.081,9.526,5.991666666666667,7.94475,7.375333333333334,6.978333333333334,CONTROL
6.802333333333333,4.44,7.2605,5.184,8.844,7.342499999999999,8.863,8.386,6.199,8.1715,9.791,6.745666666666668,10.988,7.579,12.284,7.8105,7.766,12.75925,6.928,8.312,8.232,7.6175,6.9605,8.449,5.81625,8.7415,8.537,6.61,9.103,6.846333333333334,6.8935,7.309333333333332,5.5585,7.34675,7.806,9.219,6.2595,4.851,5.227,8.544,11.433,8.203,8.59,8.199250000000001,10.405,5.899,7.446,7.386666666666667,8.663499999999999,7.961,8.208,9.399,7.744,7.737500000000001,5.75175,8.4825,10.514,6.734999999999999,12.5275,7.9754,5.833,6.252666666666666,6.511,3.5624,7.271,8.873000000000001,7.53,11.571,7.0995,5.305,5.772,8.366,9.398,7.846,5.9030000000000005,6.329666666666667,8.2985,6.0695,9.104,9.429,8.44975,11.077,8.6535,7.4915,6.552,10.571,8.779,6.221,6.458666666666667,4.918,6.466666666666666,8.681,8.009,7.53,7.361,9.333,6.365666666666667,8.30925,7.806,7.094333333333334,IPD
6.566333333333333,4.409,7.265499999999999,5.418,8.802,7.65,8.9265,8.253,6.432,7.8025,9.919,6.961833333333334,11.157,7.545,12.539,8.4525,7.689,12.705,6.825,8.451,8.091,7.634,6.6825,8.353,5.8045,9.2165,8.665,6.998,9.246,6.576666666666667,7.491,7.306999999999999,5.3165,7.333,8.055,9.221,6.26925,4.214,5.32,8.501,11.714,7.938,8.729,8.42875,10.423,5.157,7.416,7.156333333333333,8.8875,8.04,8.77,9.364,8.663,7.502000000000001,6.0047500000000005,8.3745,10.567,6.776,12.817,8.075399999999998,5.756,6.596,6.335,3.4338,7.32,8.959499999999998,7.489,11.939,6.872999999999999,6.399,5.2905,7.676,10.577,7.994,5.9565,6.574000000000001,8.2035,6.644500000000001,9.265,9.637,8.81425,10.88,8.501999999999999,7.599,6.8085,10.666,9.227,6.359,6.543333333333334,5.068,6.163333333333333,8.853333333333333,8.226,7.258,7.402,10.241,6.646333333333334,8.41325,7.923666666666667,6.960999999999999,IPD
6.513333333333333,4.016,7.183,5.385,8.672,7.378,8.355,8.066,6.72,7.5775,9.932,6.733666666666667,10.856,7.083,12.414,8.47,7.617,12.67375,7.094,8.233,8.64,7.459,6.547,7.974,5.78225,8.9205,8.623,6.389,9.074,6.450333333333333,6.41,6.681,5.3325,7.33025,7.753333333333333,8.883,5.744,4.4205,5.663,8.4585,11.468,8.096,8.216,8.05925,10.407,5.973,7.159,6.68,8.7515,7.384,8.387,9.423,7.916,6.9030000000000005,5.56425,8.2955,10.137,6.436999999999999,12.6895,7.491,5.3215,6.066,6.684,3.661,6.941,8.955,7.579,11.77,6.4735,5.494,5.8765,7.753,9.68,7.627499999999999,5.6205,6.153333333333333,8.055,6.263999999999999,8.832,9.688,8.19175,10.934,8.0035,7.19,6.4255,10.39,9.078,6.026,6.237333333333333,5.135,6.239999999999999,9.108,7.77,7.343,7.0615000000000006,9.999,5.862333333333333,8.28525,7.708666666666666,6.977333333333334,CONTROL
6.529333333333334,4.38,7.6455,4.397,8.752,7.625,8.9795,8.524,6.414,8.4225,10.151,7.790500000000001,11.227,7.85,12.476,8.689499999999999,7.805,12.65575,7.165,8.514,8.405,7.754,7.0985,8.133,6.034,9.58,8.585,6.907,9.205,7.231333333333333,7.291499999999999,7.409666666666666,6.0465,7.7155,7.763666666666666,9.167,6.329750000000001,5.398,5.627,9.1405,11.431,8.198,8.801,8.25025,10.576,5.648,7.772,7.598,8.663,8.027,8.375,9.405,7.894,8.2715,5.81625,8.625,10.478,6.7330000000000005,12.6615,8.2408,6.0485,6.594,6.083,3.5036,6.98,9.123,7.468,11.665,6.433,5.875,5.9035,8.525,10.222,7.94,5.8155,6.739,8.75,6.5945,9.016,9.127,8.734,11.311,8.541,7.625500000000001,6.769,10.923,9.441,6.477,6.426333333333333,5.11525,6.860666666666667,8.808,8.1,7.303,7.877499999999999,9.783,6.516333333333333,8.2285,7.692333333333333,7.102333333333333,IPD
6.765666666666667,4.765,7.045999999999999,5.856,8.228,7.052,8.5205,7.725,6.849,7.89,9.19,6.795999999999999,10.462,7.495,11.742,8.0345,7.501,12.26975,6.54,7.952,7.897,7.649,7.003,8.336,5.7135,8.762,8.132,6.46,8.755,6.354666666666667,6.9405,6.746333333333333,5.6275,7.362,7.336333333333333,8.895,6.189,5.1615,6.395,8.487,10.954,7.916,7.922,7.925499999999999,9.841,6.206,7.596,7.080666666666667,8.203,7.248,7.497,9.072,7.22,7.19,5.48575,8.2755,9.918,6.282,11.9145,7.4518,5.632,6.055666666666666,6.108,3.4882,6.851,8.4145,7.333,11.201,6.647,5.78,5.7620000000000005,7.805,8.414,7.499,5.8345,5.920333333333333,8.0265,5.7465,8.814,8.78,7.9755,10.288,8.1795,7.467,6.125,10.05,8.728,6.536,6.1000000000000005,5.0475,6.13,8.533666666666667,7.458,7.428,6.945499999999999,8.901,6.249,8.037749999999999,7.605,6.9543333333333335,CONTROL
5.499,4.12,7.2105,5.047,8.282,6.9805,8.814,7.924,6.476,7.866,9.642,6.976500000000001,10.754,7.386,12.036,8.195,7.489,12.497,7.063,8.138,8.279,7.8255,6.741,8.569,5.868,9.1365,8.572,6.494,8.803,6.638000000000001,7.0075,7.081,6.008,7.556,7.535333333333334,9.073,6.01025,4.8405000000000005,5.046,8.528500000000001,11.048,8.164,8.359,8.1745,10.019,5.764,7.287,7.332333333333334,8.2685,7.467,7.989,9.175,7.411,7.449,5.751,8.2805,10.206,6.5975,12.2705,7.733199999999999,5.772,6.250333333333333,6.424,3.6604,6.89,8.998000000000001,7.328,11.228,6.104,5.462,5.9275,7.901,9.579,7.770999999999999,5.731999999999999,6.369666666666667,8.368500000000001,6.429,9.199,9.158,8.499500000000001,10.939,8.206,7.648,6.506500000000001,10.545,8.721,6.388,6.259666666666667,5.135,6.385000000000001,8.471333333333334,7.765,7.37,7.535500000000001,9.316,6.224666666666667,8.3185,7.281666666666666,6.925999999999999,IPD
6.694,4.313,7.162,4.903,8.859,7.341,8.457,8.641,6.754,7.8625,9.808,6.886666666666667,11.178,7.535,11.994,8.435500000000001,8.343,12.46,7.437,8.42,8.698,7.6715,6.843,8.68,5.709,9.4545,8.34,7.045,9.23,6.903,6.9165,7.253666666666667,5.5685,7.72675,7.839666666666666,9.464,6.04275,5.421,5.441,8.8725,11.424,8.235,8.801,8.2715,10.541,6.075,7.411,7.411666666666666,8.7255,7.91,8.509,9.602,7.895,7.8405,5.96875,8.4285,10.298,6.6815,12.3515,8.007200000000001,5.4525,6.44,6.604,3.504,7.392,8.971499999999999,7.719,11.66,6.4245,5.41,5.684,8.391,9.687,7.792,5.641,6.201333333333333,8.096,6.5335,9.395,9.511,8.2135,10.766,8.618,7.5745,6.758,10.581,9.061,6.412,6.494666666666667,5.2787500000000005,6.352666666666667,8.938,8.289,7.607,7.276499999999999,9.879,6.154833333333333,8.30875,7.638666666666666,7.048666666666667,IPD
6.765666666666667,4.416,7.0795,5.268,8.634,7.276,8.756499999999999,8.163,6.691,8.194500000000001,9.711,7.0488333333333335,10.862,7.946,12.396,7.499,7.787,12.773,6.764,8.087,8.728,7.879,6.6715,8.468,6.08475,9.241,8.326,6.622,9.449,6.9206666666666665,7.096500000000001,7.223333333333334,5.303,7.33625,7.760333333333333,9.29,6.2395,5.1455,5.636,8.594,11.391,8.217,8.003,8.066,10.599,5.731,6.987,7.114666666666667,8.571,7.774,8.127,9.298,7.978,7.650499999999999,5.717499999999999,8.638,10.375,6.807,12.624,7.7622,5.7395,5.963666666666668,6.299,3.5234,7.55,8.861,7.65,11.324,6.946,5.472,5.7165,8.243,8.521,7.814500000000001,5.692,6.322666666666667,8.019,5.511,9.136,9.279,8.4465,11.044,8.468,7.4925,6.548,10.72,9.079,6.282,6.5136666666666665,5.01125,6.55,8.842333333333334,7.984,7.405,7.0295000000000005,9.362,6.011833333333333,8.227,7.759,7.066333333333334,CONTROL
6.726666666666667,4.382,7.031,5.067,8.69,7.3445,8.3825,7.945,6.425,7.9855,9.361,6.6835,10.868,7.331,12.554,7.602500000000001,7.75,12.74575,7.116,8.066,8.928,7.68,6.2325,8.299,6.0035,8.725999999999999,8.702,6.731,8.965,6.743333333333333,6.871,6.876,5.4635,7.07925,7.862999999999999,9.073,6.3427500000000006,4.1965,5.41,8.1665,11.587,7.857,8.454,7.9955,10.304,5.576,6.621,6.954666666666667,8.725,7.402,8.045,9.24,7.914,7.392,5.77425,8.407,10.253,6.669,13.0845,7.581399999999999,5.7215,5.7250000000000005,6.45,3.7636,6.967,8.822,7.19,11.824,6.442,5.198,5.5535,7.909,9.322,7.4795,5.999499999999999,6.140666666666667,8.0365,5.961,8.931,9.548,8.338000000000001,11.106,8.2745,7.494,6.410500000000001,10.376,9.107,6.361,6.385000000000001,5.14925,6.147333333333333,8.537333333333335,7.729,7.424,6.8255,9.327,5.994666666666667,8.1815,8.177666666666667,7.0873333333333335,CONTROL
7.730333333333334,4.284,7.436,5.195,8.548,7.612500000000001,8.564499999999999,8.197,6.369,7.910500000000001,9.668,6.538166666666666,10.579,7.495,12.419,7.813499999999999,7.96,12.7695,7.261,8.018,8.326,7.688000000000001,6.4275,8.006,5.76225,9.298,8.065,6.222,9.208,6.808666666666666,6.8675,7.140666666666667,4.8665,7.001,7.642666666666667,9.185,6.481,4.464,5.996,8.3345,11.366,7.874,8.318,8.10875,10.701,5.955,6.792,6.931333333333334,8.6385,7.939,8.214,9.058,8.027,6.992,5.67675,8.4865,10.576,6.624499999999999,12.855,7.8012,5.155,5.798333333333333,6.171,3.2718,6.655,8.922,7.587,11.706,7.008,5.067,5.617,7.784,9.193,7.955999999999999,5.7715,6.060666666666667,7.77,6.343,8.93,9.63,8.14425,10.848,8.3025,7.4475,6.768000000000001,10.409,8.595,6.349,6.6066666666666665,4.81775,6.179666666666666,8.762666666666666,8.14,7.622,6.968999999999999,10.028,6.140499999999999,8.138,7.367333333333332,7.051333333333333,CONTROL
6.258,4.265,7.2535,4.947,8.937,7.337,8.8975,8.788,5.539,7.8095,10.202,7.035833333333334,11.259,8.05,12.236,8.32,8.266,12.8135,7.113,8.211,8.574,7.8105,6.7445,8.481,5.81625,9.597,8.605,7.077,9.186,7.099333333333334,7.106,7.372333333333334,5.5825,7.7335,7.817,9.19,6.0375,5.386,5.383,8.7015,11.552,8.223,8.799,8.42475,10.775,4.771,7.351,7.1226666666666665,8.8565,7.886,8.486,9.553,8.159,7.4645,5.78375,8.651,10.447,6.531499999999999,12.5885,7.731,5.707,6.359666666666667,6.682,3.6708,7.081,8.9405,7.757,11.869,6.223,5.57,6.0265,8.407,9.614,7.859999999999999,5.5495,6.4750000000000005,8.419,6.6865000000000006,9.32,9.654,8.6835,11.15,8.4665,7.496499999999999,6.9625,10.797,9.179,6.035,6.472666666666666,5.21175,6.606000000000001,9.235666666666669,8.191,7.644,7.3345,9.828,6.343166666666666,8.52025,8.031666666666666,7.291999999999999,IPD
6.041,4.096,7.0635,4.989,8.153,6.6595,8.3055,7.855,6.447,8.021,8.868,6.478333333333333,10.587,7.013,12.284,7.3,7.491,12.785,6.832,8.154,7.274,7.452,6.1565,8.158,5.66575,8.32,8.613,6.294,8.824,6.052666666666667,6.628,7.078333333333333,6.0195,6.78275,7.869666666666667,9.172,5.88125,5.016500000000001,5.813,8.3665,11.601,7.774,8.315,7.789000000000001,10.152,6.361,7.11,7.083333333333333,8.370000000000001,7.621,7.716,8.962,7.705,7.1915,5.68125,8.327,10.15,6.4365,12.693,7.1044,5.6155,5.621,6.079,3.5108,6.988,9.0505,6.811,11.319,6.3885000000000005,5.495,5.468999999999999,8.259,8.122,7.717,5.697,6.027666666666668,8.137,5.603,8.914,9.202,8.04625,10.931,8.248000000000001,7.3285,6.1690000000000005,10.368,8.776,6.145,5.594666666666666,5.4065,6.198,7.734999999999999,8.108,7.213,7.39,8.989,6.091,8.00725,7.818666666666666,6.517,CONTROL
6.122666666666667,3.992,6.8345,4.671,8.049,7.079000000000001,8.464,7.852,6.124,7.756,8.813,6.235833333333333,10.356,6.668,12.284,7.9025,7.441,12.72475,6.478,7.908,8.005,7.327,5.855,8.163,5.5865,8.2295,8.664,6.113,8.53,5.904333333333334,6.781499999999999,6.894666666666666,5.6845,6.83075,7.768333333333333,8.904,5.73625,4.116,5.102,8.284,11.716,7.763,8.154,7.9235,9.755,5.233,7.21,6.898,8.349,7.304,7.719,9.004,7.287,6.9255,5.534,8.1955,9.679,6.355,12.6505,7.1484,5.271,5.724666666666667,5.918,3.698,6.554,8.966999999999999,6.873,11.266,6.6605,5.766,5.4985,7.998,8.164,7.7455,5.9215,5.872,8.0555,6.0755,8.859,9.393,8.0495,11.04,8.0725,6.9585,5.879,10.236,8.849,6.005,5.846,4.96075,6.111666666666667,7.915333333333333,7.631,7.144,7.0375000000000005,9.684,6.1985,7.905,7.732666666666667,6.685666666666667,CONTROL
6.59,4.832,7.375,4.791,9.234,7.4945,8.886,8.418,6.01,8.3595,10.223,7.285,11.33,8.237,12.559,8.312999999999999,7.69,13.172,6.862,8.685,8.057,7.7215,6.792,8.571,6.327,9.558,8.953,6.625,9.369,7.194,6.904,7.564333333333333,6.0875,7.85725,7.904666666666666,9.334,6.22375,4.393000000000001,5.196,8.872499999999999,11.749,8.301,9.07,8.5555,10.884,5.507,7.419,7.36,8.8945,8.232,8.403,9.736,7.706,8.1055,5.807,8.8275,10.681,6.9305,12.9005,8.0748,6.1455,6.136666666666667,6.53,3.7202,7.097,9.495,7.883,11.796,7.064,5.576,5.8755,8.445,9.579,7.946499999999999,5.645,6.615333333333333,8.4515,6.042,9.457,9.903,8.77875,11.193,8.5965,7.602499999999999,6.7605,11.042,9.434,6.62,6.225666666666666,4.99525,6.585333333333334,8.961,8.598,7.736,7.5205,9.407,5.952999999999999,8.467749999999999,8.162999999999998,7.239,IPD
6.999,4.262,7.318,4.981,8.936,7.458,8.4475,8.398,6.546,8.0295,10.028,6.991,11.069,7.691,11.952,7.251,7.827,12.8845,7.246,8.382,8.863,7.927,6.8355,8.008,5.9052500000000006,9.6125,8.282,6.991,9.218,6.695666666666667,6.756,7.133,5.5920000000000005,7.545,7.830666666666667,9.19,5.893,4.524,5.533,8.692,11.445,8.057,8.678,8.09025,10.896,5.978,6.902,6.823333333333333,8.7605,8.259,8.256,9.431,7.605,7.088,5.801,8.6065,10.555,6.6415,12.3185,7.695600000000001,5.758,6.346,6.411,3.4476,7.025,8.926,7.386,11.643,6.955500000000001,5.331,5.577500000000001,8.198,10.446,7.604999999999999,6.126,5.976666666666667,8.191500000000001,6.047000000000001,9.168,8.971,8.4775,10.941,8.3825,7.554,6.8065,10.747,9.039,6.641,6.3566666666666665,5.171,6.615333333333333,9.016333333333334,8.441,7.367,6.936999999999999,9.615,6.049333333333333,8.348749999999999,7.889,7.104333333333333,IPD
6.707,3.939,7.7895,4.623,8.725,7.712,9.0925,8.998,6.878,8.399,10.219,7.239999999999999,11.398,7.871,12.531,8.5495,7.969,12.74375,7.43,8.547,8.718,7.9205,6.9605,8.535,6.0635,9.6595,8.886,7.14,9.058,7.038,7.537,7.619333333333333,5.797000000000001,7.71,8.089,9.295,6.8252500000000005,4.946,5.811,9.283,11.879,7.882,8.757,8.36375,10.609,6.088,7.364,7.4576666666666656,9.272,8.438,8.621,9.708,8.316,8.0735,5.859999999999999,8.3745,11.121,6.5415,12.889,7.8212,5.9625,6.484666666666667,6.574,3.4428,7.037,9.1135,7.578,11.892,6.640000000000001,5.356,5.586,8.543,10.266,7.9795,5.9035,6.737666666666667,8.7,6.9585,9.236,9.944,8.7245,11.309,8.8285,7.744,6.5275,10.928,9.59,6.275,6.313666666666666,5.26325,6.672333333333334,9.105333333333332,8.702,7.376,7.9365,9.732,6.5675,8.4485,7.962333333333333,7.225,IPD
6.214333333333333,4.108,7.02,4.928,8.849,7.5015,8.751,8.674,6.206,8.3825,9.918,7.165833333333333,11.255,7.848,12.612,8.845500000000001,7.77,12.89225,6.686,8.028,8.572,7.926500000000001,6.533,8.392,6.55575,9.1875,8.685,6.774,9.328,7.006,7.1935,7.299666666666667,5.4135,7.5525,7.921333333333333,9.015,5.7165,4.488,5.588,8.7835,11.759,8.212,8.588,7.538,10.762,5.29,7.653,7.540333333333333,8.8915,7.637,8.383,9.188,8.339,7.859999999999999,5.59375,8.554,10.864,6.5280000000000005,13.1495,7.7988,5.759,6.521666666666666,6.043,3.5828,7.35,9.024,7.556,11.678,6.659,5.685,5.7755,8.067,9.528,7.920999999999999,5.5495,6.531333333333333,8.493,6.1045,9.173,9.266,8.682,11.402,8.4075,7.459,6.6925,10.905,9.469,6.566,6.346,5.35125,6.366666666666667,8.97,8.163,7.475,7.4395,10.062,6.468166666666668,8.22775,7.761,7.157333333333334,CONTROL
6.169666666666667,4.42,6.7435,5.366,8.39,6.893,8.407,7.878,7.083,7.7545,9.541,6.429333333333333,10.618,7.233,11.823,7.4615,7.277,12.57125,6.734,7.987,8.333,7.6765,6.649,7.937,6.0385,9.042000000000002,8.169,6.401,9.091,6.393000000000001,6.5945,6.617666666666668,5.355,6.7675,7.537,8.629,6.1505,4.0920000000000005,5.426,8.3215,11.005,8.114,8.113,7.46725,9.908,6.079,7.732,7.0393333333333326,8.091000000000001,7.645,7.859,8.807,7.903,7.3475,5.61375,8.1295,10.205,6.1305,12.2065,7.334999999999999,5.2835,6.046333333333333,5.87,3.438,6.842,8.597,7.008,11.054,6.31,5.622,5.923,7.818,8.896,7.717,6.051,6.104,8.075,5.2865,8.83,8.986,8.256499999999999,10.799,8.295,7.547,6.227499999999999,10.207,8.792,6.386,6.299333333333333,5.4345,6.117333333333334,8.643666666666666,7.555,7.309,7.165,8.587,6.166499999999999,8.0585,7.657666666666667,7.039333333333334,CONTROL
6.886,4.138,6.948,5.378,8.272,7.5205,8.534500000000001,8.116,7.078,7.638,9.823,6.666666666666667,11.044,7.567,12.217,8.034,7.353,12.68425,7.01,8.273,8.501,7.993500000000001,6.6045,8.26,6.00225,9.1655,8.262,6.332,9.159,6.860333333333333,7.1265,7.051333333333333,5.263,7.375,7.624,8.912,6.133,4.496,6.037,8.6065,11.17,7.911,8.53,7.83,10.251,6.342,7.523,7.088666666666666,8.365,7.876,7.974,9.261,7.499,7.3735,5.7932500000000005,8.4455,10.306,6.5535,12.4195,7.540999999999999,5.798,6.303333333333334,6.361,3.5694000000000004,6.972,9.0285,7.204,11.516,6.9775,4.629,5.378,7.87,9.582,7.562,5.622,6.156666666666666,8.1345,6.325,8.957,8.943,8.57825,11.068,8.309000000000001,7.284499999999999,6.3775,10.692,8.799,5.437,6.527666666666666,5.4945,6.566,8.859333333333332,7.643,7.283,7.229,10.07,6.444166666666667,8.2095,7.825333333333333,6.9446666666666665,CONTROL
6.392,4.018,7.01,4.867,8.135,6.917,8.436,8.388,6.361,8.0525,9.55,6.4831666666666665,10.85,7.33,11.793,7.361000000000001,7.629,12.5835,7.02,7.956,8.271,7.8795,6.7035,8.222,5.6335,8.9605,8.1,6.278,9.173,6.681666666666668,6.7725,6.964666666666666,5.6240000000000006,7.125,7.451333333333333,8.82,6.05225,4.073,5.408,8.683,11.076,7.989,8.397,7.8765,10.251,4.894,6.881,7.1193333333333335,8.358,7.79,7.862,9.082,7.349,7.2265,5.6615,8.2935,10.265,6.257,12.2335,7.377600000000001,5.5415,6.153,5.746,3.6134,6.674,8.916,7.301,11.175,6.5595,5.635,5.7245,8.059,8.834,7.525,5.348000000000001,5.803999999999999,8.16,5.507,9.026,9.114,8.26475,11.125,7.955,7.403499999999999,6.4095,10.515,8.992,5.899,6.3886666666666665,5.423,6.413666666666667,8.864333333333333,7.98,7.017,7.26,9.264,6.182333333333333,8.120000000000001,7.817,7.063,CONTROL
6.085333333333334,4.143,7.168,5.043,8.463,7.3825,8.241,8.09,6.403,7.641,9.422,6.932666666666666,10.417,7.522,12.686,7.394,7.301,12.7675,6.945,8.143,8.371,7.7075,6.428,7.93,6.2940000000000005,8.974499999999999,8.722,6.475,8.924,6.658666666666666,6.499499999999999,6.957000000000001,5.6115,7.57125,7.265,8.704,5.751250000000001,4.3085,5.274,8.52,11.503,8.098,8.198,7.87275,10.418,5.508,7.516,7.02,8.199,7.507,7.862,8.592,8.04,7.178,5.3225,8.314,10.042,6.5345,12.9315,7.3738,5.666,5.938,6.127,3.5356,6.642,8.6995,7.014,11.144,6.5085,5.295,5.263,7.627,8.298,7.82,5.593999999999999,5.527666666666666,8.24,5.4365,8.844,9.101,8.49025,11.284,8.048,7.15,6.410500000000001,10.314,8.865,6.226,6.228000000000001,5.15975,6.472666666666666,8.806,7.68,7.196,7.1025,9.587,6.167333333333333,7.678,7.932333333333333,6.849666666666667,IPD
6.616666666666667,4.314,7.264,5.068,8.227,7.286,8.664,7.815,6.623,8.093,9.666,6.776666666666667,10.982,7.528,12.524,7.717,7.532,12.53475,6.985,7.881,8.232,7.692,6.6315,8.029,6.1005,9.253,8.3,6.597,8.831,6.565,7.027,6.468,5.295999999999999,7.098,7.927666666666667,8.662,6.2945,4.762499999999999,5.592,8.6475,11.492,7.768,8.382,8.081,10.081,5.664,7.722,7.313333333333333,8.646999999999998,7.718,8.232,9.119,7.215,7.2745,6.02325,8.3615,10.348,6.287,12.7975,7.3822,5.3205,6.315,6.132,3.5722,6.959,8.915500000000002,7.064,11.598,6.363,5.625,5.5275,7.439,9.734,7.882,6.079000000000001,6.407666666666667,8.220500000000001,6.1265,8.688,9.174,8.24175,11.172,8.201,7.3285,6.7295,10.423,8.802,6.579,6.301666666666667,5.114,6.4526666666666666,8.681666666666667,7.542,7.606,6.9915,9.633,6.106833333333333,7.97025,7.724666666666667,6.690666666666666,CONTROL
6.403333333333333,4.046,8.051,4.956,8.979,7.643499999999999,9.107,8.711,6.415,8.384,10.171,7.522166666666667,11.347,8.122,12.354,8.4585,7.741,12.9665,7.288,8.702,8.572,7.962,7.098000000000001,8.617,6.00775,9.5245,8.794,6.894,9.066,7.057666666666667,7.3925,7.464333333333333,5.8100000000000005,7.7165,8.031,9.388,6.5085,5.6885,5.78,9.0325,11.703,7.918,8.9,8.54925,10.71,5.451,7.289,7.364666666666667,8.8775,8.577,8.433,9.468,8.513,7.7065,5.7635,8.753499999999999,10.845,6.881,12.4905,8.0548,6.029999999999999,6.488333333333333,6.101,3.555,7.349,9.5275,7.269,11.682,6.629,5.526,5.945,8.905,9.894,7.8055,6.079,6.716666666666666,8.5805,6.3325,9.279,9.776,9.018,11.125,8.665,7.7615,6.6645,11.154,9.414,6.536,6.515333333333333,5.2330000000000005,7.006,8.956666666666665,8.365,7.576,7.641500000000001,8.929,6.724833333333333,8.26975,8.405666666666667,7.34,CONTROL
6.109333333333333,4.325,6.4635,5.693,8.146,6.462,8.028,7.142,7.108,6.9255,8.827,5.959333333333333,9.957,6.513,11.343,6.589499999999999,7.829,12.28575,5.727,7.591,8.356,7.444500000000001,6.4585,7.775,5.5105,7.999499999999999,7.709,6.299,8.547,5.913,5.8685,6.173333333333333,5.2865,6.3445,7.103333333333333,8.285,5.608750000000001,3.8735,5.348,8.175,11.053,6.982,7.599,7.2905,9.807,5.822,6.118,6.563666666666667,8.129,7.718,6.9,8.241,7.633,6.772,5.156,7.6145,9.994,5.949,12.017,6.706,4.699,6.002,5.628,3.557,6.481,7.828,6.619,11.113,6.1425,5.773,5.649,7.583,7.84,7.146,4.9115,5.863666666666667,7.628,5.2145,8.356,8.62,7.51675,10.404,7.138999999999999,6.275,5.8775,9.808,8.575,5.963,6.117333333333334,5.0705,6.136666666666667,8.197333333333333,6.789,7.156,6.5455000000000005,8.727,5.824833333333333,7.632,6.937,6.683666666666667,CONTROL
6.432,3.495,6.7695,5.177,8.023,7.038,8.279,7.833,6.278,7.634,9.073,6.326666666666667,10.643,7.05,12.102,7.7965,7.151,12.21325,6.748,8.042,7.743,7.824,5.952999999999999,8.094,5.845000000000001,8.6295,8.392,5.728,9.041,6.114333333333334,6.8735,6.797999999999999,5.3735,6.707,7.197,8.559,5.88725,4.525499999999999,5.615,8.022499999999999,11.017,7.755,8.131,7.2705,9.905,5.216,7.622,6.939,8.4245,7.438,7.499,8.847,7.831,6.9745,5.5425,8.2075,9.526,5.910500000000001,12.353,6.786199999999999,5.319,5.741333333333333,5.848,3.8124,6.462,8.5875,6.844,11.178,6.5845,5.317,6.165,7.881,7.887,7.052,5.4125,5.469666666666666,8.259,5.5275,8.926,9.019,7.89925,11.081,8.009,7.0485,6.5445,10.215,8.944,5.694,5.728333333333334,5.483,6.341333333333334,7.873,7.55,7.121,7.2185,10.214,6.082999999999999,8.04025,7.636666666666667,6.811,CONTROL
6.071333333333333,4.102,6.8075,4.255,7.681,7.035,8.1745,7.681,6.093,7.1535,9.577,6.3845,10.641,6.765,12.04,8.0345,7.077,12.3265,6.949,7.739,7.302,7.6485,6.2045,8.09,5.406,8.5615,8.374,6.483,8.865,6.091,6.8555,6.451333333333333,5.6935,6.733,7.434666666666666,8.616,5.569,3.815,4.883,8.155000000000001,11.348,7.512,8.239,7.30675,9.932,5.185,7.048,6.820666666666667,8.403,7.417,7.735,8.999,7.3,7.016,5.38375,7.794,9.77,6.1135,12.5225,6.762600000000001,5.0025,5.788333333333334,5.732,3.4012,6.366,8.84,7.219,11.085,5.841,5.475,5.8755,7.929,8.931,7.3375,5.3135,6.039000000000001,8.102,6.3785,8.692,9.182,8.01475,11.15,7.7255,6.864,6.212,10.245,8.98,5.804,5.703666666666667,5.6925,5.999666666666666,8.302666666666667,7.805,6.925,7.3255,9.984,6.3555,7.98625,7.669999999999999,6.765,CONTROL
5.424666666666667,3.98,7.5095,3.892,9.792,7.878,8.687,8.802,6.514,8.3965,10.337,7.391666666666667,11.658,8.606,12.588,8.889,7.993,13.03175,6.936,8.715,9.22,8.0845,6.729,8.414,6.36975,10.2135,9.056,7.595,9.997,7.165666666666667,7.0315,6.827000000000001,5.565,8.57225,7.876666666666666,9.744,5.67875,4.0585,5.679,9.2735,12.367,8.46,9.676,8.12025,11.079,4.565,7.671,7.398666666666667,9.616,8.814,9.189,9.829,8.757,7.4685,5.845,8.808,11.169,6.937,12.971,8.8136,6.106,6.844666666666666,6.824,3.4548,7.811,9.7265,7.715,11.935,5.604,5.096,5.7805,8.89,10.166,7.907999999999999,5.383,6.4510000000000005,8.7395,5.6370000000000005,9.285,9.786,9.50325,11.087,8.956,7.9665,6.992000000000001,11.441,9.732,7.107,6.587666666666666,5.25575,6.908333333333334,9.651,8.924,7.193,7.719,10.669,6.507666666666666,8.08,8.31,7.455333333333333,CONTROL
5.907333333333334,4.233,7.4555,4.958,8.685,7.454499999999999,8.959,8.148,6.475,8.1235,10.417,7.431333333333334,11.397,7.96,12.289,9.351,7.9,12.76575,7.031,8.66,8.466,7.907500000000001,6.926500000000001,8.427,5.90625,9.8725,8.886,6.638,9.19,7.025333333333333,7.1035,7.263333333333333,5.71,8.05025,7.775333333333333,9.253,6.361000000000001,5.5845,5.477,9.0895,11.563,8.071,8.846,8.3535,10.263,5.677,7.539,7.503666666666667,8.726500000000001,8.23,8.494,9.593,8.371,7.811999999999999,5.82975,8.3385,10.646,6.7265,12.56,8.2334,5.904,6.483333333333333,6.187,3.6388,7.372,9.382,7.667,11.805,5.605,5.388,5.9895,8.491,11.148,7.752,6.0135000000000005,6.738666666666667,8.5335,7.1625,9.075,9.99,8.89425,11.159,8.6495,7.647499999999999,6.829,10.967,8.895,6.312,6.612666666666667,4.93875,6.854666666666667,9.154666666666667,8.249,7.239,8.309,8.417,6.618666666666667,8.54975,7.640666666666667,7.158333333333334,CONTROL
7.536666666666666,4.484,7.196,5.308,8.411,7.307,8.401,7.432,6.965,7.845,9.901,7.1003333333333325,10.907,7.605,11.962,8.084,7.648,12.646,7.026,8.201,8.493,7.8035,6.9045000000000005,8.409,5.75825,9.299,8.439,6.503,9.04,6.7123333333333335,7.013,6.836000000000001,5.647,7.33725,7.665666666666667,9.037,6.15225,4.537000000000001,5.073,8.586,11.132,8.101,8.565,7.9055,10.327,6.314,7.203,6.885666666666666,8.462,7.976,8.104,8.928,7.368,6.904999999999999,5.76075,8.4955,10.685,6.5195,12.3625,7.5182,5.2955,6.32,6.132,3.5632000000000006,7.182,8.7575,7.422,11.181,7.352499999999999,5.079,5.7195,8.191,9.628,7.728,5.9905,6.196333333333333,8.302,5.543,9.02,8.993,8.461500000000001,10.968,8.028,7.304,6.392,10.701,8.961,6.321,6.415,5.13225,6.597333333333332,9.169666666666666,8.087,7.242,7.327,9.978,6.207833333333333,8.166500000000001,8.030333333333333,7.075,IPD
7.469666666666666,4.573,7.3565,4.647,8.983,7.228,8.688,7.933,6.801,7.394,9.449,6.783,10.226,7.01,12.066,8.335,8.115,12.69875,6.317,8.159,7.752,7.5965,6.8215,7.906,5.87325,8.787,8.939,5.871,8.816,5.641666666666667,6.593,6.325333333333333,5.4830000000000005,7.44675,7.744333333333333,8.348,5.9475,5.220000000000001,6.26,8.312,11.484,8.021,8.401,7.95775,10.319,4.836,7.452,6.659,8.9285,7.846,7.906,8.85,7.897,7.1195,5.90025,8.147,10.334,6.118,12.322,7.644800000000001,5.973,5.895666666666667,5.785,3.6746,6.383,9.007000000000001,7.663,11.294,7.1485,5.785,5.3885000000000005,8.118,9.656,7.688499999999999,6.025,6.593333333333334,8.3545,6.192,8.975,8.916,7.77825,10.995,7.877499999999999,6.963,5.667999999999999,10.497,8.652,5.84,6.476,5.26,6.464333333333333,8.151,7.836,7.295,7.529,9.054,6.678333333333334,8.033999999999999,7.297666666666667,6.922999999999999,IPD
6.454666666666667,3.687,7.564500000000001,4.479,8.974,7.1425,8.2355,7.48,6.314,7.84,8.968,6.729500000000001,9.742,7.063,12.194,7.580999999999999,7.996,12.4995,5.95,7.873,7.827,7.2935,6.0805,8.001,5.73875,7.427,8.934,5.74,8.598,5.489666666666667,6.048,6.349333333333334,6.08,6.79825,7.831666666666666,8.706,5.559,3.8895,5.548,8.416,11.503,7.55,8.385,8.14725,10.449,4.781,6.926,7.075666666666667,8.817,6.929,7.39,8.148,7.595,6.955,5.33025,7.6855,10.37,5.9905,12.354,6.5812,5.643,5.641666666666667,5.58,3.7134,6.631,8.8765,7.072,10.8,5.923,5.53,5.6805,8.605,8.004,7.941,5.2385,6.648,7.8065,6.1965,8.895,8.923,7.85425,11.057,7.7105,6.3715,5.5905000000000005,10.215,8.789,6.289,5.919999999999999,4.99025,6.283333333333334,8.050666666666666,8.15,6.526,7.483,9.197,6.360333333333333,7.87225,7.760666666666666,7.055,IPD
6.25,4.034,7.258,4.584,9.273,7.34,8.7995,9.058,6.313,8.4055,10.18,7.775333333333333,11.26,7.54,12.578,8.586500000000001,7.466,12.8455,6.888,8.507,8.737,7.85,7.17,8.381,6.224,9.2795,9.286,6.786,9.319,7.097,7.0685,6.969333333333334,6.363,8.35475,7.802,9.623,6.38875,4.2445,5.302,8.876000000000001,12.197,8.597,9.293,8.481,10.911,5.11,8.065,7.435,9.2675,8.372,8.228,9.939,6.483,8.150500000000001,5.712,8.536999999999999,10.438,6.279,12.691,8.5244,6.4495000000000005,6.707666666666667,6.322,3.5384,7.256,9.4745,7.758,11.882,6.352,5.968,5.722,8.57,9.868,7.917,5.574,6.491666666666667,8.878,6.77,9.194,9.542,8.651,11.785,8.582,7.6765,6.5535,11.096,9.366,6.721,6.401,5.1057500000000005,6.65,9.001333333333333,8.317,7.23,7.938000000000001,9.568,6.493666666666666,8.271,7.957,7.113,CONTROL
6.71,3.519,6.779,5.039,8.77,7.016500000000001,8.325,7.999,6.214,7.467,9.805,6.893166666666667,10.241,6.871,12.248,7.748,7.481,12.72825,6.859,8.019,8.032,7.5835,6.8405000000000005,7.984,5.8877500000000005,8.5205,8.483,5.659,8.862,6.2,6.4125,6.636333333333333,5.8115000000000006,7.208,7.680333333333333,8.612,6.59225,4.597,5.906,8.459499999999998,11.349,8.001,8.462,8.13725,10.561,5.232,7.123,6.946666666666666,8.6815,7.99,7.254,8.835,6.694,7.042,5.23325,7.967499999999999,10.132,5.998,12.584,7.341800000000001,5.2860000000000005,5.4606666666666674,5.563,3.5178,6.084,9.1575,7.312,11.157,6.4945,5.428,5.7265,8.603,7.643,7.57,5.478999999999999,6.040333333333333,8.182,5.7345,8.617,9.252,7.83275,11.295,7.8835,6.994,5.835,10.704,9.051,5.419,6.289666666666666,5.390750000000001,6.388000000000001,8.700333333333333,7.644,7.114,7.461500000000001,9.669,6.2925,8.21125,8.039333333333333,7.175,IPD
6.114333333333334,4.051,7.158,4.894,8.948,7.2405,8.9225,8.44,5.866,7.8235,10.039,7.393499999999999,11.169,7.554,12.42,8.27,7.432,12.62,6.921,8.515,8.207,8.032499999999999,7.049,8.607,6.27425,8.993500000000001,9.026,6.392,9.556,6.958000000000001,7.195,6.7476666666666665,5.9295,7.745999999999999,7.761,9.014,6.184,4.785,5.194,8.9475,11.661,8.115,9.09,8.68,10.497,5.24,7.278,7.631,8.9815,7.86,8.228,9.633,8.11,7.6965,5.97775,8.517,11.042,6.555999999999999,12.743,7.7908,6.114,6.278333333333333,6.121,3.3634,7.132,9.2955,7.605,11.592,6.59,6.21,5.795,8.348,10.009,7.728,5.2435,6.34,8.4185,6.667,8.91,9.536,8.567,11.777,8.909,7.432,6.545,11.015,9.613,6.387,6.2636666666666665,5.4,6.640000000000001,9.120333333333331,7.837,7.436,8.0555,9.553,6.5056666666666665,8.56775,7.874,7.1610000000000005,IPD
6.610333333333333,3.93,6.757,4.906,8.8,7.038,7.8525,7.325,6.586,7.487,9.598,6.593333333333333,10.344,6.507,11.578,7.021000000000001,7.337,12.4775,6.241,8.287,8.283,7.633,5.8995,7.766,6.00575,8.655999999999999,8.818,6.273,8.961,6.073,6.299,6.016666666666667,5.5665,7.3085,7.734333333333335,8.881,5.8685,3.8265,5.154,8.245000000000001,11.515,7.935,8.547,7.80525,10.562,5.206,7.01,6.664000000000001,9.059,7.987,7.619,8.986,6.926,6.7525,5.437,8.006499999999999,10.667,6.407,12.0995,7.233199999999999,5.4495000000000005,5.384,6.322,3.6832,6.88,9.073,6.725,11.366,6.636,5.367,6.053,7.813,8.566,7.698,5.5440000000000005,5.687333333333334,8.277000000000001,5.54,8.659,9.061,7.90525,11.244,7.961,6.9855,5.585000000000001,10.505,8.832,5.657,6.333333333333333,5.4175,6.038666666666667,8.764000000000001,7.909,7.016,7.481,8.842,6.223,8.09075,8.186333333333334,7.164333333333334,CONTROL
7.359999999999999,3.773,7.396000000000001,5.202,8.695,7.351,8.801,8.227,6.884,8.178,9.77,7.190833333333334,11.186,7.702,12.964,8.751999999999999,7.737,12.787,7.301,8.508,8.344,7.7935,6.7815,8.692,6.22875,9.3205,8.813,6.543,8.879,6.702000000000001,6.962999999999999,6.308666666666667,5.8625,8.22725,7.534333333333333,8.945,6.30525,4.3935,5.933,8.7865,11.679,8.255,9.317,8.37625,10.826,6.192,7.52,8.010666666666667,9.354,8.123,7.992,9.416,7.905,7.1005,5.898,8.291,10.713,6.4485,12.9755,8.0608,6.122,5.9,6.608,3.6866,7.321,9.618,7.415,11.672,7.5335,5.844,6.1575,8.806,10.42,7.699999999999999,5.436,6.866666666666667,8.5855,7.314500000000001,9.044,9.309,8.567250000000001,11.712,8.337499999999999,7.739,6.622,11.005,9.492,5.499,6.494666666666667,5.60125,6.666333333333334,8.84,7.949,7.06,7.8765,10.439,6.627833333333332,8.34525,7.594666666666668,7.107666666666667,CONTROL
7.529666666666666,4.72,7.33,5.121,8.924,7.6745,8.561,8.208,6.666,7.857,10.033,6.856000000000001,11.011,7.158,12.339,7.3155,7.854,12.59,7.149,8.391,8.016,7.846,6.6555,8.359,6.06475,9.136,8.678,6.674,8.941,6.501333333333332,6.285,6.348,5.3945,7.433750000000001,7.750333333333333,9.07,6.20225,4.6015,5.841,8.783,11.817,8.201,8.806,8.3295,10.699,5.32,7.356,7.041,8.9835,8.155,8.024,9.091,7.975,6.9925,5.58625,8.1145,10.617,6.2665,12.383,7.7482,6.3740000000000006,5.9433333333333325,7.0,3.454,6.95,9.122,7.217,11.379,7.3035,5.704,5.134,8.332,9.246,7.8475,5.768000000000001,5.836666666666666,8.055,6.047499999999999,9.074,9.344,8.04775,11.25,8.249500000000001,7.244,5.82,11.104,9.292,6.139,5.920333333333333,5.1715,6.803,9.009333333333332,8.151,7.128,7.5905,8.861,6.1445,8.28375,7.844333333333334,6.849999999999999,IPD
7.608666666666667,4.061,7.048,5.267,9.121,7.269,8.467500000000001,7.548,6.706,7.637,9.866,6.696166666666667,10.686,6.376,12.31,8.001,7.741,12.794,6.922,7.996,7.976,7.724500000000001,6.5685,8.489,5.68425,8.977,8.959,6.209,8.986,6.2363333333333335,6.402,6.698333333333333,5.8795,7.53775,7.784666666666666,8.648,5.853,4.348,5.617,8.3995,11.842,8.046,8.849,8.2235,10.848,5.944,7.435,6.9543333333333335,8.998000000000001,8.232,7.947,9.19,6.985,6.5955,5.474,7.886,10.22,6.549,12.6875,7.7012,5.6145,5.832333333333334,6.29,3.8370000000000006,6.87,9.1085,7.285,11.792,7.232,6.043,5.4325,8.203,9.082,7.654,5.643,6.213666666666668,8.4315,5.9095,9.061,9.246,7.994,11.284,8.1295,7.194,6.244999999999999,10.788,9.096,5.924,6.318666666666666,5.3315,6.256,8.222,8.402,7.296,7.6775,10.944,6.449333333333333,8.22575,7.941,6.988,IPD
6.448,4.062,7.359500000000001,4.284,9.392,7.516500000000001,8.549,8.42,6.473,7.9435,10.157,7.412666666666666,10.976,7.552,12.276,7.6235,7.626,12.68725,7.366,8.218,8.548,7.9205,6.8805,8.844,6.04425,9.0875,9.135,6.418,8.656,6.530666666666666,6.7775,6.727666666666667,5.808,7.49,7.916333333333333,9.322,5.88725,4.869,5.722,8.96,12.014,8.442,8.981,8.687,11.281,5.361,6.533,6.976333333333333,9.047,8.242,8.476,9.352,7.964,7.1385000000000005,5.75525,8.219,10.723,6.125500000000001,12.6505,7.990399999999999,6.192,6.107333333333333,6.512,3.6818,6.983,9.2795,7.475,12.121,6.008,6.119,6.0335,8.486,9.257,7.8,5.68,6.515333333333333,8.503,6.6045,9.435,9.675,8.52125,11.396,8.5485,7.1850000000000005,6.371499999999999,11.023,9.64,6.055,6.4366666666666665,5.386749999999999,6.75,9.244333333333334,8.6,7.247,7.2965,9.43,6.360166666666667,8.42725,8.375,6.890333333333333,IPD
6.185333333333333,3.962,7.4665,4.587,9.194,7.457,8.6125,8.386,5.665,8.1815,10.163,7.728999999999999,11.076,7.788,12.415,8.8925,7.844,12.9555,6.93,8.408,8.407,7.9045,6.9965,8.229,6.28475,9.3025,9.018,6.286,9.314,6.640333333333333,6.9465,6.862666666666667,6.003500000000001,8.08,7.920999999999999,9.052,6.05725,4.4985,5.145,8.9805,11.725,7.933,9.148,8.7665,10.657,4.802,7.524,7.709666666666666,9.05,8.033,8.147,9.533,7.899,7.8635,5.91725,8.4795,10.732,6.586,12.605,7.919200000000001,6.220000000000001,6.206666666666667,6.147,3.6538,6.877,9.675,7.577,11.637,6.2285,6.172,5.8185,8.319,9.63,7.8145,5.4365,6.297,8.750499999999999,6.586499999999999,9.112,9.491,8.73725,11.838,8.691,7.342499999999999,6.6,11.031,9.274,6.094,6.271,5.26575,6.6273333333333335,9.193333333333332,7.841,7.319,7.677,9.286,6.578666666666667,8.374,7.759333333333333,7.078333333333333,IPD
6.405,3.774,7.413,5.295,9.26,7.1545,8.0825,7.703,6.795,7.859,9.959,6.962833333333333,10.569,7.666,12.403,7.922000000000001,7.699,12.85675,6.273,8.172,8.09,7.579499999999999,6.6745,8.132,5.866,9.134,9.278,6.247,8.812,6.188,6.862,6.121333333333333,5.6945,7.85825,7.831333333333333,9.013,6.5555,4.754,5.298,8.397499999999999,11.96,8.123,8.804,8.56025,10.402,5.224,6.263,6.461666666666666,8.9065,8.147,7.993,9.396,6.637,7.106,5.5305,8.293,11.004,6.471500000000001,12.7295,8.1266,5.5115,5.710666666666666,6.09,3.8212,6.83,9.515,7.892,11.311,6.3605,5.748,5.963,8.449,9.91,7.863,5.7355,6.489666666666667,8.038,6.5465,9.025,9.796,8.4515,11.19,8.001000000000001,7.289,5.74,10.951,8.979,5.823,5.953666666666667,5.117,6.591333333333334,8.507666666666667,8.255,6.986,7.560499999999999,10.048,6.368666666666667,7.842,7.803999999999999,6.883666666666667,CONTROL
5.578,3.764,7.8145,4.419,9.428,7.7535,9.174,8.57,6.151,7.6625,10.464,7.669499999999999,11.455,7.951,12.633,9.0515,8.048,12.85225,6.727,8.653,8.543,7.881,7.441000000000001,8.751,6.3705,9.3075,9.826,6.976,8.868,6.712,6.9990000000000006,6.859999999999999,6.263999999999999,8.440999999999999,8.378,9.4,6.191,4.6955,5.655,9.4785,12.29,8.441,9.436,8.816,10.712,5.425,8.022,8.106333333333334,9.513,8.419,8.797,10.123,7.543,8.132,6.25675,8.6205,10.991,6.628,12.9085,8.511199999999999,6.317,6.515999999999999,6.468,3.7336,7.359,9.9385,7.533,12.293,5.6370000000000005,5.565,5.4885,8.595,11.102,8.2425,5.464,7.612333333333333,8.955,7.782500000000001,9.574,9.81,9.21,12.132,8.870000000000001,7.4885,6.8155,11.248,9.639,6.95,6.431666666666668,5.05,7.059666666666666,9.402666666666669,8.55,7.203,8.212,10.326,6.729333333333333,8.733,8.411666666666667,7.333666666666667,CONTROL
6.608666666666667,3.579,6.8815,4.937,8.38,7.390000000000001,7.6865,8.189,6.089,7.567,9.291,6.604666666666667,10.422,6.736,11.472,6.7095,6.51,12.22075,6.83,7.962,7.554,7.8375,6.157,8.033,6.0145,8.615,8.386,6.106,9.359,6.390000000000001,6.251,6.446000000000001,6.212,6.3775,7.204999999999999,7.893,5.66925,3.7745,5.532,7.952500000000001,10.666,8.215,8.345,7.573749999999999,10.192,5.646,6.8,7.186,8.334,7.275,7.319,8.969,7.736,6.9795,5.4565,8.07,9.868,6.394500000000001,11.78,7.006399999999999,6.3665,5.4510000000000005,6.515,3.6538,6.42,8.397,7.405,10.605,6.9555,6.108,6.0855,7.19,8.939,7.41,5.3335,5.56,8.189499999999999,5.628,9.01,8.087,8.00125,11.446,7.7915,6.840999999999999,6.368,10.217,9.358,6.02,6.341,5.70875,6.392666666666667,8.797333333333333,7.534,7.154,7.406499999999999,9.003,6.033333333333334,8.2025,7.566333333333333,7.017,IPD
6.242333333333334,4.415,7.502,5.56,9.38,7.6745,9.109,8.424,6.538,7.845,10.269,8.230333333333334,11.069,8.13,12.49,9.3,8.138,12.86475,7.069,8.823,8.382,8.057,7.2355,8.593,6.41875,8.8285,9.29,7.042,9.174,6.566666666666666,6.753500000000001,6.815666666666666,6.3795,8.6725,8.179333333333334,9.232,6.3035,7.609500000000001,5.665,9.474,12.04,8.037,8.962,9.0935,10.487,6.085,8.262,8.791,9.156,8.519,8.068,9.663,8.213,7.922,5.623,8.582999999999998,10.894,7.055,12.57,8.1978,7.1985,6.562666666666666,6.432,3.874,7.18,9.419,7.991,11.892,7.032500000000001,6.175,5.906000000000001,9.073,5.207,8.2055,5.8755,7.651,8.692,7.77,9.347,9.514,8.93575,11.548,8.717500000000001,7.799,6.6850000000000005,11.124,9.203,6.431,6.917333333333333,5.376,7.043333333333333,8.951,8.238,7.39,8.251999999999999,9.446,6.894833333333334,8.60775,8.022666666666666,7.374666666666666,CONTROL
6.187666666666666,3.92,7.3195,4.802,8.624,7.06,8.0905,7.733,6.629,7.6875,9.867,7.315666666666666,10.289,7.401,12.045,7.128,7.393,12.47575,6.594,8.051,7.772,7.634,6.4825,8.171,5.981,8.340499999999999,8.49,5.9,9.309,6.102333333333334,6.341,6.228666666666666,5.7595,7.111,7.384,8.478,5.725,4.5725,5.771,8.244,10.924,8.139,8.539,7.8765,10.255,5.244,7.043,6.979666666666667,8.354,7.721,7.379,8.757,7.249,7.5055,5.8055,8.163,10.217,6.3605,12.037,7.019,6.058,5.513333333333333,6.137,3.7024,6.982,9.0345,7.266,10.563,6.996499999999999,5.802,5.9990000000000006,8.258,8.713,7.648,5.4405,6.402,8.318000000000001,5.5555,8.577,8.734,7.89925,11.173,8.2535,7.3645,6.004,10.35,8.726,6.32,6.331333333333333,5.532,6.717666666666666,8.874666666666666,7.749,7.305,7.2735,8.971,6.179666666666667,8.31525,7.592666666666666,7.073,CONTROL
6.999666666666667,3.846,6.926,5.131,8.865,7.3625,8.564,7.654,6.091,7.413,9.322,6.825333333333333,10.383,7.219,11.933,7.4155,7.109,12.63925,6.372,7.945,7.713,7.550499999999999,6.383,8.543,6.04925,8.324,8.92,6.274,8.741,6.052,6.311,6.573,5.914,7.001250000000001,7.743666666666667,8.763,5.96025,3.5860000000000003,5.73,8.312999999999999,11.39,8.168,8.668,8.0685,10.142,5.574,7.172,7.171333333333333,8.686499999999999,7.573,7.566,9.049,6.772,7.373,5.613250000000001,8.121,9.898,6.2715,12.3625,7.1256,6.1775,5.569,6.075,3.772,7.111,9.0435,6.853,11.005,7.1370000000000005,5.941,5.6485,8.08,8.573,7.4465,5.628,6.014,8.222999999999999,5.948499999999999,8.537,8.671,8.03025,11.195,8.227,7.221999999999999,5.8045,10.264,8.849,5.892,6.075,5.28775,6.261333333333333,8.092,7.86,7.252,7.4395,9.321,6.402,8.123999999999999,7.563,6.976333333333334,CONTROL
6.217333333333333,4.033,7.473,5.375,9.006,7.2745,8.626000000000001,8.295,6.676,7.608499999999999,10.081,7.931166666666666,10.714,7.686,12.029,8.3735,7.361,12.783,6.437,8.139,7.989,7.673,6.767,8.035,5.792,8.7965,9.053,6.344,9.162,6.5423333333333344,6.851,6.561333333333334,5.9030000000000005,7.7515,7.689333333333334,8.833,6.2585,4.5085,5.894,8.6535,11.475,8.026,8.681,8.6505,10.35,5.562,7.229,7.477333333333333,8.621500000000001,7.868,7.694,9.058,7.012,7.7865,5.84875,8.23,10.464,6.5175,12.482,7.518000000000001,6.4205000000000005,5.901666666666666,6.156,3.7902,6.848,9.351,7.28,11.226,6.5295,6.213,5.8365,8.142,9.852,7.718500000000001,5.568,6.391000000000001,8.3255,6.241,8.75,9.461,8.595500000000001,11.513,8.431000000000001,7.202999999999999,6.456,10.856,9.471,6.125,6.417333333333333,5.42475,6.642,8.889666666666667,7.751,6.944,8.022,9.34,6.395333333333333,8.23475,7.771666666666667,7.05,IPD
6.441,3.874,7.417999999999999,5.055,8.86,7.3225,8.533,7.258,6.752,7.589,9.657,7.409666666666666,10.618,6.982,11.992,7.673,7.632,12.38225,6.189,8.193,8.034,7.659499999999999,6.473,8.221,5.8635,8.8605,8.643,6.627,9.079,6.225666666666666,6.6885,6.667000000000001,5.6365,7.54125,7.428333333333334,8.845,5.99325,4.484,5.591,8.425,11.297,8.1,8.509,7.98175,10.385,5.605,6.605,6.828333333333333,8.5515,7.75,7.719,9.146,7.211,7.244,5.843,8.235,10.138,6.497,12.3405,7.686,6.1765,5.759333333333333,6.048,3.6019999999999994,6.722,8.799,7.593,10.991,6.651,5.33,6.1365,8.307,7.305,7.4395,5.3075,6.316666666666666,8.250499999999999,5.596500000000001,8.905,8.975,8.10525,11.027,8.244,6.8715,6.0245,10.541,8.786,5.826,6.039000000000001,5.4030000000000005,6.597666666666666,8.659,7.873,7.184,7.6305,9.129,6.081666666666667,8.2945,7.815666666666666,7.113666666666667,CONTROL
6.7860000000000005,4.363,7.468500000000001,4.613,8.932,7.455,8.542,8.016,6.247,7.9175,9.806,7.488833333333333,10.397,7.54,11.874,7.697,7.637,12.51925,6.768,8.295,7.802,7.6865,6.783,8.291,5.86975,8.586500000000001,8.577,6.367,8.953,6.303333333333334,6.537,6.545999999999999,5.9345,7.525749999999999,7.594666666666666,8.842,6.2005,3.73,5.396,8.253,11.315,7.891,8.497,7.8595,10.342,5.688,6.633,6.972,8.7255,7.939,7.554,8.909,7.35,7.4645,5.696,8.235,10.617,6.328,12.034,7.4872,6.4405,5.764333333333333,6.219,3.6356,6.699,9.0095,7.319,10.92,7.276,5.885,5.7685,8.354,9.359,7.835,5.2780000000000005,6.276666666666666,8.152000000000001,5.526,8.693,9.075,8.27,11.076,8.251000000000001,7.063000000000001,6.172499999999999,10.706,9.139,5.577,6.170999999999999,5.49625,6.745333333333334,8.948333333333332,7.784,7.332,7.507,8.531,6.212833333333333,8.36275,8.116,7.123,IPD
6.5793333333333335,4.492,7.354,5.268,9.321,7.361,8.9535,8.173,6.705,7.8325,9.825,7.4755,10.847,7.762,12.18,8.074,7.534,12.45025,6.743,8.114,8.008,7.779999999999999,7.0505,9.052,5.85125,8.942,8.687,7.237,9.13,6.622,6.781,6.815,5.558,8.033249999999999,7.679666666666667,9.412,6.39625,4.9185,5.329,8.3545,11.517,8.236,8.829,7.8215,10.222,5.728,6.94,6.752666666666666,8.641,7.873,7.678,9.206,7.702,6.875500000000001,5.892250000000001,8.428999999999998,10.631,6.5905000000000005,12.3765,8.4258,7.038,6.390333333333333,6.427,3.6352,7.146,8.8585,7.782,11.337,6.6555,6.579,5.385,8.063,10.469,7.7895,5.6915,6.391333333333333,8.1755,6.9225,8.957,8.897,8.57775,10.57,8.1895,7.587499999999999,6.255000000000001,10.716,8.248,5.755,6.381666666666667,5.03925,6.542000000000001,8.471666666666666,7.79,7.687,7.537,9.683,6.6525,8.19225,7.790333333333334,6.926666666666667,CONTROL
6.5616666666666665,4.389,7.250500000000001,4.669,9.0,7.154,8.7235,8.177,6.112,7.8515,9.673,7.533166666666666,10.674,7.14,12.27,8.077,7.301,12.5315,6.067,8.09,7.954,7.7605,6.6055,8.539,6.1825,8.1725,8.793,6.669,9.318,6.419999999999999,6.718500000000001,6.626333333333334,5.968,7.325,7.752666666666667,8.867,6.22675,4.641500000000001,5.009,8.7245,11.557,8.048,8.54,8.18925,10.023,5.215,7.294,7.684,8.891,7.319,7.56,9.218,7.45,7.678,5.8215,8.1555,10.337,6.265000000000001,12.4735,7.412999999999999,6.388,5.944,6.089,3.9494,6.671,8.8005,7.319,11.341,6.419,6.207,5.9415,8.078,8.959,7.883000000000001,5.6375,6.154,8.219999999999999,6.45,8.843,9.333,8.09525,11.476,8.282,7.277,5.9190000000000005,10.217,8.852,6.069,6.067,5.2395000000000005,6.424333333333333,8.512,7.474,7.279,7.4735,8.857,6.259166666666666,8.237499999999999,7.649333333333334,6.921666666666667,IPD
6.273333333333333,4.285,7.8445,4.793,9.655,7.7255,9.0585,7.878,6.043,8.212,10.29,8.467,10.747,8.253,12.404,9.2875,7.924,12.9735,6.907,8.648,8.365,7.936,7.202,8.561,6.286,9.273,9.39,7.213,9.24,6.703666666666667,6.913,6.937333333333334,6.151,8.47575,8.119,9.474,6.4355,6.134,5.983,9.353000000000002,12.0,8.072,8.852,9.02425,10.526,5.356,7.736,7.864666666666667,9.0055,8.124,8.377,9.615,8.022,8.1165,6.17675,8.712,11.26,6.888999999999999,12.6765,8.4,6.6335,6.133,6.647,3.527,7.374,10.049,7.749,11.709,6.9635,6.145,5.3565,8.956,11.115,8.0745,5.8065,7.215333333333334,8.678,7.147,8.928,9.878,8.811499999999999,11.466,8.903500000000001,7.470000000000001,6.441,11.393,9.198,6.854,6.484666666666667,5.03375,6.9976666666666665,9.217666666666666,8.054,7.467,8.422,9.311,6.9385,8.39125,7.810333333333332,7.229,IPD
6.669333333333333,4.435,6.781000000000001,4.91,8.667,6.917999999999999,8.248999999999999,7.81,6.735,7.734,9.371,6.677833333333333,10.266,6.778,12.133,7.301,7.68,12.525,6.659,7.532,7.814,7.6665,6.1495,7.975,5.83575,8.275500000000001,8.171,5.549,9.234,6.041,6.107,6.423666666666667,5.374499999999999,6.74475,7.462666666666666,8.235,5.7035,3.9295,5.55,8.0495,11.18,7.889,8.233,7.6515,10.19,5.103,6.397,6.753333333333333,8.719000000000001,7.132,7.022,8.652,6.953,6.8655,5.3797500000000005,7.804,10.196,5.9190000000000005,12.429,7.383599999999999,5.8775,5.672000000000001,5.719,3.8914,6.033,8.7255,6.543,10.995,6.679,5.252,5.922000000000001,7.726,8.143,7.4915,5.338,5.846333333333334,7.907999999999999,5.9545,8.552,8.419,7.91175,10.87,8.035499999999999,6.781499999999999,6.009,10.33,8.479,5.311,6.128333333333334,5.261,6.547999999999999,8.111666666666666,7.617,7.298,7.369,9.014,5.9976666666666665,7.88525,7.645,6.860333333333333,IPD
6.1513333333333335,3.594,7.044499999999999,4.849,9.231,7.371,8.7355,8.223,6.354,7.9135,10.127,7.251833333333334,10.924,7.703,12.411,8.529499999999999,7.673,12.5315,6.852,7.975,8.55,7.7625,6.6235,8.243,6.1,9.252,9.149,6.734,9.138,6.516000000000001,6.8065,6.763333333333333,5.3305,7.69025,7.995333333333334,9.05,5.86075,4.185499999999999,4.96,8.6475,12.049,8.368,9.179,8.68425,10.635,4.54,6.998,7.157,9.3735,7.782,8.431,9.758,7.772,7.0715,5.82625,8.169,10.483,6.4275,12.904,8.180800000000001,6.113,5.953,5.723,3.5632000000000006,7.362,9.2645,7.407,12.099,5.8755,6.101,5.594,7.708,10.578,7.926500000000001,5.2545,6.609999999999999,8.5425,7.7795,8.779,9.251,8.547,11.271,8.696,7.3835,6.6865000000000006,10.934,8.908,6.163,6.057,5.33525,6.592,9.053,8.016,7.348,7.7735,9.907,6.6955,8.333,7.604666666666667,6.761333333333333,CONTROL
6.206333333333333,4.297,6.66,5.101,8.616,6.5,8.1925,7.048,6.211,7.262499999999999,8.737,6.347,9.827,6.984,11.782,7.4435,7.579,12.418,6.215,7.61,7.853,7.3115,5.9355,7.749,5.5245,7.448,8.742,5.751,8.576,5.235333333333333,6.3045,6.102,5.4665,6.67825,7.128,7.957,5.7275,3.091,5.368,7.759499999999999,11.266,7.583,7.963,8.077,9.976,5.166,5.944,6.390666666666667,8.144,7.47,6.85,8.245,6.852,6.7805,5.3580000000000005,7.6935,10.141,5.7275,12.395,6.972799999999999,5.255,5.311333333333333,5.043,3.904,5.63,8.836500000000001,6.391,10.746,5.672,5.733,5.729,7.862,7.481,7.3305,4.9055,5.995666666666668,7.802,5.3395,8.335,8.553,7.72175,10.997,7.641500000000001,6.830500000000001,5.4255,10.062,8.278,5.12,5.800999999999999,4.8895,6.019666666666667,7.807666666666667,7.405,6.934,7.159,8.5,5.928833333333333,7.822,7.182666666666667,6.855999999999999,CONTROL
6.5393333333333326,4.849,7.164,5.016,9.01,7.2725,8.581,8.096,6.365,7.768499999999999,9.816,7.067333333333334,10.306,7.439,12.305,7.643,7.689,12.55825,6.774,8.093,8.055,7.464,6.361000000000001,8.481,6.02325,8.273,8.894,6.562,8.625,6.431333333333334,6.372,6.507000000000001,5.6305,7.061,7.780666666666666,8.731,5.7595,4.463,6.358,8.268,11.349,7.885,8.412,8.1545,10.3,5.27,6.885,7.079999999999999,8.4435,7.643,7.715,8.872,7.439,7.554,5.42075,8.332,10.321,5.981999999999999,12.450500000000002,7.676399999999999,5.915,5.9656666666666665,6.329,3.6994,6.77,8.937000000000001,7.45,11.187,6.532500000000001,5.939,5.7455,7.978,9.545,7.711,5.656,6.382666666666666,7.9145,6.019500000000001,8.59,9.271,8.06575,11.031,7.8655,7.568,5.883,10.397,8.77,6.237,6.066,5.2642500000000005,6.200666666666667,8.743,7.5,7.227,7.4825,9.124,6.2955,8.0575,7.744,6.971,CONTROL
6.442,4.495,7.097,4.762,9.104,7.35,8.849,8.545,6.596,7.818,9.957,7.999666666666666,10.902,7.798,12.31,8.222000000000001,7.784,12.77025,6.833,8.232,8.282,7.802,6.7795000000000005,8.404,6.05675,8.9825,8.62,6.622,9.119,6.868666666666667,6.8895,6.999,5.871,7.775,7.619666666666666,9.12,6.04725,4.706,5.602,8.8525,11.498,8.034,8.953,8.346499999999999,10.366,5.724,7.45,7.319,8.7865,7.788,8.012,9.327,7.366,7.235,5.9565,8.408,10.259,6.4215,12.523,8.015,6.083,6.046666666666667,6.021,3.627,7.019,9.1145,7.371,11.568,6.471,5.993,5.9675,8.619,9.371,7.8815,5.412,6.356333333333333,8.306999999999999,6.731999999999999,8.952,8.961,8.4395,11.477,8.368,7.5445,6.193,10.769,8.815,6.309,6.428,5.1985,6.692666666666667,8.914666666666667,7.895,7.254,7.624,9.236,6.484333333333333,8.21925,7.703,7.128,CONTROL
6.208666666666667,4.086,6.811,4.892,8.707,7.2835,8.466,8.03,6.702,7.805,9.733,7.507000000000001,10.396,7.545,12.093,7.918,7.251,12.417,5.909,8.111,8.114,7.640499999999999,6.522,8.187,5.98275,8.5535,8.583,6.078,9.066,6.544666666666667,6.2155000000000005,6.609999999999999,6.1155,7.28775,7.623666666666666,8.631,5.8215,4.145,5.317,8.67,11.082,7.94,8.482,8.163,10.243,5.972,7.117,7.352333333333334,8.599,7.406,7.222,9.128,7.295,7.609999999999999,5.68275,8.2735,10.074,6.568,12.2085,7.7376,5.9945,5.946666666666666,5.942,3.801,6.523,8.883,7.387,11.089,6.549,6.049,5.5135000000000005,8.118,9.076,7.7175,5.218999999999999,6.364333333333334,8.3305,6.346,8.348,8.757,8.27575,11.227,8.368500000000001,7.175,6.006,10.546,8.976,6.4,6.206,5.407500000000001,6.264666666666667,8.829333333333333,7.778,6.988,7.4215,9.015,6.3053333333333335,8.29275,7.672999999999999,7.016000000000001,CONTROL
6.457333333333334,4.265,7.233499999999999,5.158,8.225,7.1915,8.4955,7.827,6.192,7.52,9.425,6.754666666666666,10.489,7.382,12.229,7.391,6.828,12.6515,6.734,8.376,7.719,7.4785,6.7155,8.468,6.073499999999999,8.33,8.799,6.192,8.808,6.188666666666666,6.5955,6.501666666666668,5.9415,7.25125,7.612333333333333,8.751,5.747,4.557,5.456,8.796,11.478,8.001,8.764,7.9305,10.732,5.389,7.676,7.686,8.656500000000001,7.747,6.472,8.123,7.71,7.910500000000001,5.671749999999999,8.529499999999999,10.388,6.0715,12.6465,7.003,5.6245,6.177333333333333,5.306,3.7388,6.594,8.9555,6.449,11.348,6.7255,5.827,5.688,8.462,9.2,7.829000000000001,5.298500000000001,6.199333333333333,8.335,6.0105,8.833,8.685,8.2995,11.547,8.247,7.022,6.1325,10.488,8.726,6.146,6.193666666666666,5.216,6.625333333333334,7.938,7.748,7.408,7.7835,9.295,6.16,7.911,7.78,6.843,IPD
6.1066666666666665,4.008,7.923999999999999,4.723,8.922,7.922000000000001,8.886,8.354,5.835,8.254999999999999,10.547,7.751666666666668,11.084,7.95,12.477,7.8305,7.455,12.97925,6.647,8.863,8.442,7.7125,7.0495,8.526,6.12675,9.161,9.426,6.866,8.787,6.666333333333334,7.2135,6.666,6.348,8.31825,7.4396666666666675,9.278,6.18125,4.2895,5.517,8.892,12.005,8.845,9.625,8.3645,10.966,5.755,8.073,7.469666666666666,9.59,8.576,7.882,8.853,6.836,8.0725,5.77925,8.652000000000001,10.647,6.6515,12.8425,8.028,6.5675,6.270333333333333,6.694,3.5286,7.588,9.873,7.661,11.639,7.010999999999999,5.413,5.9655000000000005,9.56,10.842,7.843500000000001,5.5265,7.119666666666667,8.699,5.8535,9.43,9.718,8.508,11.526,8.350999999999999,8.04,6.4575,11.166,9.725,6.669,6.3486666666666665,5.28875,7.1930000000000005,9.3,8.613,7.435,8.350999999999999,9.76,6.499833333333334,8.15975,7.636666666666667,7.233666666666667,CONTROL
6.385000000000001,4.397,7.2565,4.765,8.629,7.159000000000001,8.690999999999999,7.524,6.332,7.33,9.413,6.857833333333333,10.272,7.759,12.291,7.235,7.623,12.5665,6.63,7.538,8.463,7.2765,6.894500000000001,8.249,6.21525,8.461500000000001,8.033,6.349,9.035,6.566333333333334,7.052,6.173333333333333,5.343,7.9815,7.297999999999999,8.732,6.1315,4.4785,5.317,8.495999999999999,11.365,8.011,8.345,7.916,10.199,5.029,7.801,7.185,9.0955,7.15,8.262,9.212,6.763,7.6765,5.61775,8.163499999999999,9.897,6.3765,12.4685,7.636,5.7325,6.263333333333333,5.965,3.8282,6.539,8.729,7.451,11.442,6.505,5.391,5.844,7.976,9.092,7.636,5.581,5.959,8.055,6.3115000000000006,8.564,9.144,7.97925,11.011,8.0155,7.1805,6.107,10.006,8.439,5.739,6.119666666666667,5.34925,6.349333333333334,8.528333333333334,7.57,7.146,7.718,8.391,6.1355,7.9185,7.172333333333333,6.776,CONTROL
6.558666666666667,3.924,7.0945,5.052,8.237,7.4585,8.783999999999999,8.084,6.585,8.2505,10.05,7.458666666666667,10.959,8.365,11.97,7.621,7.422,12.82775,7.215,8.206,8.225,7.576499999999999,7.422,8.591,6.23,9.36,8.267,6.66,9.328,6.937333333333334,6.742999999999999,6.881333333333333,6.0305,8.25025,7.167000000000001,8.929,6.3870000000000005,4.9545,5.518,8.7025,11.06,8.293,8.945,8.2225,10.65,4.77,7.858,7.526666666666666,8.837,7.927,8.005,9.843,7.186,8.25,6.1655,8.5785,10.216,6.7865,12.2905,8.0154,6.1645,6.3453333333333335,6.402,3.6596,7.09,9.2465,7.858,11.637,6.3260000000000005,5.648,6.078,8.903,9.894,7.682,5.5455000000000005,6.602,8.545,6.174,8.703,9.238,8.36625,11.171,8.408000000000001,7.5835,6.2745,10.553,9.226,5.754,7.008333333333333,5.469250000000001,7.051333333333333,8.923,8.204,7.07,8.077,9.029,6.248166666666666,8.352,7.461333333333333,7.025333333333333,CONTROL
5.822666666666667,4.14,7.9225,4.978,8.863,7.4855,9.0505,8.527,6.373,8.232,10.224,8.15,11.023,8.507,12.662,8.646999999999998,7.57,12.866,7.224,8.617,8.691,7.888,7.38,8.617,6.5815,9.066,8.868,6.902,9.084,7.142666666666666,7.465,6.946666666666666,6.6035,8.397749999999998,7.447333333333333,9.442,6.6555,5.2795000000000005,5.414,9.2165,11.438,7.972,8.916,8.616,10.452,5.006,8.359,8.078333333333333,9.1675,8.124,8.369,9.744,7.442,8.585,6.17525,8.869,10.492,7.0815,12.499,8.517199999999999,6.6645,6.669333333333333,6.523,3.5478,7.309,9.5905,7.435,11.89,6.236000000000001,6.231,5.590999999999999,8.537,10.235,8.0405,5.519,6.557,8.908,7.1145,8.655,9.692,8.7385,11.549,8.8625,7.4115,6.425000000000001,10.685,9.237,6.593,6.911333333333334,5.0600000000000005,7.138333333333333,8.987,7.974,7.091,8.4665,8.672,6.735333333333333,8.2065,7.442,6.977333333333334,IPD
6.222333333333334,4.477,6.4905,5.09,8.602,6.9865,8.169,7.675,6.645,7.560499999999999,9.605,6.686333333333334,10.448,8.005,11.909,7.5035,8.021,12.50825,6.972,7.839,8.248,7.4415,6.6325,8.522,5.7825,8.5805,8.207,6.481,9.362,6.437,6.7295,6.179666666666667,5.219,7.720750000000001,7.073,8.691,5.69325,4.577500000000001,5.687,7.838,10.998,8.146,8.782,7.52425,10.251,5.66,7.154,6.974333333333334,8.7415,7.44,8.125,9.463,7.477,6.651,5.9565,8.4335,9.939,6.882,12.1335,7.949599999999999,5.621,5.854333333333333,5.942,3.6244,6.797,8.5235,7.496,11.036,6.346,5.615,5.922,7.796,8.958,7.374499999999999,5.612500000000001,5.603999999999999,8.227500000000001,6.5175,8.647,8.092,8.13325,10.842,7.7465,7.0495,6.221500000000001,10.182,8.025,5.633,6.236000000000001,5.38075,6.347666666666666,8.234333333333334,7.881,7.239,7.33,9.561,6.1345,8.22325,7.463999999999999,7.075666666666667,IPD
7.606000000000001,4.601,7.8655,4.914,9.198,7.7155,8.5785,8.14,6.491,7.7725,9.65,7.141500000000001,10.945,7.895,12.654,8.033,7.91,12.99,6.796,8.208,9.07,7.667,6.493,8.673,6.77275,8.836,8.786,6.872,9.608,6.658333333333334,6.836499999999999,6.934333333333334,5.804,8.0595,8.074333333333334,8.981,5.8595,4.2855,5.554,8.7205,12.024,8.264,8.934,8.378,10.561,5.576,7.61,7.612999999999999,9.536,7.833,8.424,9.923,7.414,7.7545,5.89375,8.6265,10.48,6.722,13.1245,7.8976,6.0635,6.186,6.355,3.4612000000000003,7.411,9.244,7.595,11.968,7.468999999999999,6.128,5.108,8.008,9.708,7.933,5.718,6.916333333333334,8.326,5.9795,9.015,9.381,8.694500000000001,11.65,8.1725,7.1995000000000005,6.2685,10.403,9.142,6.516,6.544666666666667,5.08875,6.529333333333334,9.043666666666669,8.299,7.263,7.778,10.359,6.281333333333333,8.0935,7.563,7.0776666666666666,IPD
6.449000000000001,3.571,6.8215,4.444,8.343,6.883,7.781499999999999,7.365,5.243,7.724,8.748,6.197666666666667,9.984,7.062,11.311,6.2835,6.876,12.412,6.644,7.327,7.215,7.398,6.3165,8.012,5.759,8.0205,8.436,5.824,9.081,5.759666666666667,6.2675,5.893,6.116,6.7425,7.324000000000001,8.372,5.44275,4.1850000000000005,4.711,7.508500000000001,11.131,8.214,8.38,7.449,9.746,4.645,6.931,7.034,8.8215,6.864,7.078,9.178,6.769,7.1725,5.321,7.8315,9.326,6.1955,12.1855,6.8018,5.749499999999999,5.023,5.784,3.8556,7.315,8.716000000000001,6.866,10.485,6.9185,4.891,6.1,7.817,7.443,7.281000000000001,4.9655000000000005,5.846666666666667,7.996499999999999,4.966,8.601,8.586,7.69375,10.654,7.342499999999999,6.9505,5.3485,9.35,8.637,5.461,6.202333333333333,5.74325,6.3356666666666674,7.671333333333334,7.747,6.847,6.8125,9.424,5.830666666666667,7.633,7.475666666666666,6.386666666666667,CONTROL
6.964333333333333,4.203,7.140000000000001,4.784,8.916,7.2925,8.228,7.319,6.783,7.4885,9.688,6.7805,10.684,7.772,12.099,7.3255,7.424,12.773,6.374,8.521,8.469,7.5965,6.4095,8.554,6.0365,9.188,8.438,6.802,9.291,6.360333333333333,6.61,6.395666666666667,6.367,7.923500000000001,7.669999999999999,8.311,6.10175,4.55,5.385,8.4475,11.377,7.977,8.415,8.256,10.267,5.397,7.291,7.058666666666667,9.2425,7.697,8.179,9.689,7.182,7.640000000000001,5.58075,8.1435,10.087,6.751,12.418,7.3018,6.0455,5.381,5.98,3.624200000000001,6.852,9.1475,7.993,11.553,7.379,5.181,6.195,7.932,9.384,7.9965,5.7155000000000005,6.877,8.318999999999999,5.8705,8.886,9.264,8.369250000000001,11.272,7.9635,7.015000000000001,6.168,9.902,9.073,6.126,6.364333333333334,5.3525,6.696333333333333,8.674000000000001,8.16,7.257,7.3445,9.755,6.2165,8.00225,7.380333333333334,7.060666666666666,IPD
6.235666666666667,4.219,7.4825,4.639,8.735,7.3525,8.65,7.862,6.03,8.0045,9.845,7.030666666666668,10.979,8.061,12.099,7.4915,7.18,12.64075,6.709,8.186,8.18,7.4765,6.839,8.398,6.12625,8.9125,8.639,6.928,9.408,6.599333333333333,7.397499999999999,6.566666666666666,6.2305,7.62075,7.906,8.988,5.885,4.577,5.395,8.5085,11.371,8.499,8.734,8.239,10.577,4.774,7.271,7.565333333333334,8.9765,7.684,7.877,9.625,7.749,7.725,5.58275,8.584,10.273,6.621,12.425,7.640000000000001,6.243,6.266333333333333,6.16,3.5144,7.167,9.015,7.532,11.516,6.22,5.819,6.050000000000001,7.992,10.581,7.5915,5.8825,6.541666666666667,8.541,6.643,8.593,9.227,8.653,11.347,7.961,7.1985,6.2545,10.307,8.905,6.657,6.3503333333333325,5.395,6.447333333333333,8.641666666666666,8.179,7.244,7.741,9.356,6.458666666666667,8.238249999999999,7.622,6.902,IPD
6.429666666666667,4.229,6.5235,5.023,8.436,7.025,8.7265,7.904,5.67,8.226500000000001,9.468,6.861666666666667,10.381,7.948,12.155,7.2905,7.573,12.74575,7.296,7.391,8.347,7.4915,6.6075,8.589,6.48025,8.591999999999999,8.417,6.536,8.862,6.360666666666667,7.1595,6.385000000000001,6.114,7.753,7.298999999999999,8.613,5.704,4.5225,5.698,8.311,11.183,7.534,8.22,7.85025,10.047,5.684,7.795,7.594,8.8315,7.532,8.098,9.356,7.102,7.829000000000001,5.834,7.984999999999999,9.998,6.633,12.484,7.3782,5.2375,6.160333333333334,5.53,3.5112,6.639,8.8865,7.393,11.182,6.1335,5.168,5.773,7.996,9.032,7.734,5.574,6.497,8.4315,6.1605,8.227,8.954,7.991250000000001,11.029,8.0475,7.0735,6.0745000000000005,9.845,8.347,5.988,6.265333333333333,5.0745000000000005,6.434666666666666,8.116999999999999,7.223,7.339,7.496,9.265,6.091,7.98175,7.05,6.678999999999999,IPD
6.7556666666666665,4.41,7.4025,4.604,9.056,7.7895,8.5735,7.98,6.054,7.932,9.838,7.050999999999999,10.906,8.258,12.394,7.5615,7.811,12.81875,6.781,8.021,8.508,7.584,6.9,8.571,6.251,8.892,8.613,7.308,9.642,6.82,7.0595,7.096666666666667,5.952,8.05975,7.944666666666666,8.945,5.9,4.148,4.806,8.526,11.512,8.224,8.946,8.22675,10.785,5.808,7.547,7.611,9.1465,8.095,8.118,9.798,7.144,7.707,5.941,8.6485,10.272,6.9005,12.7485,8.0398,6.153499999999999,6.046333333333333,6.24,3.4304,7.502,8.796,7.828,11.493,6.854,5.547,6.1115,8.368,9.663,8.0715,5.4055,6.320666666666667,8.639,6.098,8.961,9.113,8.54825,11.205,8.343,7.616,6.4135,10.471,8.821,6.446,6.573666666666667,5.14725,6.586666666666667,8.783666666666667,8.445,7.157,7.3635,9.75,6.317166666666666,8.20875,7.676666666666667,6.845666666666666,IPD
7.112666666666667,4.72,6.9955,5.398,8.179,6.991,8.5525,7.941,6.308,7.792499999999999,9.303,6.733833333333333,10.35,7.322,11.962,7.457,7.307,12.32575,6.826,7.77,8.076,7.944000000000001,6.634,8.28,6.008,8.7945,7.92,6.496,9.106,6.339,6.57,6.108999999999999,5.842499999999999,7.4195,6.873,8.416,6.000500000000001,4.845,5.122,7.9205,10.67,8.068,8.329,7.659499999999999,9.749,5.196,7.721,7.295999999999999,8.534500000000001,7.297,7.772,9.181,7.153,7.7125,5.5185,7.931,9.592,6.3865,12.0775,6.7488,5.4905,6.2700000000000005,6.081,3.6192,6.536,8.893,6.705,11.08,6.9475,5.642,6.1955,7.84,9.342,7.538499999999999,6.102,6.390666666666667,8.214500000000001,6.0305,8.376,9.088,7.803750000000001,10.993,7.951,6.984999999999999,6.1045,9.857,8.301,5.352,6.758666666666667,5.440250000000001,6.397666666666666,8.327,7.448,7.035,7.4375,9.384,6.103833333333333,8.00625,7.1706666666666665,6.738,IPD
6.605666666666667,4.1,7.352,4.638,8.709,7.366,8.522,8.004,6.018,7.2805,9.9,6.4446666666666665,10.937,8.148,12.575,7.830999999999999,7.188,12.9535,6.909,8.179,8.274,7.46,6.8505,8.757,6.3875,9.134,8.72,6.583,9.297,6.436666666666667,6.8385,6.912333333333334,6.026,7.91225,7.824333333333333,9.086,5.543,4.009,5.082,8.5965,11.656,8.469,9.013,8.5535,10.732,5.231,7.4,7.599999999999999,9.44,7.24,8.401,10.075,7.146,7.977499999999999,5.7675,8.492,10.027,6.771,12.9465,7.1118,5.5865,5.781666666666666,6.041,3.6974,6.876,9.368,7.782,11.592,6.632,5.16,6.4985,8.304,9.378,7.672499999999999,5.3525,6.793666666666667,8.6325,6.319,9.112,9.522,8.316749999999999,11.739,8.5465,6.918,6.27,10.317,9.386,6.418,6.2123333333333335,5.268,6.482666666666667,8.974,8.53,6.844,7.961,10.418,6.197333333333333,8.467749999999999,7.699666666666666,6.835,CONTROL
6.5120000000000005,3.919,7.2325,5.231,8.634,7.329000000000001,8.23,7.769,6.398,7.3065,9.972,6.631,10.629,7.954,12.301,8.0785,7.299,12.63175,6.745,8.212,8.104,7.6725,7.032500000000001,8.099,6.115,8.566500000000001,8.375,6.635,9.202,6.1933333333333325,6.798,6.004333333333332,5.9670000000000005,7.757,7.586666666666666,8.765,5.9982500000000005,4.4755,6.105,8.7465,11.365,8.055,8.984,8.563,10.198,5.607,8.141,7.825666666666667,8.891,7.751,8.219,9.546,6.596,7.906000000000001,5.74875,8.3715,10.073,6.625500000000001,12.512,7.0508,6.119,6.087,5.866,3.308,6.713,8.937999999999999,7.392,11.59,6.666,5.397,5.8395,8.144,9.326,7.756,5.9885,6.7956666666666665,8.376,6.5600000000000005,8.526,9.24,8.05325,11.232,8.2905,6.971,6.404,10.259,9.155,6.127,6.151,5.43525,6.342333333333333,8.505666666666668,8.038,6.891,8.013,9.477,6.275666666666667,8.36375,7.636666666666667,6.830333333333333,IPD
5.938333333333333,3.738,7.492,5.249,8.838,7.242,8.395999999999999,7.913,6.267,7.4645,9.737,6.783333333333332,10.901,7.747,12.387,8.370000000000001,7.364,12.799,7.055,8.007,7.983,7.71,6.962,8.668,6.2155000000000005,8.724499999999999,8.653,6.91,9.19,6.445333333333333,6.935499999999999,6.755333333333334,6.3335,8.120000000000001,7.653,8.96,5.8705,4.679,5.904,8.736,11.586,7.998,8.834,8.114,10.199,6.179,7.798,7.559666666666668,9.195,7.302,8.427,9.961,7.117,8.265,6.0515,8.4575,9.945,6.731,12.6105,7.0684,5.9545,6.085333333333334,5.845,3.419,6.978,9.0385,7.745,11.623,6.212,5.552,6.1945,8.395,9.118,7.8725,5.324,6.516333333333333,8.382000000000001,5.747999999999999,8.816,9.199,8.262,11.487,8.498999999999999,7.4245,6.4405,10.235,9.326,6.222,6.239,5.306,6.678666666666667,8.496333333333332,8.101,6.945,7.5925,9.603,6.207,8.5275,7.444999999999999,6.8183333333333325,CONTROL
7.337,4.567,7.193,5.002,8.331,7.2465,7.9445,7.501,6.557,6.9025,9.118,6.233666666666667,10.273,7.944,11.964,7.23,7.191,12.58725,6.757,8.152,8.201,7.62,6.5115,8.736,5.97425,8.366499999999998,7.735,6.608,9.177,6.1706666666666665,6.301,6.464333333333333,5.7785,7.19475,7.108333333333334,8.614,5.831,4.6585,5.594,8.377,10.909,8.285,8.602,8.097999999999999,10.289,4.672,7.591,7.129333333333334,8.504000000000001,7.696,7.319,9.46,7.714,6.9945,5.690250000000001,8.4485,9.434,6.3740000000000006,12.109,6.613,5.652,5.582999999999999,5.958,3.4756,6.581,8.5725,7.562,10.952,6.554,4.651,6.179,7.852,8.031,7.6605,5.835,5.959666666666667,8.4055,5.672499999999999,8.578,8.831,7.86275,11.028,8.3875,7.047,6.266,9.846,8.841,5.675,6.041666666666667,5.391,6.268666666666667,8.479333333333335,7.61,6.789,7.271,9.033,6.0325,8.56475,7.077333333333333,6.898333333333333,CONTROL
5.779,3.53,7.2485,5.3,8.199,6.7575,8.3845,7.606,6.082,7.542,9.405,6.836666666666666,10.206,7.828,12.09,7.4625,6.703,12.5765,6.883,7.669,7.812,7.319,6.9045000000000005,8.304,6.1325,8.323,7.76,6.471,8.847,6.045999999999999,6.4830000000000005,6.243333333333333,5.9435,7.888249999999999,7.361666666666667,8.849,5.7745,4.0295000000000005,6.199,8.427,10.894,7.936,8.39,7.68475,10.02,5.832,7.815,7.550999999999999,8.662500000000001,7.347,7.765,9.198,6.911,8.2515,5.729,8.3525,9.648,6.869,12.183,6.75,5.8735,5.866666666666667,6.294,3.4799999999999995,7.215,9.006,7.013,10.987,6.709,5.041,6.3205,8.254,8.615,7.631500000000001,5.7205,6.640666666666667,8.447,5.7285,8.085,8.395,8.20825,10.99,8.2255,6.799,6.0415,10.018,9.017,5.908,5.997333333333334,5.5655,6.5263333333333335,8.51,7.547,6.704,7.9495,8.843,6.024166666666667,8.1105,7.203,6.787,CONTROL
6.782666666666667,4.25,6.736000000000001,5.102,8.275,6.802,8.0715,7.131,6.386,7.414,8.967,6.085500000000001,9.822,7.26,11.165,6.5495,6.339,11.7855,6.736,7.524,7.173,7.7485,6.4055,8.045,5.719250000000001,7.8315,8.166,5.811,8.621,5.8886666666666665,6.563,5.785,5.198,6.34625,6.906666666666666,8.03,5.5615000000000006,3.938,5.667,7.263,10.409,8.026,8.146,7.22875,9.789,5.599,6.627,6.617666666666668,7.952,7.219,7.3,8.696,7.308,6.858,5.4325,8.038,9.449,6.137499999999999,11.515,7.116200000000001,5.2305,5.256666666666667,5.467,3.7398,6.327,8.137,6.491,10.495,6.9005,5.465,5.511,6.911,8.43,7.0585,5.518,5.689666666666667,7.9575,5.3955,8.268,8.08,7.431,10.159,7.718500000000001,6.8705,5.5975,9.723,7.899,5.129,5.752,5.807,5.9206666666666665,7.8936666666666655,7.026,6.982,7.1065,8.085,6.056166666666667,8.097999999999999,7.735333333333333,6.981333333333333,CONTROL
6.71,4.464,6.7635000000000005,5.612,8.498,6.823,8.301,7.3,6.591,7.4285,9.329,6.1525,10.127,7.122,12.13,6.9335,6.851,12.28875,6.12,7.711,7.418,7.6245,6.464499999999999,7.834,5.954,8.406,8.108,5.944,8.787,6.053,6.242,6.054333333333333,5.118,6.894,7.219666666666666,8.404,5.93525,3.8385,5.477,8.1355,11.059,7.977,8.328,7.67375,10.2,5.44,6.801,6.988,8.5045,7.491,7.488,8.829,7.092,7.114,5.5675,8.0205,10.27,6.132,12.3045,7.200200000000001,5.439,5.753333333333333,5.75,3.5902000000000003,6.496,8.521,6.902,10.891,6.717499999999999,5.33,5.7145,7.666,8.569,7.592499999999999,5.8635,6.224666666666667,7.765499999999999,6.1685,7.965,8.388,8.212,10.705,7.9795,6.962,5.6825,10.155,7.983,5.293,5.899333333333334,5.248,6.174333333333333,8.077333333333334,7.285,7.176,7.013,8.714,6.3615,8.031749999999999,7.164333333333334,6.850666666666666,CONTROL
6.858,3.771,6.9815000000000005,5.36,8.915,7.1985,8.29,7.792,7.134,7.621,9.639,7.192,10.436,7.506,12.386,8.282,7.57,12.71125,6.465,7.962,7.945,7.362999999999999,6.688,8.19,5.69475,8.433,8.637,6.318,8.763,6.041,6.3885000000000005,6.483999999999999,5.357,7.70575,7.265000000000001,8.736,5.7335,4.5120000000000005,6.071,8.557,11.388,7.974,8.551,7.964,10.431,5.84,7.05,7.114666666666667,8.553,7.768,7.744,9.254,7.363,7.579499999999999,5.51075,8.304,10.004,6.558999999999999,12.635,8.1738,5.8580000000000005,5.655333333333334,5.745,4.005599999999999,6.225,8.9895,7.615,11.317,6.727,5.892,5.82,8.045,8.942,7.7405,5.416,6.103999999999999,8.422,6.026,8.651,8.728,8.2115,11.071,8.2625,7.167999999999999,6.092,10.388,8.737,6.054,6.09,5.3945,6.324666666666666,8.520000000000001,7.657,7.075,7.381500000000001,9.959,6.066333333333334,8.22725,7.515666666666667,7.0263333333333335,IPD
7.644333333333333,4.802,7.7405,4.525,8.599,7.6525,8.8295,8.839,6.063,8.088999999999999,10.474,6.62,11.164,7.647,12.245,7.7435,7.469,12.745,7.429,8.532,8.246,7.829499999999999,6.524,8.754,6.175,10.4185,8.949,7.114,9.093,7.020666666666667,6.7725,7.465,6.999,7.30325,8.248,9.835,6.13375,4.7875,5.336,8.6325,11.773,8.631,9.397,8.34,10.77,4.871,6.819,7.441333333333333,9.714,7.879,9.949,10.081,8.54,8.962,5.62425,8.9435,10.658,6.1205,12.4515,7.7018,6.1345,6.157,6.734,3.5596000000000005,7.726,9.504,7.901,11.847,7.695499999999999,5.857,5.474,8.755,8.928,7.605499999999999,5.9135,6.844333333333334,8.367,6.2615,9.612,9.835,8.75525,11.397,8.615,7.461,6.631,10.901,10.179,7.361,6.742999999999999,5.168,6.645333333333333,9.202666666666666,8.387,7.599,7.359,10.173,6.210999999999999,8.350999999999999,7.946666666666666,7.171,IPD
7.745333333333334,4.688,7.535,5.165,8.68,7.7835,9.1495,8.995,6.295,8.338999999999999,10.992,7.102666666666667,11.512,8.149,12.54,8.735,8.033,12.817,7.549,8.679,8.786,8.262,7.2915,9.066,6.487500000000001,10.256,8.691,7.498,9.172,7.350333333333334,7.0095,7.318666666666666,6.4795,8.12225,7.9253333333333345,9.571,6.26125,4.832,5.68,8.8,11.568,8.677,9.107,8.36575,10.622,5.543,7.92,7.969,9.474,8.352,10.22,10.171,8.776,9.4195,5.96075,8.981,10.386,6.456,12.5865,8.3018,6.24,6.976333333333334,6.808,3.2108000000000003,7.445,9.409,8.04,11.856,7.043,6.085,5.716,8.695,10.091,7.574,6.049,6.526666666666667,8.804,6.9195,9.283,9.757,9.0185,11.643,9.05,8.0185,6.759,11.121,9.71,6.921,7.436666666666667,5.14675,6.800666666666667,9.264333333333331,8.124,7.37,7.839499999999999,9.942,6.351833333333334,8.4915,7.731000000000001,7.484666666666667,CONTROL
6.238,4.413,7.9875,4.7,9.502,8.114,9.185,9.322,5.781,9.081,10.921,7.951999999999999,11.63,8.532,13.215,9.1565,8.665,12.98225,7.692,8.663,9.169,7.933,7.306,9.117,6.34275,11.009,9.284,7.97,9.767,7.501333333333334,7.416,8.027333333333333,7.1255,8.29025,8.578333333333333,10.019,6.3892500000000005,5.3805,4.728,9.503,12.105,8.976,9.552,9.0825,11.399,4.706,7.787,7.838,9.8075,8.228,9.974,10.146,8.369,9.196,6.02675,9.373,11.195,7.1370000000000005,13.0045,8.8262,7.253499999999999,6.8276666666666666,6.829,3.498,8.165,9.498,8.649,12.271,6.771,6.137,6.171,8.911,9.816,7.8725,6.252,6.914000000000001,8.7425,6.736000000000001,9.845,10.095,9.126,11.562,9.041,8.178,7.1575,11.143,10.118,8.016,7.204666666666667,5.14025,6.865333333333333,9.889666666666669,8.737,7.984,7.4365,9.886,6.448166666666666,8.70775,8.322333333333335,7.559333333333334,IPD
8.028,4.803,7.859500000000001,5.937,9.181,8.1025,9.5135,9.561,6.991,8.273,11.289,7.8535,11.901,8.972,12.804,9.701,8.585,13.0015,7.833,9.118,9.481,8.318999999999999,7.6,9.083,6.57375,11.545,9.397,7.756,10.15,7.870999999999999,7.532,8.085333333333333,6.863,8.66075,8.544666666666666,10.239,6.399,4.7425,6.969,9.387,12.157,9.04,9.687,9.42375,11.643,6.185,8.069,7.750333333333334,9.848,8.953,10.362,10.542,7.993,9.6145,6.171250000000001,9.663,11.193,6.9725,13.1575,9.0282,6.714,7.259333333333333,6.962,3.258,7.964,9.895,8.731,12.677,6.947,6.221,5.916,8.943,10.605,7.910499999999999,5.9265,7.124,9.324,7.2895,9.718,10.293,9.49675,11.788,9.5375,8.253499999999999,7.218,11.68,10.472,7.753,7.184333333333334,5.04525,6.929333333333333,9.923333333333334,8.462,7.953,8.0795,11.459,6.418833333333333,9.00325,8.256666666666666,7.794,IPD
5.945,4.026,6.9695,4.099,8.21,6.5135000000000005,8.123,7.652,5.763,7.412999999999999,9.217,7.044333333333333,10.509,7.383,12.062,7.139,6.648,12.4045,6.925,7.924,7.904,7.3045,6.803,7.866,5.664,8.8925,8.545,6.418,9.08,6.821333333333333,7.114000000000001,6.864999999999999,6.2355,7.5755,7.245666666666666,8.284,5.88225,3.936,4.923,8.1705,10.843,7.909,8.493,7.58625,9.963,4.556,7.491,6.863666666666667,8.121,7.637,7.631,8.651,6.553,7.412,5.28475,8.306999999999999,9.79,6.102,12.33,7.4586,6.114,6.014666666666667,5.278,3.7216,6.087,8.6815,7.064,10.958,6.3735,5.331,5.9495000000000005,7.836,8.719,7.484,5.2135,5.808666666666667,8.445,5.6905,8.929,8.253,8.40475,10.907,8.0145,7.076499999999999,6.2775,10.241,8.824,6.192,6.164666666666666,5.66225,6.773666666666666,8.292333333333334,7.511,7.015,7.135,8.915,5.466,7.84275,7.359999999999999,6.685,CONTROL
6.891666666666667,4.578,7.32,4.981,8.279,7.5295,8.3475,8.269,6.764,7.982,10.168,6.6610000000000005,10.639,7.855,11.991,8.5735,7.791,12.80275,7.405,8.302,8.568,7.7805,6.463,8.68,5.779,9.446,8.44,6.715,8.868,6.691666666666666,6.803,6.641333333333333,5.868,7.4905,7.616333333333333,9.153,6.3645,5.193,5.574,8.6445,11.293,8.118,8.693,8.21775,10.488,5.635,7.572,7.213333333333334,8.316500000000001,8.267,8.47,9.13,7.236,7.5365,5.828749999999999,8.456,10.368,6.624,12.167,8.0574,5.779,6.456666666666666,6.691,3.5394000000000005,7.533,8.953,7.549,11.538,6.9635,5.429,6.004,8.272,9.886,7.6495,5.545,6.313333333333333,8.1865,6.499499999999999,9.133,9.334,8.376750000000001,10.85,8.578,7.72,6.3635,10.736,8.919,6.501,6.727333333333333,4.931,6.647333333333333,8.931,8.13,7.637,7.2665,9.664,6.136666666666667,8.17775,7.742999999999999,7.141333333333333,CONTROL
6.631,4.149,7.1295,4.295,8.423,6.9005,8.0895,7.462,6.112,7.483,9.495,6.791666666666667,10.614,7.056,11.974,7.2405,7.128,12.4705,6.754,8.182,7.929,7.494,6.628,8.051,5.9275,8.744,8.343,6.483,8.905,6.3933333333333335,6.7055,7.269333333333333,5.686,7.12625,7.11,8.616,5.72975,3.878,5.083,8.398499999999999,11.22,7.811,8.531,7.473,10.177,4.904,7.432,7.049333333333333,8.205,7.951,7.746,8.615,8.219,7.1555,5.54425,8.331,10.053,6.484999999999999,12.1875,7.3422,5.6655,6.085999999999999,5.58,3.6934,6.756,8.731,6.979,11.117,6.3725000000000005,5.442,6.2365,7.743,9.215,7.6495,5.3765,6.017666666666667,8.4195,5.5920000000000005,9.101,8.803,8.370750000000001,11.111,8.129,6.849,6.5175,10.379,8.488,6.312,6.1113333333333335,5.26225,6.490333333333333,8.468666666666666,7.964,7.417,7.1885,9.637,5.8145,7.896749999999999,8.146333333333333,7.053,CONTROL
6.841,4.645,6.9775,4.819,8.053,6.5745000000000005,8.2325,7.459,6.189,7.577,9.489,7.127833333333332,10.061,7.307,11.687,7.207000000000001,7.175,12.808,6.827,7.776,7.704,7.580500000000001,6.647,7.813,5.7525,8.2995,8.105,5.928,8.647,6.245666666666668,6.793,6.557,5.7835,7.31125,6.781333333333333,8.378,6.0965,3.835,5.802,8.5595,10.834,7.518,8.174,7.6185,9.551,5.613,7.207,7.233,8.072,7.773,6.895,8.683,6.982,7.433,5.317,8.022,9.697,6.125,12.0415,7.199599999999999,5.8165,6.147666666666667,5.442,3.7544,5.924,8.877500000000001,6.675,10.961,6.9190000000000005,5.35,5.606,7.902,9.245,7.622,5.3255,5.882000000000001,8.392,5.122,8.3,8.776,8.37125,11.141,8.022499999999999,6.846500000000001,6.154999999999999,10.222,8.99,6.15,6.209666666666667,5.277,6.814333333333333,8.567666666666666,7.533,6.78,7.4605,9.856,5.894166666666667,7.48975,7.333666666666666,6.699666666666666,CONTROL
6.754666666666666,3.522,7.4855,5.735,8.533,7.5215,8.5115,8.302,7.092,8.4165,9.916,8.057333333333334,11.357,8.312,12.327,8.535499999999999,7.153,13.08525,7.504,8.56,8.239,7.792999999999999,7.1235,8.53,6.23475,10.2665,8.697,6.891,9.69,7.345,6.9865,7.315,5.995,8.2205,7.911666666666666,9.241,6.24175,4.3465,6.834,8.999,11.248,8.246,9.049,8.57125,10.855,6.368,7.625,7.618666666666667,8.948,8.455,8.666,9.91,7.812,8.536000000000001,5.904249999999999,8.864,10.484,6.883,12.696000000000002,8.347800000000001,6.112,6.280333333333334,6.368,3.4788,7.32,9.5015,7.781,11.82,7.263999999999999,5.494,5.8535,8.712,10.28,7.402,5.696,6.857,8.8295,6.4865,9.403,9.576,9.187,11.485,8.7265,7.702,7.033,11.062,9.85,6.767,6.822,5.325,6.787999999999999,9.595,8.353,7.424,7.2505,10.328,6.223,8.3185,8.069,7.348,CONTROL
6.709333333333333,4.354,7.27,4.699,8.686,7.301500000000001,8.6555,8.403,6.221,8.061499999999999,9.878,6.8775,10.859,7.815,12.153,7.971,7.419,12.83825,7.202,8.328,8.141,7.757,6.797499999999999,8.276,6.1217500000000005,9.2975,8.499,6.832,9.445,6.464333333333333,6.7165,7.0263333333333335,5.883,7.3235,7.664000000000001,9.343,6.102,5.3725000000000005,5.456,8.9565,11.33,8.293,8.586,8.47125,10.339,5.574,7.876,7.533666666666666,8.565,7.817,8.696,9.49,7.948,7.9915,5.87925,8.586500000000001,10.172,6.7855,12.2725,7.566199999999999,5.6075,6.271999999999999,6.008,3.4112,7.084,9.0175,7.503,11.48,6.759,5.485,5.817,8.179,9.319,7.542499999999999,5.5855,6.449000000000001,8.216000000000001,5.699999999999999,8.854,8.97,8.671,11.075,8.493500000000001,7.458499999999999,6.516,10.655,9.062,6.13,6.184666666666666,5.462,6.375,8.890666666666666,8.2,7.383,7.2515,8.97,6.337,8.3215,7.665999999999999,7.019000000000001,CONTROL
7.146333333333334,4.399,6.8580000000000005,5.074,8.263,7.236499999999999,8.625499999999999,8.488,6.657,8.151,9.808,6.878,10.772,7.925,12.426,8.072,7.709,12.823,7.02,7.902,7.778,7.92,6.832000000000001,8.419,6.01625,9.318,8.146,6.95,9.237,6.884,7.198500000000001,6.971333333333334,5.1835,7.4145,7.544666666666667,8.875,6.251,4.68,5.784,8.7835,10.892,8.074,8.457,8.13775,10.401,5.771,7.746,7.334666666666667,8.418,7.552,8.5,9.355,7.574,7.842499999999999,5.71875,8.602,10.044,6.4675,12.552,7.7276,5.7115,6.381,6.022,3.5814,6.531,8.815000000000001,7.579,11.234,7.080500000000001,5.797,6.249499999999999,8.085,8.339,7.5455,5.617,5.967,8.121,6.002,8.957,9.11,8.4435,10.934,8.356,7.278,6.5505,10.518,8.924,5.882,6.337,5.76375,6.619666666666667,8.758333333333333,7.802,7.456,6.972,9.264,6.119,8.35475,7.619333333333333,7.174,CONTROL
7.035666666666667,4.411,7.308999999999999,5.989,8.461,7.35,8.766,8.537,7.095,7.8035,9.845,6.895500000000001,10.965,7.854,12.332,8.2995,7.248,12.75125,7.465,8.363,8.259,7.8165,7.0445,8.348,6.051,9.1515,8.304,7.08,9.314,6.808666666666667,6.637499999999999,6.958666666666667,5.8870000000000005,7.44975,7.630333333333333,9.254,6.20225,4.707,5.989,8.9315,11.141,8.023,8.623,7.97725,10.243,6.448,7.587,7.390333333333333,8.52,7.81,8.448,9.449,8.033,7.987999999999999,5.745,8.501000000000001,10.163,6.6125,12.306,7.6384,6.327500000000001,6.3260000000000005,6.461,3.4022,6.802,8.836500000000001,7.502,11.486,7.2645,5.46,5.9985,8.285,9.518,7.656,6.0280000000000005,6.4863333333333335,8.203,6.1305,9.028,9.083,8.4165,10.978,8.544,7.6035,6.6785,10.561,9.149,6.085,6.446666666666666,5.448,6.701666666666667,9.168,8.29,7.533,7.287000000000001,9.553,6.3503333333333325,8.28975,8.014333333333333,6.984999999999999,CONTROL
6.158666666666666,4.182,7.0485,5.014,8.593,7.08,8.5725,8.385,6.394,7.948499999999999,9.823,6.297833333333333,10.741,7.623,11.743,7.693,7.321,12.699,7.095,8.242,7.977,7.766500000000001,6.929,8.367,5.8740000000000006,9.1465,8.269,6.828,9.437,6.455666666666667,6.5395,6.9623333333333335,5.7105,7.280749999999999,7.885666666666666,9.093,5.8335,4.4190000000000005,5.27,8.674,11.037,8.277,8.412,8.2695,10.196,5.158,7.444,7.0873333333333335,8.3415,7.603,8.254,9.258,7.259,7.7745,5.822,8.4195,10.084,6.515,11.968,7.2812,6.101,5.771333333333334,6.508,3.438,6.775,8.8225,7.685,11.174,6.4185,5.187,6.089,7.841,9.28,7.4815,5.748,6.07,8.402999999999999,5.31,9.101,9.049,8.427999999999999,10.856,8.4235,7.291,6.464499999999999,10.353,9.242,5.915,5.896333333333334,5.338,6.338333333333334,9.031666666666666,7.927,7.512,6.881,8.751,6.331499999999999,8.39775,8.258666666666667,7.078,CONTROL
5.940666666666666,3.731,6.945,4.458,8.692,7.1305,8.297,8.498,6.418,7.538,9.865,6.582666666666667,10.62,7.633,12.29,7.775,7.214,12.9405,6.901,7.982,8.441,7.5115,7.077,8.325,6.0965,8.828,8.848,6.873,9.052,6.3053333333333335,6.41,6.643999999999999,6.0145,7.417,7.649,9.401,5.73475,4.0455000000000005,5.088,8.867,11.69,8.025,8.681,8.60625,10.313,5.331,7.644,7.198666666666667,8.913499999999999,7.401,8.552,9.649,7.577,8.1445,5.72075,8.3175,10.166,6.531,12.5555,7.0224,5.805,6.3693333333333335,5.99,3.591,7.098,9.032,7.739,11.89,6.0285,5.744,5.803,7.943,8.775,7.6495,5.6015,6.508666666666667,7.8665,6.114,8.855,9.296,8.583,11.286,8.0835,7.0725,6.183999999999999,10.295,8.937,6.496,5.968666666666667,5.616,6.092333333333333,8.954666666666666,8.137,7.298,7.224499999999999,8.74,5.957333333333334,8.23325,8.113333333333335,7.027,CONTROL
6.364333333333334,4.493,7.63,5.599,9.308,7.413,9.09,9.377,7.057,8.42,10.591,8.105666666666666,11.29,8.932,12.605,8.720500000000001,7.771,13.254,7.118,9.012,8.629,7.868,7.599,8.568,6.307,9.415,9.086,7.223,9.499,7.069,6.8195,7.400666666666666,6.1505,8.122250000000001,8.205666666666668,9.726,6.09,5.121,6.511,9.736,11.925,8.368,9.103,9.33875,10.867,6.062,8.107,8.002,8.77,8.57,8.962,10.011,7.865,8.77,6.287,8.9215,10.843,7.1255,12.7585,8.1342,6.753,6.541333333333334,6.685,3.5562,7.282,9.8,8.093,11.982,6.628500000000001,5.913,5.7045,8.962,10.191,7.796,5.5845,7.040666666666667,8.6795,6.3405000000000005,9.417,9.721,9.31225,11.552,8.9495,7.379,6.800000000000001,11.289,9.828,6.846,6.427,5.154,6.811,10.043666666666669,8.595,7.325,7.5885,9.652,6.441666666666666,8.440249999999999,8.235333333333335,7.376333333333332,CONTROL
6.7763333333333335,4.438,7.1175,4.935,8.761,7.5555,8.753499999999999,8.788,6.143,7.912999999999999,10.479,6.913499999999999,11.292,8.237,12.186,8.5655,7.72,12.88775,7.169,8.347,8.459,7.85,7.0895,8.706,6.11325,9.803,8.71,7.207,9.268,6.995,7.2455,7.402666666666666,6.149,7.692,8.044666666666666,9.532,5.944,4.0565,5.736,9.0585,11.586,8.186,8.892,8.73925,10.695,4.949,7.258,7.633333333333333,8.8345,7.971,8.872,9.926,7.496,8.4665,6.046250000000001,8.7455,10.395,6.695,12.626,8.0444,5.9125,6.371,6.443,3.3632,6.709,9.2175,8.139,11.999,6.9315,5.743,6.199999999999999,8.287,10.202,7.826,5.8935,6.431,8.615,6.398,9.243,9.409,8.8905,11.587,8.618500000000001,7.5275,6.6995,11.008,9.43,6.781,6.2636666666666665,5.24125,6.545999999999999,9.564,8.443,7.457,7.390000000000001,9.835,6.368333333333333,8.487,7.952666666666666,7.084333333333333,CONTROL
6.704000000000001,4.205,6.869,4.836,8.412,6.83,8.075,8.182,6.414,7.573,9.541,6.768166666666667,10.49,7.354,11.742,6.705,6.936,12.83225,6.627,7.928,7.884,7.577,6.519,8.098,5.7995,8.3325,8.162,6.584,9.096,5.956333333333333,6.169499999999999,6.895333333333333,5.7585,6.675,7.371666666666666,8.894,5.52325,4.0435,5.643,8.565,10.957,7.836,8.122,8.146,9.916,5.901,7.194,7.092333333333333,8.2285,7.109,7.774,9.242,7.095,7.9345,5.545999999999999,8.078499999999998,9.848,6.2865,12.0565,6.5222,5.9925,5.623333333333332,5.676,3.4084000000000003,6.73,8.608,7.419,10.93,7.1715,5.669,5.906000000000001,7.714,8.264,7.506,5.481,5.962,7.878500000000001,5.384,8.86,8.941,8.1825,11.05,8.151499999999999,7.073,6.1765,9.868,9.008,5.813,5.951666666666667,5.279,6.351,8.701333333333332,7.873,7.34,7.106,9.465,5.593666666666667,8.11775,7.855666666666667,7.041333333333333,CONTROL
6.405,3.952,6.9175,4.715,8.614,6.778499999999999,8.151,8.07,6.094,7.606,10.044,6.5895,10.471,7.874,11.919,7.102,6.793,12.907,6.917,7.944,7.856,7.42,6.6530000000000005,8.141,5.824,8.576,8.232,6.277,9.24,6.297999999999999,6.6465,6.977333333333334,5.784,6.85025,7.749666666666666,8.691,5.5767500000000005,3.997,5.306,8.4655,11.036,8.121,8.244,7.95825,10.583,5.082,7.073,6.838666666666666,8.3575,7.642,7.599,9.129,6.753,7.5315,5.39875,8.4695,9.821,6.7595,12.2035,6.7968,5.788,5.460999999999999,6.031,3.718000000000001,6.639,8.899000000000001,7.618,11.085,6.9185,4.982,6.0585,8.114,7.975,7.346,5.073,6.027,8.214,5.3725000000000005,9.196,8.682,8.41175,11.01,7.84,6.795,6.4555,10.488,9.131,5.912,5.955666666666667,5.45975,6.370666666666666,8.950000000000001,8.176,7.044,6.939,9.918,5.578,8.082,8.046999999999999,6.943666666666666,CONTROL
6.331,4.715,7.717499999999999,5.2,8.761,7.300000000000001,9.034,8.785,6.515,8.375,10.283,7.5965,11.098,8.4,12.357,9.003499999999999,7.636,12.9995,7.85,8.622,8.465,7.9325,7.306999999999999,8.415,6.178,9.3725,8.942,7.009,9.419,7.102,7.034,7.474333333333334,6.346500000000001,8.0745,8.182,9.633,6.34075,5.409,6.02,9.08,11.557,8.113,8.884,8.70925,10.357,6.246,8.129,7.896666666666667,8.7215,8.375,8.607,9.589,8.353,8.765,6.02975,8.7655,10.719,6.972,12.42,8.1214,6.2165,6.648000000000001,6.552,3.4156,7.356,9.435,7.655,11.783,6.800000000000001,5.711,5.63,8.599,10.827,8.053,5.801,6.906333333333333,8.8025,6.79,9.192,9.63,8.9345,11.354,8.593,7.685,6.831,11.107,9.475,6.473,6.587666666666666,4.959,6.328333333333333,9.225,8.418,7.509,7.624499999999999,9.928,6.249666666666666,8.388,7.893333333333333,7.152666666666666,IPD
7.667666666666666,4.875,7.474,5.403,9.094,7.419,8.717500000000001,8.734,6.856,8.1205,10.194,7.2865,11.25,8.125,12.438,8.5425,7.846,12.93075,7.399,8.879,8.646,7.879,7.168,8.707,6.1865000000000006,9.507,8.479,7.45,9.498,7.345666666666666,7.173,7.387,5.857,7.964,7.942666666666667,9.426,6.359500000000001,4.4510000000000005,6.028,8.8965,11.499,8.322,8.867,8.125499999999999,10.709,5.911,7.426,7.159,8.7805,8.218,8.757,9.613,8.216,7.998,6.0235,8.844999999999999,10.533,6.9830000000000005,12.641,8.1652,6.2225,6.691666666666666,6.743,3.2424,7.711,9.097,8.233,11.707,7.535500000000001,5.694,6.004,8.417,10.291,7.6205,5.936999999999999,6.634,8.481,6.6045,9.452,9.508,8.8235,11.182,8.819500000000001,7.823,6.9415,11.038,9.35,6.951,6.500333333333334,5.30425,6.703666666666667,9.342333333333334,8.622,7.905,7.284499999999999,10.063,6.686,8.61,7.937,7.429666666666667,IPD
5.822666666666667,4.12,8.024000000000001,4.803,9.301,7.601,8.932,8.941,6.131,8.44,10.382,7.338833333333333,11.27,8.618,12.552,8.881,7.817,13.2,7.387,8.723,8.809,7.8595,7.08,8.593,6.352,9.84,8.813,7.115,9.502,7.168333333333334,7.1655,7.554666666666667,5.4545,7.954000000000001,8.196666666666667,9.658,6.05975,4.718999999999999,5.08,9.115,11.718,8.395,9.102,8.697,10.948,5.092,7.655,7.542999999999999,9.063,8.489,8.792,9.713,8.497,8.273,5.883,8.9525,10.598,6.984,12.9955,8.2614,6.5425,6.408,6.95,3.3686,7.416,9.342,7.944,11.975,6.885,5.6,5.813,8.617,9.387,7.848000000000001,5.558,6.581,8.597999999999999,6.25,9.464,9.404,8.90075,11.362,8.993500000000001,7.616999999999999,6.988,10.997,9.555,6.71,6.451666666666667,5.32525,6.805666666666666,9.332666666666666,8.843,7.635,7.192,10.067,6.31,8.53825,8.037666666666667,7.391000000000001,IPD
6.931,5.26,7.733,4.513,9.068,7.4845,9.099,8.939,6.221,8.272,10.446,8.0085,11.354,8.7,12.181,9.055,7.791,13.11375,7.454,8.837,8.651,7.974500000000001,7.251,8.789,6.05925,9.6425,8.941,7.103,9.593,7.315333333333332,7.2535,7.413666666666667,6.1735,8.67125,7.614666666666667,9.488,6.46975,4.865,5.55,9.52,11.685,8.383,9.098,8.99125,10.842,5.597,7.684,7.543333333333334,8.963,8.605,8.921,9.901,8.246,8.699,5.949999999999999,8.777999999999999,10.645,7.026,12.612,8.229000000000001,6.5885,6.683,6.372,3.318,7.318,9.6945,7.824,11.927,6.9455,5.709,5.788,8.946,10.147,8.052,5.5185,6.724333333333334,9.023,6.424,9.531,9.982,9.14775,11.645,9.03,7.518,6.827,11.219,9.754,6.286,6.332666666666667,5.0905000000000005,7.002,9.566333333333333,8.382,7.354,7.907500000000001,10.005,6.4430000000000005,8.59525,8.287,7.454000000000001,IPD
6.674,4.005,7.929,5.378,9.714,7.813499999999999,8.7265,9.384,6.442,8.581,10.741,7.329166666666667,11.447,8.762,12.463,9.0125,7.974,12.86975,7.715,9.138,8.405,8.0205,7.151,8.905,6.20025,9.8915,9.13,7.5,9.987,7.140000000000001,7.0600000000000005,7.446000000000001,6.412000000000001,8.32525,8.714666666666666,10.043,5.8465,6.414,6.574,9.155,12.09,8.937,9.445,9.01225,11.064,5.434,8.657,7.786666666666666,9.3235,8.651,9.156,10.286,7.76,8.277000000000001,6.075,8.642,10.488,7.417,12.729,8.1166,6.8085,6.746,6.974,3.6158,7.916,9.5735,8.41,11.715,7.278499999999999,5.908,5.624,9.159,9.461,7.8825,5.573,7.115333333333333,8.723500000000001,5.936999999999999,9.723,10.052,8.899000000000001,10.998,8.708,7.718999999999999,7.15,11.075,9.587,6.669,6.606333333333335,5.284,6.735666666666667,9.889666666666669,9.277,7.792,7.0745,10.313,6.448166666666666,8.48525,8.657,7.595666666666666,CONTROL
6.742666666666668,4.569,6.800000000000001,4.817,8.605,7.2055,8.8035,8.237,6.854,7.399000000000001,10.187,6.930833333333333,10.829,8.12,12.178,8.423,7.431,12.77875,6.947,8.092,8.353,7.6995,6.797499999999999,8.237,5.9285,9.406,8.295,6.851,9.004,6.820666666666667,6.654,6.5776666666666666,5.2405,7.52,7.509,8.977,5.9035,4.8100000000000005,5.579,8.563,11.127,8.036,8.656,8.3955,10.437,5.608,7.44,7.477333333333333,8.8575,7.647,8.818,9.556,7.834,7.851500000000001,5.903,8.5855,9.896,6.646000000000001,12.267,7.5318,5.219,6.048333333333333,6.275,3.4148000000000005,6.914,8.907,7.707,11.486,6.136,5.675,5.849,8.356,9.998,7.677,5.335,6.521666666666667,8.312999999999999,6.5085,8.83,9.312,8.653,11.133,8.67,7.381,6.465999999999999,10.659,8.849,6.128,6.356999999999999,5.59125,6.505,8.656,8.034,7.271,7.3,9.721,6.261499999999999,8.422,7.683333333333334,7.0423333333333344,IPD
5.714,3.7,7.02,4.724,8.801,7.1080000000000005,8.3005,8.566,5.952,7.585999999999999,10.02,6.828166666666667,10.886,7.856,12.373,7.9455,7.179,12.7295,6.832,8.228,8.304,7.4555,6.884499999999999,8.298,6.14825,9.1255,8.599,6.674,9.21,6.736666666666667,6.7985,7.073,6.048500000000001,7.359,7.903,9.053,5.488,3.466,5.325,8.588,11.356,7.965,8.627,8.55275,10.419,5.313,7.225,7.447333333333334,8.5895,7.505,8.568,9.474,7.816,8.2,5.74625,8.477,10.093,6.665,12.455,7.372200000000001,5.8245000000000005,5.892333333333333,6.158,3.6984,6.974,9.041,7.675,11.554,6.038,5.435,6.173,7.858,9.086,7.6715,5.498,6.610333333333333,8.362,5.7595,8.87,8.803,8.74375,11.401,8.2935,7.1085,6.484999999999999,10.364,9.287,6.685,6.035,5.477,6.398666666666666,9.157666666666666,7.993,7.293,7.229999999999999,9.735,5.9126666666666665,8.20825,7.958333333333333,7.054333333333333,CONTROL
7.472,4.956,7.535,4.971,8.674,7.3185,8.8005,8.87,6.153,8.435500000000001,10.081,7.385833333333333,11.298,7.979,12.213,8.4535,7.782,12.71475,7.847,8.658,8.827,8.006,6.939500000000001,8.702,6.217499999999999,9.9275,8.839,7.107,9.013,7.277666666666666,7.259,7.069,6.307,7.8495,7.758,9.413,6.36725,5.642,5.43,8.888,11.358,8.682,9.105,8.22425,10.437,5.398,7.913,7.559,8.7995,8.205,8.587,9.578,7.812,8.741,5.82625,8.608,10.46,6.616,12.3045,8.2164,6.365,6.212,6.692,3.607,7.406,9.0625,7.903,11.403,6.959,5.621,6.0065,8.498,10.127,7.6815,5.9735,6.754333333333332,8.6055,6.795999999999999,9.255,9.652,8.506,11.125,8.354,8.064,6.8155,10.791,9.476,6.867,6.384,5.331,6.795333333333333,9.290666666666668,8.116,7.586,7.388,9.109,6.170333333333333,8.413499999999999,7.984333333333333,7.256,IPD
7.892333333333333,4.608,6.862500000000001,5.896,8.081,7.234,8.626,8.296,7.435,7.836,9.36,6.606166666666667,10.683,7.499,12.23,7.9915,7.124,12.756,7.159,7.984,8.016,7.933999999999999,6.766,8.314,5.84575,9.012,7.851,6.622,8.999,6.944,6.339499999999999,6.934,5.3995,7.04875,7.57,8.748,6.0895,4.9035,6.27,8.787,10.582,8.135,8.225,7.72425,10.169,6.416,7.833,7.13,8.230500000000001,7.345,7.986,9.231,7.499,7.9975,5.7245,8.4915,9.471,6.569,12.104500000000002,7.4724,5.656000000000001,6.005333333333333,6.0,3.3784,6.656,8.462,7.419,11.124,7.041,5.214,6.179499999999999,8.342,7.057,7.3175,5.692,6.0263333333333335,7.999,5.3035,8.929,8.701,8.194749999999999,10.585,8.25,7.344,6.5265,10.175,9.109,5.838,6.461000000000001,5.14675,6.4576666666666656,8.509333333333332,7.79,7.402,7.2195,9.337,5.988499999999999,8.29275,7.773,7.145,IPD
5.968333333333334,3.995,7.5205,5.207,8.877,7.1885,8.639,8.653,6.491,8.063,10.335,7.536,11.088,8.135,12.327,8.241,7.51,13.113,7.339,8.552,8.124,7.637499999999999,7.163,8.914,6.16175,9.484,9.094,6.901,9.257,6.888000000000001,7.183,7.294333333333333,6.730499999999999,7.7015,7.888333333333333,9.321,6.131,4.906000000000001,5.286,9.048,11.541,8.131,8.901,8.79475,10.565,5.454,7.95,7.874,9.059,8.031,8.627,9.676,7.348,8.7785,5.74975,8.5,10.639,6.423,12.807,7.9434,6.031000000000001,5.982,6.48,3.5986,7.056,9.2655,7.705,11.685,6.5075,5.94,6.044499999999999,8.288,9.799,7.8855,5.714,6.422333333333333,8.578,6.172499999999999,9.208,9.717,8.783249999999999,11.323,8.5175,7.5855,6.5595,10.678,9.659,6.812,6.288333333333334,5.4555,6.537,9.269666666666668,8.153,7.644,7.320500000000001,9.799,6.119,8.343250000000001,7.991666666666667,7.167999999999999,IPD
6.819,4.422,7.012499999999999,5.541,8.608,7.327,8.817,8.645,6.682,8.0965,10.279,7.322666666666667,11.229,8.03,12.555,7.889,7.603,13.0195,7.446,8.361,8.271,7.9695,7.1065,8.656,5.99125,9.6555,8.542,7.063,9.215,7.203666666666667,7.071,7.200666666666667,6.0635,7.830500000000001,7.766666666666666,9.323,6.24325,5.7485,6.241,9.0825,11.238,8.446,8.91,8.53575,10.644,5.742,7.953,7.530333333333334,8.6005,7.919,8.464,9.626,7.209,8.442,5.5985,8.7225,10.523,6.7775,12.703,7.9956,6.2135,6.370666666666666,6.446,3.3836,7.224,9.18,7.888,11.532,6.95,5.721,5.9115,8.541,9.208,7.607,5.354,6.303333333333334,8.424,6.048,9.167,9.437,8.600249999999999,11.216,8.579,7.639,6.5455000000000005,10.779,9.13,6.424,6.421333333333333,5.42975,6.71,9.426333333333334,7.889,7.512,7.4095,9.564,6.1345,8.347,7.854999999999999,7.308,IPD
6.559333333333334,4.434,7.5085,4.82,8.858,7.482,9.133,9.164,6.113,8.4475,10.621,7.587333333333333,11.414,8.583,13.043,8.8275,7.823,13.254,7.245,8.549,8.706,7.9835,7.478499999999999,8.732,6.46875,10.19,9.211,7.18,9.193,7.369,7.0605,7.491,6.2465,8.235,8.037333333333333,9.666,6.21325,5.6635,5.676,9.4845,11.871,8.705,9.039,8.61575,10.835,5.243,7.955,8.074,9.0265,8.168,8.83,9.796,8.088,8.966999999999999,5.84725,8.9285,10.77,6.74,13.258,8.3902,6.413,6.810666666666667,6.893,3.479,6.956,9.53,8.009,12.042,5.781000000000001,5.821,5.8525,8.805,10.002,7.9,5.5815,6.682333333333333,8.799,6.6385000000000005,9.162,10.118,9.1,11.655,8.905000000000001,7.8125,6.821,11.117,9.527,6.862,6.518999999999999,5.07625,6.896333333333334,9.575,8.159,7.506,7.7115,8.861,6.141166666666667,8.382,8.072666666666667,7.219666666666666,IPD
6.413,4.248,7.1785,4.891,8.735,7.413,8.807500000000001,9.221,6.398,7.994999999999999,10.427,7.491333333333333,11.373,8.379,12.26,8.267,7.59,13.1075,7.404,8.212,8.369,7.731,7.1175,8.497,6.16625,9.5425,8.853,7.377,9.218,7.153333333333333,6.8935,7.331,5.8145,7.968,7.580333333333333,9.415,6.26775,5.5615000000000006,5.304,9.269,11.477,8.656,8.92,8.65,10.712,5.47,8.228,7.674666666666667,8.771,7.999,8.698,9.651,7.668,8.6095,5.825,8.7025,10.391,6.7275,12.5975,8.0708,6.1595,6.515333333333333,6.529,3.5768,7.005,9.363,7.818,11.71,5.974,5.659,5.836499999999999,8.356,9.429,7.66,5.46,6.038666666666667,8.476500000000001,6.174,9.282,9.14,8.655999999999999,11.424,8.5075,7.574999999999999,6.843,10.818,9.113,6.413,6.447666666666667,5.38325,6.6803333333333335,9.393666666666666,7.973,7.502,7.4595,9.229,6.037,8.40125,7.869666666666667,7.367999999999999,IPD
6.492333333333334,4.243,6.919499999999999,5.01,8.54,7.363,8.6715,8.821,6.265,7.8985,9.977,7.462333333333333,11.162,8.293,12.632,8.66,7.73,13.1205,6.72,8.089,8.453,7.843,6.9115,8.326,5.8347500000000005,9.7725,8.682,6.8,9.208,7.016000000000001,7.1015,7.116,6.111000000000001,7.936,7.878666666666668,9.157,5.7642500000000005,4.9475,5.993,8.815,11.256,8.303,8.76,8.384,10.498,5.52,7.798,7.641666666666666,8.68,7.867,8.541,9.505,7.494,8.575500000000002,5.686249999999999,8.6605,9.629,6.561,12.8075,7.9544,5.6465,6.7860000000000005,5.686,3.5086,6.897,9.0955,7.608,11.407,6.389,5.532,5.616,8.337,8.315,7.441,5.4525,6.055666666666667,8.6325,5.8095,9.029,9.579,8.83025,11.512,8.5945,7.372999999999999,6.363,10.644,9.277,6.292,6.346666666666667,5.41275,6.761333333333333,9.155,7.938,7.332,7.2875,9.59,5.932,8.18125,7.466,7.147666666666667,IPD
7.912333333333334,4.541,6.943,6.158,8.815,7.0695,8.647499999999999,8.268,7.893,7.737500000000001,10.122,7.4775,11.109,8.135,12.232,8.129999999999999,7.566,13.18375,7.36,8.145,8.074,7.808,6.9155,8.542,6.04275,9.415,8.702,6.871,9.395,6.940666666666668,6.718,7.011333333333333,5.9985,7.88325,7.753,9.151,6.01725,5.7525,7.648,8.745000000000001,11.58,8.198,8.846,8.06875,10.437,7.15,7.682,7.396666666666667,8.866,8.099,8.488,9.454,7.761,8.158000000000001,5.6305,8.6025,9.87,6.515499999999999,12.8025,7.756600000000001,5.9885,6.1000000000000005,6.489,3.3478000000000003,7.112,9.127,7.612,11.368,7.7925,5.239,5.4015,8.514,8.322,7.609,5.3555,5.989333333333334,8.3625,5.675,9.317,9.363,8.269,11.081,8.258,7.316,6.5735,10.661,9.233,6.396,6.383333333333333,5.0495,6.794333333333333,8.692333333333332,7.903,7.63,7.0235,10.458,5.744,8.1845,7.781,7.208333333333333,IPD
7.006333333333333,4.183,7.318,5.316,8.747,7.5305,8.7585,8.959,6.432,8.347,10.424,7.710666666666666,11.339,8.548,12.556,7.9825,7.556,12.97675,7.407,8.497,8.462,7.819,7.2425,8.461,6.14675,9.7955,8.643,7.233,9.657,7.255333333333334,7.193,7.408666666666666,6.028499999999999,8.00675,7.791666666666667,9.449,6.24325,5.031000000000001,6.097,9.1275,11.573,8.543,8.925,8.1825,10.761,5.909,7.876,7.667666666666666,8.7845,8.252,8.886,9.591,7.856,8.5195,5.76925,8.7775,10.653,6.743,12.9375,8.1248,6.2965,6.418333333333333,6.472,3.403,7.282,9.227,7.832,11.905,7.0715,5.861,5.9065,8.528,9.669,7.628500000000001,5.6415,6.385000000000001,8.5735,6.414,9.342,9.499,9.023,11.32,8.654499999999999,7.516500000000001,6.8255,11.091,9.451,6.803,6.549666666666667,5.4502500000000005,6.928333333333334,9.633666666666668,8.26,7.46,7.51,9.248,5.977333333333334,8.3105,7.882333333333332,7.239333333333334,IPD
6.071333333333333,4.373,7.434,4.672,9.078,7.3835,8.78,8.881,6.028,8.0245,10.432,7.253,11.411,8.501,12.736,8.3605,8.156,13.00175,7.005,8.7,8.498,7.672499999999999,7.219,8.756,6.02575,9.781,8.882,7.082,9.352,7.185666666666666,7.207,7.323666666666667,6.148,7.91075,8.120333333333333,9.345,6.0447500000000005,5.347,5.498,9.1035,11.587,8.669,8.989,8.61275,10.842,5.163,7.402,7.526,8.75,7.997,8.824,9.56,7.673,8.547,5.872,8.9145,10.63,6.5280000000000005,12.9265,8.162600000000001,6.1105,6.605333333333333,6.684,3.4885999999999995,6.961,9.139,7.908,11.862,5.8655,5.706,6.0585,8.363,10.053,7.734,5.4215,6.464333333333333,8.5105,6.6375,9.358,9.419,8.84475,11.338,8.675,7.779999999999999,7.1850000000000005,10.905,9.346,6.68,6.269333333333333,5.19725,6.853333333333334,9.421,8.212,7.777,7.422,9.767,6.0681666666666665,8.52175,8.115666666666668,7.264,IPD
6.503,4.188,7.6075,5.212,8.584,7.284000000000001,8.9125,8.827,6.608,8.1815,10.253,7.375666666666667,11.473,8.079,12.617,8.747,7.66,12.8345,7.114,8.155,8.381,8.0075,7.2535,8.583,6.0055,9.763000000000002,8.927,7.227,9.244,7.209666666666666,7.649500000000001,7.501666666666668,6.2995,8.0785,8.083666666666666,9.372,6.44,5.764,5.975,9.3155,11.432,8.394,8.992,8.574,10.544,5.577,7.708,7.799666666666667,8.789000000000001,8.124,8.907,9.43,8.068,8.686,5.9855,8.596499999999999,10.505,6.6825,12.8565,8.2974,6.0945,6.508333333333333,6.632,3.3708,7.301,9.2785,7.821,11.547,6.4,5.841,5.766,8.366,10.219,7.744,5.9185,6.586333333333333,8.642,6.767,8.993,9.669,8.86125,11.439,8.618500000000001,7.8395,6.674,10.816,9.525,6.939,6.543333333333334,5.3245,6.8486666666666665,9.187666666666669,8.21,7.657,7.888999999999999,9.512,6.401833333333333,8.40175,7.713999999999999,7.263000000000001,IPD
7.270666666666667,4.491,7.5435,5.574,8.665,7.739,9.0135,8.727,6.7,7.9735,10.286,7.466333333333334,11.454,8.49,12.694,8.694500000000001,7.787,13.043,7.888,8.191,8.411,7.814500000000001,7.295,8.618,6.09925,9.858,8.998,7.202,9.319,6.953666666666667,7.2315,7.409,6.0515,7.961,8.124,9.44,6.2620000000000005,6.0545,6.089,9.2095,11.763,8.427,9.073,8.57825,10.664,6.567,7.859,8.004,8.9855,8.125,8.773,9.821,7.643,8.3345,5.74425,8.775500000000001,10.469,6.503500000000001,12.918,8.2182,6.105499999999999,6.540666666666667,6.683,3.3732,7.294,9.244,8.034,11.851,7.163,5.742,5.742,8.665,10.008,7.681,6.072,6.716666666666666,8.5915,6.77,9.162,8.961,8.764,11.22,8.4605,7.7145,6.997,11.051,9.344,6.991,6.527,5.2330000000000005,6.9046666666666665,9.547,8.077,7.64,7.6385,9.968,6.5225,8.38075,7.786666666666666,7.083000000000001,IPD
8.134,3.842,7.2010000000000005,6.422,9.278,7.458,8.618,9.157,8.119,8.234,10.539,7.48,11.507,8.266,12.533,8.0905,7.533,12.9525,7.773,8.733,8.493,8.3535,6.72,9.049,6.107,9.922,9.136,7.299,10.107,7.341666666666666,7.192500000000001,7.331333333333333,6.079,7.652,8.043666666666667,9.533,6.2215,5.581,6.375,8.8635,11.682,8.8,9.395,8.5425,10.896,6.279,7.748,7.184,9.3365,8.464,8.855,9.817,7.699,8.1815,5.64425,8.3825,10.838,6.9355,12.8695,7.9632,6.5375000000000005,6.478333333333333,7.155,3.7888000000000006,7.592,9.19,8.084,11.483,7.747,5.885,5.753,8.59,8.793,7.569000000000001,5.536,6.756666666666667,8.838000000000001,5.2465,9.883,10.113,8.654,11.342,8.593,7.792499999999999,7.278499999999999,10.724,9.566,7.172,6.525,5.06175,6.918333333333333,9.721666666666666,8.754,7.614,7.1915,11.399,6.061166666666666,8.569749999999999,8.841333333333333,7.710333333333334,IPD
6.896666666666667,4.83,7.5105,5.216,8.665,7.473000000000001,8.8535,8.548,6.796,8.146,10.213,7.456833333333333,11.2,8.286,12.55,8.531500000000001,7.292,12.96875,7.513,8.36,8.566,7.8165,7.429,8.631,6.314,9.4315,8.802,7.066,9.222,6.897333333333333,7.2235,7.244333333333333,5.851,7.77975,7.965333333333334,9.446,6.1295,5.6535,5.643,9.277,11.465,8.346,8.93,8.58275,10.345,5.818,8.041,8.143,8.658999999999999,7.955,8.467,9.524,8.057,8.55,5.7775,8.5315,10.76,6.675,12.6,8.0636,6.3825,6.925999999999999,6.7,3.3763999999999994,7.085,9.1355,7.936,11.685,6.7935,5.897,5.798500000000001,8.212,10.696,7.784000000000001,5.804,6.971666666666667,8.440999999999999,7.1445,8.941,9.453,8.83025,11.427,8.383500000000002,7.8235,6.8965,10.515,9.03,7.118,6.553,5.17925,6.834333333333333,9.319,7.98,7.706,7.3325,9.542,6.549499999999999,8.38625,7.827666666666666,7.1323333333333325,IPD
7.540999999999999,4.873,7.808,5.226,8.92,7.7735,9.0835,8.792,6.394,8.426,10.576,7.788,11.508,8.68,12.826,9.143999999999998,7.632,13.0095,8.002,8.531,8.614,7.8865,7.5365,8.947,6.15875,9.7835,9.129,7.368,9.408,7.251666666666666,7.4025,7.394000000000001,6.75,8.247250000000001,8.508333333333333,9.623,6.409,5.76,5.518,9.1975,11.966,8.578,8.913,8.926,10.728,5.7,7.625,7.876333333333332,9.1285,8.006,8.925,9.773,8.159,8.588000000000001,6.043749999999999,8.9125,10.759,6.797499999999999,12.9105,8.3172,6.340999999999999,6.492333333333334,7.242,3.1630000000000003,7.532,9.22,8.1,11.961,6.980499999999999,5.798,5.1855,8.729,10.712,7.896000000000001,5.9335,7.100666666666666,8.757,6.7875,9.284,9.993,9.153,11.444,8.553,7.868,7.119,11.059,9.773,7.149,6.665,4.952999999999999,6.668,9.881,8.417,7.581,7.8125,10.474,6.4955,8.3965,8.203000000000001,7.263000000000001,IPD
6.229,4.665,7.486,5.084,8.633,7.311,8.532,8.558,6.817,7.891,10.445,7.441333333333333,11.197,8.019,12.223,8.562000000000001,7.882,12.837,7.408,8.258,8.444,7.646,6.949999999999999,8.543,5.916,9.649,8.649,7.13,9.4,6.896666666666667,7.0725,7.318,6.163,7.978499999999999,7.623,8.957,5.8795,4.5545,5.375,8.6775,11.049,8.305,8.88,8.26275,10.759,5.675,7.6,7.309333333333334,8.719,8.041,8.543,9.608,7.654,8.2945,5.72575,8.64,10.307,6.505000000000001,12.471,7.9794,6.3445,6.252,6.323,3.3204,7.181,9.0975,7.775,11.543,6.225,5.382,5.8985,7.97,10.274,7.4085,5.4575,6.386666666666667,8.516,6.3765,9.123,9.065,8.6485,11.082,8.559999999999999,7.8735,6.6995000000000005,10.697,9.392,6.417,6.321666666666666,5.7855,6.579,9.272333333333334,8.124,7.519,7.434,10.073,6.2125,8.35925,7.6336666666666675,7.109666666666667,IPD
6.325333333333333,4.359,7.211,5.001,8.751,7.4155,8.7255,8.821,6.53,8.39,9.811,7.2715,11.468,8.503,12.882,8.163499999999999,7.566,12.97925,7.238,8.671,8.278,7.7365,6.9655000000000005,8.6,6.36025,9.7335,8.92,6.848,9.181,7.228999999999999,7.3035,7.545333333333335,6.173500000000001,7.73825,8.225999999999999,8.87,6.07625,4.9035,6.06,8.9245,11.527,8.302,9.196,8.19275,10.811,5.75,7.856,7.737999999999999,8.936,7.961,8.562,9.488,8.164,8.088,5.77625,8.7585,10.761,6.68,13.1025,8.0872,5.718500000000001,6.459333333333333,6.463,3.6866,7.109,9.17,7.695,11.894,6.942,5.696,5.862,8.168,8.199,7.545,5.8815,6.515000000000001,8.491,6.3875,9.357,9.935,8.95675,11.35,8.424,7.772,7.0335,10.935,9.737,6.883,6.635333333333333,5.4985,6.8260000000000005,9.211666666666666,8.333,7.632,7.693,9.356,6.0986666666666665,8.2445,8.126333333333333,7.247333333333334,IPD
7.005,4.383,7.42,5.255,8.06,7.0015,8.2935,8.13,6.616,8.131,10.075,7.035333333333333,10.988,7.789,11.874,7.6815,7.261,12.54925,7.455,8.245,8.144,7.824,6.776,8.483,6.055,9.272,8.282,6.863,9.238,7.022666666666666,6.891,6.980999999999999,5.525,7.55225,7.385000000000001,8.988,6.1035,4.775,5.346,8.033999999999999,10.451,8.266,8.856,7.62475,10.228,5.865,7.321,7.025333333333333,8.5725,7.809,7.696,9.151,7.376,7.659000000000001,5.60475,8.850999999999999,10.458,6.575,12.0895,7.9604,6.1905,6.326666666666665,6.633,3.5826,7.1,8.6215,7.471,11.059,7.147,5.292,6.0435,8.223,9.515,7.285,5.9475,5.995666666666668,8.315,5.859999999999999,9.218,8.805,8.5555,10.829,8.367,7.5325,6.6645,10.627,9.317,6.188,6.746,5.5845,6.952999999999999,9.093,7.911,7.446,7.2585,9.438,6.134666666666667,8.27525,7.577000000000001,7.286666666666666,CONTROL
6.398666666666667,3.991,7.2555,4.787,8.589,6.989,8.688500000000001,8.436,6.4,7.914999999999999,9.958,7.294333333333333,11.073,7.886,12.28,8.030999999999999,7.305,12.80975,6.757,8.652,8.471,7.595499999999999,6.6845,8.249,5.924,9.554,8.561,6.715,9.211,6.936333333333334,6.8815,7.266666666666667,5.891500000000001,7.719,7.521333333333334,9.028,6.0895,5.276999999999999,5.488,8.7625,11.27,8.272,8.654,8.136,10.657,5.521,7.791,7.202333333333333,8.572,8.155,8.184,9.358,7.706,7.7955,5.57025,8.4855,10.419,6.6465,12.542,7.7756,6.1405,6.251333333333334,6.389,3.662,7.068,9.004000000000001,7.384,11.479,6.3545,5.551,6.167999999999999,8.427,9.114,7.584,5.5755,6.144000000000001,8.5745,5.863,9.276,9.28,8.662749999999999,11.191,8.477,7.3375,6.6215,10.654,9.305,6.169,6.224666666666667,5.47675,6.743333333333333,8.988999999999999,8.078,7.54,7.2955,9.372,5.870833333333334,8.279,7.920999999999999,7.155666666666666,CONTROL
6.195666666666667,3.914,6.932,4.74,8.147,6.862,8.588000000000001,8.144,6.139,8.1455,9.469,6.877333333333333,10.775,7.395,11.937,7.7305,7.202,12.678,6.728,8.022,7.912,7.4625,6.746,8.211,5.6535,8.9415,8.671,6.613,9.011,6.192666666666667,6.5885,7.047666666666667,5.9025,7.453,7.649666666666666,9.069,5.8855,4.6495,5.334,8.48,11.411,8.203,8.575,7.8685,10.053,5.084,7.776,7.409666666666666,8.5935,7.735,7.881,9.216,7.307,7.5265,5.5265,8.285,10.141,6.409000000000001,12.2995,7.474600000000001,5.853,5.909333333333333,6.011,3.7232,6.652,9.0,7.049,11.398,6.404999999999999,5.626,5.9145,8.09,8.929,7.686,5.5475,6.157666666666667,8.277999999999999,6.146,8.765,9.703,8.31425,11.14,7.980500000000001,7.3765,6.125,10.189,8.908,6.528,6.1306666666666665,5.38325,6.325333333333333,8.175333333333333,7.819,7.435,7.4115,8.774,6.3198333333333325,8.0635,7.937333333333334,6.835,CONTROL
7.27,4.592,7.365,5.836,8.434,7.189,8.4225,8.387,7.489,7.9635,9.734,7.248,10.806,7.578,11.788,7.750500000000001,7.458,12.573,7.145,8.025,7.982,7.8545,6.417,8.366,5.984249999999999,9.0415,8.39,6.825,9.315,6.748333333333334,6.6165,6.9750000000000005,5.497,7.095000000000001,7.667666666666666,9.011,6.1785,5.329000000000001,7.106,8.568,11.051,8.193,8.665,7.88175,10.302,6.446,7.526,6.991666666666667,8.529,7.745,7.874,9.08,7.541,7.592,5.68975,8.407,10.149,6.5375,12.11,7.4188,6.2235,6.113,6.271,3.53,7.099,8.741,7.485,11.024,7.3855,5.152,5.707,8.334,8.842,7.5525,5.8675,6.112333333333333,8.3415,5.9830000000000005,9.015,8.841,8.40975,11.152,8.3125,7.433,6.684,10.499,9.279,6.587,6.4816666666666665,5.1937500000000005,6.605666666666667,8.891,7.921,7.534,7.1545,10.069,6.217666666666666,8.03825,8.111,7.302333333333333,CONTROL
6.932666666666666,4.299,7.472,4.426,8.886,7.4445,8.835,8.54,6.085,8.293,10.007,7.218333333333334,11.204,7.77,12.499,8.5705,7.658,12.91825,7.352,8.615,8.606,7.7965,6.9705,8.447,6.170999999999999,9.574000000000002,8.862,6.786,9.213,7.138000000000001,7.1245,7.690666666666666,5.6505,8.04575,7.972333333333334,9.077,6.18125,4.3165,5.787,8.5515,11.552,8.149,8.973,8.301,10.477,4.94,7.303,7.455000000000001,8.821000000000002,8.3,8.602,9.458,7.123,7.935499999999999,5.66475,8.670000000000002,10.689,6.758,12.839,7.8878,6.282500000000001,6.198333333333333,5.94,3.5682,7.122,9.161,7.697,11.735,7.207,5.281,5.7435,8.148,9.995,7.914999999999999,5.4555,6.379333333333332,8.577,6.3535,9.13,9.648,8.885,11.292,8.719999999999999,7.496,6.6785,10.794,9.496,6.664,6.359666666666667,4.925,6.2956666666666665,8.746333333333334,8.276,7.523,7.7515,10.797,6.649,8.363249999999999,7.804666666666667,7.140000000000001,CONTROL
6.604333333333333,4.52,7.723000000000001,4.763,8.793,7.266999999999999,8.7325,8.758,6.298,8.0335,9.996,7.237833333333334,10.973,7.637,12.335,7.907500000000001,7.316,12.84475,7.407,8.227,7.866,7.729,7.2555,8.444,6.06525,9.1395,8.898,6.69,9.016,6.816666666666666,7.1455,7.07,6.225,7.61075,7.803333333333334,9.168,6.39025,5.2055,5.734,8.9245,11.589,8.25,8.841,8.4595,10.19,5.598,7.631,7.396666666666667,8.71,8.125,7.895,9.356,7.753,8.2095,5.76375,8.353,10.241,6.592499999999999,12.5885,7.793000000000001,5.868,5.804333333333333,6.251,3.586,6.976,9.167000000000002,7.419,11.548,7.3,5.424,5.6450000000000005,8.507,9.182,7.6945,5.753,6.203,8.461500000000001,6.145,9.11,9.482,8.45625,11.101,8.411000000000001,7.391500000000001,6.42,10.608,9.218,6.476,6.251333333333334,5.2505,6.756666666666667,8.643333333333333,8.128,7.531,7.587999999999999,9.991,6.1505,8.18225,7.536333333333334,7.083666666666666,CONTROL
7.3676666666666675,4.884,7.4045,5.377,8.46,7.2835,8.7455,8.396,7.033,8.1105,10.027,7.272333333333333,11.21,7.96,12.236,8.2975,7.51,12.81225,7.159,8.466,8.509,7.996499999999999,6.724,8.561,6.104,9.3415,8.592,6.886,9.053,7.236666666666667,6.99,7.318333333333332,5.724,7.731,7.601,9.279,6.4495000000000005,5.2845,6.4,8.706,11.16,8.197,8.766,8.1175,10.375,5.943,7.247,7.205666666666666,8.527000000000001,8.319,8.19,9.217,7.183,7.634,5.838,8.622,10.604,6.811,12.377,8.0694,6.278499999999999,6.465666666666667,6.425,3.5076,7.37,9.0735,7.597,11.505,7.284,5.307,6.2645,8.584,9.347,7.772499999999999,5.8575,6.364333333333334,8.516,6.4145,9.059,8.934,8.471,11.009,8.536999999999999,7.6,6.647,10.948,9.01,6.578,6.560666666666667,5.1465,6.835000000000001,8.849333333333334,8.116,7.704,7.3545,9.504,6.224666666666667,8.199,7.919333333333333,7.299333333333333,CONTROL
5.527,3.651,7.277,3.78,8.335,7.015000000000001,8.0965,7.769,5.495,8.1975,9.31,6.585333333333334,10.177,7.424,11.904,7.659000000000001,7.182,12.73,6.487,8.383,7.739,7.353,6.2065,8.168,5.8555,8.224499999999999,8.929,6.486,8.564,5.959333333333333,6.7835,7.113333333333333,5.9955,6.94925,7.714666666666667,8.856,6.046,4.109999999999999,5.162,8.1705,11.539,8.098,8.499,7.55775,10.253,4.786,6.992,7.032666666666667,8.453,7.819,7.675,8.862,8.101,7.327500000000001,5.17425,8.3605,10.248,6.4695,12.473,7.327799999999999,5.8345,5.751,5.232,3.9528,7.053,9.209,7.127,11.013,6.386,5.476,6.0635,8.649,8.359,7.6815,5.343,6.261666666666667,8.2625,5.6175,9.178,9.34,8.18975,10.999,8.3285,6.980499999999999,6.1265,10.502,9.028,6.029,5.674666666666667,5.218,6.407,7.635333333333333,8.372,7.288,7.205,8.793,5.800999999999999,8.01475,7.93,6.508,CONTROL
6.944666666666667,3.938,7.678,4.816,9.323,7.681,8.4735,9.089,6.412,8.744,10.375,7.357,11.534,8.03,12.525,8.361,7.447,12.6565,7.385,8.452,8.457,8.199,6.789499999999999,8.672,6.356,9.622,8.918,7.471,9.699,6.992999999999999,7.19,7.356333333333333,6.0285,7.77325,8.023000000000001,9.539,6.04025,5.1795,5.293,8.844000000000001,11.794,8.384,9.329,8.58025,10.507,5.435,8.198,7.120333333333334,9.077,8.736,8.426,9.695,8.829,7.725,5.79575,8.525500000000001,10.821,6.589,12.86,8.0564,5.8855,6.44,6.816,3.941,7.527,9.374,8.065,11.374,6.74,6.101,5.5715,8.975,10.324,7.8215,5.247,6.334666666666666,8.77,5.964,9.247,9.666,8.533,11.338,8.625,7.51,7.026,11.042,9.303,6.406,6.2763333333333335,5.572,6.649333333333334,9.427,8.49,7.394,6.948,9.987,6.112333333333333,8.28925,8.027666666666667,7.545666666666666,CONTROL
6.445333333333333,4.22,7.4965,4.419,8.739,6.808,8.711500000000001,8.51,6.062,8.145,9.847,7.303333333333334,10.855,7.742,12.136,8.089,7.426,12.84225,7.208,8.318,8.336,7.6485,6.878,8.403,6.116,9.2665,8.484,6.499,9.154,6.834,7.1575,7.280666666666666,6.077,7.68975,7.877333333333333,9.156,6.26125,5.023,5.287,8.666,11.346,8.025,8.641,8.33425,10.441,5.354,7.29,7.127,8.801,7.874,8.185,9.186,8.097,7.7685,5.77275,8.3875,10.444,6.561999999999999,12.2225,7.7318,5.9015,6.209666666666667,6.285,3.6412,6.937,8.969999999999999,7.514,11.255,6.767,5.607,5.8915,8.532,8.54,7.718,5.5315,6.036666666666666,8.532,5.2865,9.131,9.263,8.61825,11.158,8.2915,7.388999999999999,6.499499999999999,10.583,9.049,6.311,6.271000000000001,5.24425,6.2253333333333325,8.813666666666668,8.183,7.41,7.1665,9.357,6.1345,8.16525,8.047333333333333,7.084333333333333,CONTROL
6.32,4.225,7.144,5.312,8.313,6.967499999999999,8.4925,8.455,6.385,7.8015,9.695,7.165666666666667,10.994,8.19,12.431,8.0545,7.284,13.1115,7.19,8.345,7.985,7.594,6.895,8.209,5.9245,9.179,8.808,6.523,9.123,6.889333333333333,6.7695,7.176333333333333,5.8295,7.6185,7.805,8.855,5.7815,5.0615000000000006,5.661,8.994,11.374,8.137,8.618,8.03225,10.454,5.506,7.459,7.526333333333333,8.478000000000002,7.603,8.168,9.297,7.755,8.073,5.57175,8.501,10.351,6.687,12.712,7.775200000000001,5.891,6.524666666666668,6.428,3.6262,6.741,9.143,7.58,11.551,6.5175,5.202,5.996499999999999,8.123,9.369,7.570500000000001,5.4905,6.428,8.442,6.089,9.122,9.307,8.7015,11.278,8.344999999999999,7.365500000000001,6.8215,10.709,9.32,6.592,6.416999999999999,5.461,6.739999999999999,9.020333333333332,7.725,7.426,7.348000000000001,9.748,5.961166666666666,8.1725,7.757333333333332,7.0120000000000005,CONTROL
6.352666666666667,4.362,6.6705000000000005,5.236,8.393,6.8865,8.3235,8.172,6.696,7.330500000000001,9.528,6.5415,10.758,7.285,12.296,7.5275,6.985,12.55125,7.206,7.9,7.471,7.4365,6.642,8.319,6.00625,9.1665,8.069,6.111,9.141,6.469333333333334,6.8835,6.818666666666666,5.886,6.9305,7.485,8.715,5.78125,4.6705,5.635,8.2795,10.9,7.997,8.388,7.827999999999999,10.076,5.513,7.041,7.116666666666667,8.399999999999999,7.713,7.953,9.185,7.492,7.353,5.62825,8.338999999999999,9.946,6.372,12.343,7.4042,5.628500000000001,6.062333333333334,6.38,3.662,6.643,8.6005,7.449,11.113,6.7285,5.663,5.7185,7.682,8.733,7.29,5.681,6.000666666666667,8.058,6.0685,8.879,8.95,8.233,10.786,8.087,7.3425,6.345000000000001,10.254,8.967,6.167,6.517666666666667,5.5585,6.495666666666668,8.573,7.715,7.542,6.9455,10.009,6.2843333333333335,8.163,7.5186666666666655,7.041666666666667,CONTROL
6.325,4.255,7.346999999999999,4.543,8.541,7.2025,8.669,8.63,6.381,8.3865,9.87,7.155833333333334,10.952,8.101,12.403,7.6635,7.621,12.948,7.398,8.305,8.236,7.728,6.991,8.584,5.925,9.1115,8.316,6.473,9.064,6.883,7.141,7.405666666666666,5.729,7.44125,7.786333333333332,9.185,6.40525,4.9585,5.432,8.703,11.271,7.994,8.647,8.501000000000001,10.432,5.469,7.723,7.020666666666666,8.523,8.157,8.375,9.402,7.985,7.8775,5.7665,8.4405,10.696,6.9190000000000005,12.4205,7.905199999999999,6.382,6.464666666666667,6.306,3.5647999999999995,6.769,9.118,7.649,11.568,6.769500000000001,5.673,5.863,8.449,9.803,7.7085,5.7490000000000006,6.427333333333333,8.1395,6.125,9.07,9.412,8.64725,10.951,8.5045,7.426,6.8165,10.724,9.045,6.198,6.545333333333335,5.3145,6.489666666666667,8.954,8.14,7.5,7.509500000000001,9.489,6.308833333333333,8.2855,8.162,7.166,CONTROL
5.741,4.612,7.292999999999999,4.171,8.298,7.016500000000001,8.746,8.03,5.98,7.782500000000001,9.737,6.854,10.887,7.839,12.206,8.6145,7.664,12.528,7.073,8.04,8.714,7.8325,7.0425,8.425,6.1072500000000005,9.3475,8.784,6.646,9.026,6.724333333333334,6.878500000000001,7.074333333333333,6.022,7.45325,7.805666666666667,9.179,6.16625,4.7375,5.129,8.8305,11.283,7.862,8.532,8.224,10.009,5.53,7.561,7.698666666666667,8.556000000000001,7.855,8.412,9.199,8.595,7.612999999999999,5.702,8.423,10.605,6.2780000000000005,12.378,7.822,5.6085,6.354,6.558,3.4992000000000005,7.137,8.9845,7.103,11.463,6.063000000000001,5.856,5.865,8.293,10.568,7.603,5.7415,6.603333333333333,8.427,7.0045,8.941,9.67,8.576,11.153,8.419,7.749,6.4415,10.628,9.135,6.519,6.427,5.24425,6.407,8.839333333333334,7.729,7.189,7.472,9.895,6.4238333333333335,8.32525,7.530333333333334,6.9606666666666674,CONTROL
6.708666666666667,4.577,7.4835,5.462,8.172,7.0760000000000005,8.642,8.254,6.869,7.906000000000001,9.856,7.049166666666667,11.048,7.766,12.232,7.4665,7.197,12.624,7.336,8.284,8.093,7.871,6.73,8.337,5.9025,9.0745,8.249,6.673,9.092,6.718333333333334,7.063000000000001,7.029333333333334,5.629,7.161,7.265333333333333,8.838,6.05575,5.9455,5.905,8.6935,11.135,7.91,8.706,8.1055,10.102,6.135,7.528,7.297999999999999,8.4525,8.025,8.09,9.125,7.988,7.651,5.696,8.304,10.093,6.4275,12.166,7.38,6.21,6.689,5.932,3.4234,7.139,8.8955,7.398,11.37,7.204000000000001,5.562,5.9195,8.551,8.71,7.4175,5.927,6.333000000000001,8.2015,5.9990000000000006,9.03,9.216,8.423,11.012,8.314499999999999,7.334,6.2865,10.479,9.142,5.907,6.538333333333334,5.28625,6.682333333333333,8.827,7.913,7.464,7.302,9.143,6.390666666666667,8.285,8.151666666666666,7.095,IPD
6.8053333333333335,4.841,7.572,4.931,8.92,7.308,8.698500000000001,7.977,6.558,7.9245,9.884,7.299333333333333,10.763,7.511,12.268,7.7605,7.677,12.825,6.809,8.246,8.809,7.8085,6.9455,8.291,5.8955,9.3355,8.602,6.938,9.213,6.912,6.9545,7.217666666666667,5.8665,7.6045,7.704333333333333,9.049,6.20075,4.74,5.79,8.686499999999999,11.435,7.973,8.595,8.18625,10.315,5.68,7.019,7.108666666666667,8.369,8.021,7.791,8.927,7.366,7.6305,5.638999999999999,8.587499999999999,10.562,6.532,12.2865,7.8096,5.873,6.181666666666668,6.267,3.74,7.166,8.9215,7.27,11.218,6.8535,5.647,5.7620000000000005,8.256,9.582,7.967499999999999,5.529999999999999,6.348,8.5815,6.0485,9.292,9.321,8.862,11.341,8.5755,7.2265,6.9025,10.778,8.901,6.484,6.213,5.19175,6.796,9.047333333333333,8.052,7.264,7.4495,9.548,5.854166666666667,7.9285,7.856666666666666,7.121,IPD
7.162,4.896,7.21,5.307,8.438,6.7885,8.495,7.932,6.812,7.884,9.564,6.923166666666667,10.532,7.229,12.4,7.153499999999999,7.201,12.774,7.13,8.014,8.185,7.7345,6.765000000000001,8.086,6.07475,8.8635,8.032,6.619,9.238,6.638333333333333,6.5065,7.136333333333333,5.936999999999999,7.133,7.377333333333333,8.663,6.057,4.1755,6.388,8.3935,11.307,7.881,8.595,7.71525,9.82,5.862,7.772,7.082999999999999,8.51,7.649,7.516,8.808,7.552,7.2335,5.39225,8.32,10.091,6.058,12.445,7.341800000000001,5.6705,6.038666666666667,5.832,3.467,6.504,8.704,7.13,11.089,7.8235,5.197,5.729,8.368,8.975,7.5645,5.6,5.957333333333334,8.4115,5.993,8.807,9.02,8.15275,11.072,8.188500000000001,7.077500000000001,6.5745000000000005,10.233,9.149,5.825,6.112333333333333,5.2625,6.759333333333333,8.341,7.565,7.197,7.387,9.808,6.161666666666666,7.728,7.921,6.835999999999999,IPD
5.678666666666667,4.036,7.182,5.036,8.169,6.7645,8.353,6.906,6.691,6.7615,9.193,6.7315,10.252,7.185,12.021,7.4655,7.715,12.323,7.203,8.094,8.004,7.45,6.448,8.296,5.567,8.7895,8.325,6.216,8.819,5.853666666666666,6.3995,6.264333333333333,5.3515,7.16975,7.268333333333333,8.748,5.97625,4.6775,5.588,8.2005,11.079,7.616,8.118,7.72225,9.887,5.114,7.058,6.628666666666667,8.105500000000001,7.976,7.947,8.514,8.085,6.6045,5.5,7.99,9.907,5.9315,12.2435,7.284000000000001,5.6815,5.905,5.44,3.6966,6.802,8.506499999999999,6.772,10.902,6.1625,5.653,5.9365000000000006,7.887,9.608,7.797499999999999,5.2325,6.079999999999999,7.978499999999999,5.7425,8.557,8.703,8.1,10.651,7.998,6.856999999999999,6.29,10.215,8.281,5.987,6.134666666666667,5.38675,6.085333333333334,8.459999999999999,7.543,7.265,7.066,8.709,5.9751666666666665,7.65125,7.823333333333334,6.762333333333333,CONTROL
5.831666666666666,3.74,7.781,4.404,8.424,7.168,8.3835,8.24,5.679,8.2995,10.028,7.505333333333333,10.995,7.9,11.944,8.873000000000001,7.515,12.59975,7.677,8.305,8.541,7.7865,6.702999999999999,8.687,5.9190000000000005,9.179,8.797,6.808,9.188,6.637666666666667,7.2725,7.009,5.7965,7.25675,7.830666666666667,9.415,6.519,5.4035,5.297,9.093,11.566,8.084,8.559,8.402750000000001,10.234,4.811,7.757,7.470333333333333,8.7285,7.875,8.458,9.258,8.147,7.817499999999999,5.616,8.1945,10.566,6.5485,12.0935,7.7128,6.371,5.854333333333333,6.561,3.6562,7.156,9.207,7.428,11.333,5.656,5.782,5.4665,8.5,10.301,7.804,5.612500000000001,6.554333333333333,8.3975,6.808,9.005,9.653,8.53825,11.185,8.4565,7.44,6.4605,10.751,9.202,6.426,6.419999999999999,5.329,6.78,9.283666666666669,8.119,6.986,7.5675,8.61,6.172166666666667,8.1755,8.107333333333333,6.970666666666666,IPD
6.405,4.535,7.141,5.084,8.803,7.005000000000001,7.875500000000001,7.578,6.689,7.544,9.859,7.0185,10.525,7.613,12.317,8.2125,7.824,12.76475,7.174,8.108,8.907,7.4765,6.305499999999999,8.246,5.6765,9.388,8.705,6.253,8.676,6.524666666666666,6.497,6.706666666666666,5.5655,7.53575,7.606999999999999,8.588,6.107,3.8885,6.339,8.9165,11.39,7.845,8.35,8.115,10.35,5.659,6.734,7.171666666666667,8.857,8.053,8.028,8.355,7.693,6.8845,5.798500000000001,8.097999999999999,10.433,6.174,12.673,7.6068,5.0365,6.294333333333334,5.96,3.611,6.778,8.865,7.419,11.651,6.367,5.35,5.4405,7.464,10.116,7.6215,5.1435,6.701333333333333,8.4165,5.5445,8.62,9.432,8.76625,11.188,8.183,6.7655,6.388999999999999,10.614,9.023,6.46,6.1803333333333335,4.77175,6.652,9.221333333333334,7.894,7.138,7.4715,10.15,6.235666666666667,7.66,8.206666666666667,6.9943333333333335,IPD
6.182666666666667,4.259,7.275,4.989,9.115,7.326,8.5615,8.288,6.12,7.955,10.037,7.4926666666666675,10.767,7.497,12.414,8.64,7.589,12.9145,7.061,8.341,8.373,7.842,6.998,8.319,6.2615,9.185,8.807,6.56,9.291,6.666666666666667,6.599500000000001,6.575,5.9190000000000005,7.97,7.688666666666667,8.77,5.96575,4.232,5.08,8.765,11.493,7.735,8.967,8.57225,10.477,4.62,7.368,7.501333333333332,8.8195,7.948,7.95,9.301,7.67,8.055,5.741,8.247,10.394,6.493,12.4725,7.883,6.0665,6.136333333333333,6.263,3.4344,6.683,9.4025,7.513,11.497,6.284000000000001,5.867,5.919,8.579,9.436,7.9205,5.396000000000001,6.355999999999999,8.7575,6.414999999999999,9.009,9.36,8.58925,11.59,8.5825,7.499,6.338,10.803,9.174,6.357,6.417666666666666,5.2865,6.799333333333333,9.075,7.738,7.211,7.592,9.159,6.4943333333333335,8.264,7.5506666666666655,7.159666666666666,CONTROL
6.195666666666667,3.933,7.2275,4.606,8.664,7.011,8.4965,7.914,5.832,6.9805,9.851,6.987833333333334,10.584,7.458,12.222,8.1655,7.708,12.7195,6.097,8.207,8.273,7.699,6.7205,8.45,5.993,8.900500000000001,9.098,6.726,8.876,6.076999999999999,6.2935,6.643666666666667,5.569,7.65675,7.567666666666667,8.678,5.85175,5.0435,5.403,8.7225,11.542,7.918,8.597,8.44675,10.634,5.297,6.914,6.966,8.9415,7.654,8.047,9.329,7.838,7.371499999999999,5.58,7.8955,10.347,6.1675,12.5325,7.5814,5.532,5.820333333333333,5.804,4.0252,6.348,9.066,7.412,11.429,6.0525,5.347,6.1225,8.438,9.087,7.641,5.275,6.2123333333333335,8.2045,6.668,8.752,9.228,8.218250000000001,11.12,8.3225,7.166,5.9,10.798,9.014,5.506,6.126,5.51125,6.509666666666667,8.442,8.139,7.241,7.676,9.647,6.243333333333332,8.256499999999999,7.986999999999999,6.987333333333333,CONTROL
6.177666666666667,3.935,6.7105,4.74,8.712,7.1215,8.67,7.973,6.392,7.714,10.214,7.114,10.721,7.768,12.279,8.0155,7.544,12.717,6.73,8.359,8.331,7.659,6.731,8.426,5.959,8.9315,8.76,6.011,9.079,6.189666666666667,6.3815,6.468333333333334,5.611,7.84775,7.1673333333333344,8.763,6.25775,4.335000000000001,5.7,8.7665,11.275,8.276,8.724,8.251999999999999,10.824,4.656,7.57,7.109666666666667,8.8585,7.986,7.851,9.247,6.632,7.5685,5.613,8.4055,10.255,6.148,12.501,8.0434,6.0825,5.659,5.89,3.7652,6.608,9.2345,7.493,11.62,6.2435,5.514,6.4525,8.151,9.178,7.446,5.247,6.178333333333334,8.4205,6.308,8.982,9.539,8.35075,11.31,8.326,7.015000000000001,6.1995000000000005,10.854,9.073,5.928,6.165,5.70125,6.5856666666666674,8.610999999999999,7.917,7.225,7.386,8.908,5.985499999999999,8.27975,7.493666666666667,7.113333333333333,CONTROL
6.853333333333334,3.729,7.6715,5.057,9.164,7.4715,8.866,7.486,6.577,7.723000000000001,10.349,7.356666666666666,10.998,7.897,12.555,9.1955,8.301,12.9215,7.327,8.752,8.536,7.625500000000001,7.346999999999999,8.488,5.80575,9.5975,9.213,7.1,9.202,6.807666666666667,6.8295,6.995333333333332,5.4505,8.2355,7.891999999999999,8.546,6.41775,4.8525,6.107,9.04,11.662,7.651,8.993,8.8,10.897,4.999,7.048,7.435333333333333,9.296,8.146,8.929,9.798,8.572,7.458,6.323,8.066,10.786,6.2555,12.609,8.2108,6.2445,6.040666666666667,6.66,3.557,6.75,9.218,7.565,12.144,7.1765,6.058,5.587999999999999,8.353,11.148,8.009,5.411,6.953666666666667,8.448,7.2035,9.115,9.49,8.824,11.113,8.624500000000001,7.422000000000001,6.128,11.02,8.889,6.522,6.449333333333333,4.932,6.212,8.814333333333332,8.332,7.316,7.7545,10.556,6.9431666666666665,8.344,7.579000000000001,7.041999999999999,CONTROL
6.264333333333333,4.136,7.121499999999999,4.709,8.849,7.4225,8.3645,6.894,6.331,7.608,9.861,6.555499999999999,10.823,7.84,12.252,8.252,7.615,12.61075,6.494,8.44,8.478,7.5985,6.390000000000001,8.467,5.9755,9.1945,8.989,6.946,8.809,5.758333333333333,6.465,6.625333333333334,5.558,7.83075,7.994,8.912,5.676,4.071,5.84,8.721,11.711,8.502,9.01,8.33225,11.057,4.741,7.27,6.923666666666667,9.082,8.47,7.949,9.171,7.56,6.875500000000001,5.7175,8.0235,11.182,6.048,12.4725,7.5418,6.080500000000001,5.344333333333332,6.735,3.9672,7.173,9.333,7.442,11.752,6.8405000000000005,5.4,5.814500000000001,8.293,10.016,7.689500000000001,5.186,6.738,8.347999999999999,6.695,9.138,9.242,8.26225,11.205,8.1145,7.459,6.3375,11.023,8.726,6.419,6.29,5.32225,6.5073333333333325,9.093333333333334,8.342,7.262,7.579,10.0,6.110499999999999,8.29825,7.976666666666667,6.726333333333334,CONTROL
6.201666666666667,4.101,7.508,4.39,9.085,6.863,8.6875,7.509,6.45,7.567,10.09,7.040666666666667,10.365,7.309,12.244,8.1095,8.118,12.7925,5.934,8.203,7.913,7.691,6.8255,8.619,5.8515,8.7575,8.914,6.448,8.765,6.315,6.480499999999999,6.458333333333333,5.399,7.65675,7.599333333333334,8.77,6.1135,4.515000000000001,5.106,8.416500000000001,11.321,7.949,8.4,8.1585,10.482,4.558,6.714,7.121,8.5735,8.108,7.75,8.83,7.635,7.555,5.6595,8.215,10.551,6.5975,12.3695,8.1106,6.0545,5.385666666666666,6.244,3.7762,7.144,9.205,7.426,11.466,5.9665,5.791,6.013,8.347,9.905,7.694000000000001,5.353,6.634,8.2355,6.258,8.869,9.198,8.041,10.947,8.282499999999999,7.399000000000001,5.9145,10.876,8.749,6.21,6.344333333333334,5.13525,6.222,8.718666666666666,7.822,7.148,7.802,9.12,6.317333333333333,8.23875,7.622666666666667,7.0456666666666665,CONTROL
6.687666666666668,4.752,6.156,5.025,7.971,6.08,7.9575,7.151,6.318,7.382,8.922,6.2475,9.855,6.35,11.955,6.9245,7.098,11.8815,6.017,7.321,7.27,7.3125,6.2755,7.988,6.0205,8.186499999999999,8.03,6.346,8.337,5.817333333333333,6.1865000000000006,6.034666666666666,5.329,6.470000000000001,7.172999999999999,7.899,5.7315,4.82,5.527,7.7235,10.339,7.701,7.531,7.26375,9.428,4.988,6.384,6.642333333333333,7.65,6.3,7.012,8.799,7.558,6.7325,5.44825,7.84,9.459,5.987,11.979,7.0268,5.569,5.641333333333333,5.615,3.6324,6.627,8.036,7.095,10.394,6.256,5.947,5.7405,6.878,9.264,7.411,5.5585,6.003,7.62,6.203,8.304,8.173,7.54725,10.484,7.5225,7.1875,5.4585,9.661,7.954,5.396,5.947666666666667,5.16725,5.844,8.219666666666667,7.255,7.101,7.072000000000001,9.019,5.855833333333333,8.06275,7.321000000000001,6.741666666666667,CONTROL
6.289000000000001,4.95,6.528499999999999,5.201,8.612,6.5955,8.39,7.996,6.564,7.660500000000001,9.565,6.699833333333333,10.362,7.177,11.996,7.5555,7.468,12.43625,6.879,7.933,7.993,7.767,6.968,8.284,6.04175,8.787500000000001,8.377,6.349,8.42,6.468,6.3025,6.320333333333333,5.5065,7.41825,7.456666666666666,8.627,6.0365,4.812,5.94,8.5755,11.011,7.635,8.12,7.47325,9.858,5.305,6.971,7.117999999999999,8.39,7.665,7.598,9.023,7.035,7.3725,5.444,7.938499999999999,10.129,6.3885,12.1085,8.0474,5.6155,5.863666666666667,6.011,3.5088,6.356,8.636,7.063,11.033,6.2715,5.968,5.472,7.561,9.027,7.795,5.414,6.164999999999999,7.916,6.047499999999999,8.296,8.789,8.16475,10.851,7.933999999999999,7.242,5.821,10.329,8.152,5.772,6.2250000000000005,5.20825,6.464,8.601999999999999,7.345,6.982,6.9595,8.129,6.177,8.0985,7.336000000000001,6.947,CONTROL
