,PTGDS,KIR2DL1,KIR2DL3,LILRB1,KIAA0319L,PPP4C,TYROBP,MBOAT7,MMP9,HLA-C,LRRC25,KIR3DL1,BCL2,RHOG
0,7.432679354525467,6.775815160355876,5.386282866129821,7.868582849114249,6.935673037135921,8.749361106202366,11.960477361585998,8.8373198062317,9.274028809326797,12.796546156356655,8.365381292429358,5.407334711358322,4.453556232007346,11.42780222259793
1,7.370789825080546,7.366414137693496,6.098063857627794,7.897344866520066,8.028125677797364,9.472992010945795,12.012069540597357,8.805606436116953,11.428175605942414,13.090997898789452,8.696597115655688,6.555619282469101,4.533865211667669,11.470076172459562
2,7.92470111361259,6.227659840411021,5.224154973621948,7.829548682634926,6.8946996610211,9.304752893036259,11.743992532008924,9.004582258288519,9.612308152504552,12.436513187250366,8.660464480394634,5.488271068793443,4.756657864918882,11.291921669471247
3,7.111541462850154,6.394725300361265,4.630015562663222,8.19420997474439,7.735166038576385,9.782106052888015,12.547211946421056,9.780025308191073,10.450478038419762,13.086218700084501,9.164314005423776,5.515587089427797,4.577617774063255,11.895835238923157
4,6.920715413728313,6.6701575451441,5.248869591382294,7.882963857817158,7.75309189062662,9.312860802333104,12.184043470635219,9.542686538300055,8.963855761724643,13.038426713034994,8.953540299734295,5.494341295601077,4.216371288494426,11.36841738826849
5,7.257669518483994,6.252042366998354,5.288412979798849,8.183937825670885,8.061928713092092,9.564205990535303,12.168869300337759,9.470052690617889,10.260760543284464,13.074005192282959,9.406201924810278,5.775595137688122,4.35827927047485,11.661315469452665
6,7.602875560499002,6.087686076668924,4.674501874631845,7.9081306230472475,7.819161459611771,9.366575701424702,12.323645837371835,9.076193094031499,10.212578322297722,13.057012485776468,9.158291899546935,5.236356656276629,4.826028703980306,11.417736996440395
7,6.877048912397729,6.349572473347686,5.167805645128359,8.036532486466074,8.028637844998798,9.29056405176678,11.928105798284754,9.427597695141692,10.22663147008552,12.812742329745655,9.359028762108345,5.777618546624001,4.165422580967986,11.567708866187619
8,7.5409860310540795,7.389893607740559,6.52018952897451,8.353428285383735,8.15309447494757,9.979736341998615,12.471341094933765,9.620946951647738,11.367947829708985,13.194547204063383,9.389139291492558,6.387676340791225,4.416711968937379,11.640178494521848
9,8.352082697501686,6.598816078462645,5.787648258557844,7.725286369538837,7.4847162770745355,9.084825853359334,12.066696553668207,9.133993268595475,9.389465380440868,12.84088649989703,9.266689805330095,6.815627330729428,5.170004441235088,11.70761550977731
10,6.865358667947023,6.124711394820059,5.05510698814118,7.826980645366549,7.558980521282652,8.907465337490848,11.998918593006227,8.713535361590264,8.998988631194143,12.730699418643999,9.075989785896756,5.459943343691151,5.546218908676092,11.315071689633573
11,8.608924244698107,7.124394984900711,5.980422277088547,8.433551048157083,8.514684519160873,9.21860635675728,12.240693706412397,9.242944040118724,9.09033409181484,13.202512535238302,9.152269793670092,7.218285708969154,5.233042672581362,11.554624072182829
12,6.844384994079577,6.405561978844524,5.005677752620487,7.891695184529638,7.358723145521458,8.745307151553945,11.869432339801248,8.692563616836964,8.695842157485888,12.638301577014952,9.127177685849915,5.666331055150709,5.2837035343025684,11.414717428593137
13,7.13010832168363,6.279134063206501,4.667581781658949,8.177260928773107,7.478570270657314,8.901384405518213,11.84920011273797,9.093072791028057,8.923703910902356,12.837700367427063,9.591883522679582,5.195888477559069,5.268159860819925,11.5143631675527
14,7.167929700788859,6.243011801595638,5.268641285590572,8.998005639746243,7.567175196505616,9.634136708220593,12.417725693216077,10.118642260061451,12.631727334340422,13.006565388335323,9.61998668343818,6.227827034856861,4.336978680887525,12.567185823630528
15,6.499178952064572,5.923329786339495,4.766440252700335,7.570690525982573,7.455010579391289,9.03009746560563,11.754108645540564,9.196396996885786,9.778938333417038,12.686359075103624,9.189406113243953,5.444767776672066,4.72441913473266,11.143962844955531
16,6.867765482980991,5.497990155871575,4.386823723901415,7.455642456359305,7.094957036782292,8.505110338634907,11.652947510224175,8.564175618469191,8.010249304695364,12.699369116022657,8.42961708844901,4.875178161222402,5.365163897183827,11.035258402454188
17,7.463624119247928,5.453740385398268,4.676479044052674,8.187533077846611,7.4360603929381845,9.000706294404567,11.921024518812606,8.549853451320596,8.987946872218012,12.862127383030145,8.899341346842712,4.837745095908659,5.184396731496794,11.53952623294653
18,6.57516554099417,6.182507013397441,4.944385500574828,7.9261068839258835,7.934399079934708,9.206444492812011,11.874490396567069,9.308928310196183,9.60628537488121,12.854162051855228,8.831090813571834,6.056848979775169,4.858843125776997,11.532480574636258
19,6.734015333236134,6.236690405813737,5.185600169915808,7.817735711200394,7.756677061036668,9.4740054996079,12.32971550549082,9.589745087502584,9.671532132467425,13.22136381901894,9.42226087381519,5.438697549864432,4.870069112181128,11.513356644936948
20,7.107071663501354,6.169864221833639,4.833664013008477,7.6035614030177925,7.300848251759272,9.223673800067807,11.609448222038129,8.846015407714775,8.56534864231346,12.85442756289439,8.902352399781135,5.874742175546146,4.652169837618894,11.129871528334986
21,6.862264191474776,6.061497437001049,4.938453992312344,8.127441005766602,7.568711698109921,9.034151420254052,11.969581863764473,9.322738971375188,9.33224899301911,12.88204071096744,8.89432292527868,5.775595137688122,4.7471589533461565,11.424782654750668
22,6.567601265173124,5.453740385398268,4.401652494557622,7.983117311283843,7.838623813266311,8.970301634541396,11.996895370299898,9.203046574490491,9.46575389700321,13.00444130002201,9.191413481869567,4.776031123364379,4.934834418358807,11.407671770282864
23,8.390591738045192,6.991645673480787,5.711527235855978,8.236839393399443,7.818137125208899,9.154756571044624,11.727806750358303,9.390257759361424,9.89738629334278,13.01373418639275,9.614968261874145,6.274365440382057,5.010537865135382,11.737811188249907
24,7.0362425353588325,6.0109262707458395,5.0986047153993885,8.052967924983681,8.173068995803545,8.973342100527713,11.735899641183615,8.755478851096866,9.423594453639812,13.038957735113321,9.298807703339921,5.373948463916335,4.9359858015797435,11.220458563752771
25,6.830975596033178,6.1129716597965285,5.15001112034091,7.774592685091668,7.892401369417015,8.882128120938205,11.733876418477285,9.109440982055025,8.52620058776173,12.953463180502535,8.787932388121131,5.797852635982781,5.17288289928743,11.253673810072629
26,6.904555369928806,6.4073680919250675,5.05510698814118,7.378087730854334,7.933374745531837,8.883141609600312,11.61045983339129,8.680287473566738,9.397495750605326,12.622105403625953,7.737074912612142,5.5762893575041375,4.649579225371787,11.157047638960323
27,6.7835269567920715,6.02266600576937,4.999746244358004,7.459751315988707,7.428890052118091,8.926721622070854,11.668121680521633,8.564687124438784,8.946791225125171,12.548558845777544,7.92877861635829,5.233321542872813,5.162232604493767,11.165099819886347
28,7.834961295917454,6.718019541778495,5.751070624272532,7.917375557213403,7.756677061036668,8.934829531367699,11.901803903102493,8.959058226994769,9.166622608377184,12.987714104554684,9.469434036517121,6.945125502625622,5.125676187229033,11.428808745213681
29,6.48405040042248,6.384791678418278,5.402100221496442,7.928161313740586,7.4621809202113845,8.919627201436116,11.79457309966712,9.258800725176096,9.463746304462097,12.852037963541916,9.615971946186951,5.690611962381246,5.086817003522425,11.626087177901304
30,8.508869505428821,6.586173286898842,5.32993353763623,7.244549792898753,7.380746335183174,8.635850376046534,11.686330684878584,8.57542874980023,8.467980404069417,12.825221348586359,8.683549219589196,6.271330326978239,5.383010337108343,11.159060684191829
31,6.904555369928805,6.147287808326849,5.084764529453595,7.778187937267396,7.628123093476413,8.765576924796058,11.704539689235533,8.72427698695171,9.345298344536353,12.706537914080082,9.328918232724135,5.436674140928553,5.1596419922466605,11.321110825328091
32,7.315433079299256,6.620489435429163,5.325979198794576,7.807977169580563,7.92108273269739,8.732131798946572,11.770294427191185,8.998955692623,9.101375850790971,12.683703964711984,8.8973339782171,6.028521254672876,5.099194373147493,11.447932674912991
33,7.406204389151807,6.340541907944969,5.457460965279618,8.082757157296852,8.130046950882983,8.867939279668727,12.05961527419606,9.105860440267877,9.88734833063721,13.004706811061176,9.012757674189912,5.940502965962182,5.436837502687124,11.680439399151975
34,6.35511388074556,6.7794273865169625,6.124755644808968,6.982096384070674,7.128760072077021,9.154756571044624,11.18861789912195,8.089498078687152,8.277259112663561,12.751940301777115,7.459054357964587,6.057860684243107,4.671167660764346,11.081558442778833
35,7.088504804667878,6.579851891116942,5.36552258721113,7.924052454111182,7.462693087412819,9.106109115263553,11.909896793927803,9.163660614831853,9.041148074557542,12.733620040074804,9.354010340544312,5.888906038097292,5.273053239508906,11.932070053090271
36,6.433507284709128,6.224950670790206,5.027426616249591,8.0401277386418,7.3838193383917865,9.4740054996079,12.31454133519336,9.282841505746955,10.13528600946482,13.086218700084501,9.472445089455542,5.520645611767492,4.8142270259657085,11.705602464545805
37,8.096272642462678,6.653902527419212,5.3813399425777515,7.639513924775063,7.218389332328192,8.666255035909705,11.534588981904,8.597423506492715,8.570367623666245,12.334291437172254,8.991680303620964,6.30066975654847,5.08508992869102,10.922527869489832
38,6.400499535671837,6.284552402448131,4.83959552127096,7.789487301248251,7.684973652835729,9.4020478045984,12.385354129914832,9.148826941713665,9.456719730568196,13.17197876573445,9.058927152579036,5.302117446692665,4.887627706300409,11.474102262922575
39,8.226240654297012,6.421816996569413,5.3615682483694735,8.203454908910548,7.549249344455381,9.59461065039847,12.408621191037602,9.262381266963246,10.088107584748636,12.815662951176456,9.269700858268516,6.848001873703477,5.104951289252176,11.764987298875242
40,6.332077222563284,6.252042366998354,4.994803320805935,7.856256270226043,7.40737902965781,9.249011016620448,11.977674754589783,9.214811211791123,10.197521378239363,12.852037963541916,8.918411348786048,5.846414450443854,5.154460767752446,11.56468929834036
41,6.55522335928414,6.61868332234862,5.446586533465066,8.088920446740953,7.86372000613664,8.914559758125586,11.837060776500003,8.90688461809631,8.471995589151645,12.952135625306717,8.983650829118506,6.084165000409522,5.260100178273371,11.519395780631466
42,9.76763376819469,6.232175123112379,5.764910810218327,8.543463043243598,7.77050557547542,9.19732309485306,12.286216217304773,9.278749457990212,10.229642858897192,12.979483262340603,9.941165663536438,6.154984313165253,5.003053874199295,11.851548243830017
43,7.153144979865905,6.591591626140472,5.656166492072802,8.515728240745133,8.172044661400676,9.649339038152176,12.555304837246368,9.545755574117608,10.802810529385319,13.535463378349869,9.601920365807654,6.207592945498082,4.740250654020537,11.956226595868346
44,7.425802740142697,6.631326113912421,5.06795858937656,7.754048386944656,8.207896365501146,9.500356204822646,12.273065269713642,8.849595949501925,10.756635900939688,13.089670343593633,9.001717146749034,5.982994553615621,4.953544395699025,11.281856443313716
45,6.191106627716519,5.816769114587448,4.820812411773097,8.131036257942329,7.400208688837716,9.49022131820159,12.32971550549082,9.21992627148705,9.158592238212726,13.172775298851942,9.041864519261317,5.120010642463643,5.086817003522425,11.54254580079379
46,6.612299258661123,5.816769114587448,4.804995056406475,7.787432871433552,7.91032722146725,9.171985878300418,11.921024518812606,9.40253390263165,9.847196479814922,13.106397539060959,8.775888176367445,5.877777288949963,4.760975551997394,11.461017468917783
47,7.013893538614835,6.5906885696002,5.216246295938637,8.297445072933128,7.788431427525653,9.212525424784646,11.983744422708767,9.443454380199068,10.285855450048391,13.062588217598911,9.554747203105721,5.766489797476672,4.949514554425748,11.622061087438292
48,6.950972517012497,6.719825654859038,5.29632165748216,7.627700953340532,7.401233023240587,9.239889618661497,11.73185319577096,8.774404571971797,9.318195845231312,13.09630811957273,8.55307025892428,5.884859220225536,4.9037470713935205,11.190262885280177
49,6.621582688077861,5.7463307044462635,4.758531575017024,8.03036919702197,7.75309189062662,9.316914756981527,12.144590627861827,9.363147942973011,9.934526755353394,13.08276705657537,9.181376638741497,5.070437123534631,4.697361629040652,11.678426353920468
50,6.576540863870724,6.638550566234594,5.123319333159736,7.305155472432441,7.733117369770644,8.838548108467664,11.273593252787714,8.553945499077336,9.04616705591033,12.734682084231459,8.072305473089699,6.0973171584927295,5.155036459362914,10.992984452592555
51,6.509150042919587,6.550051025287979,5.66605233917694,7.9363790329993895,8.220700545537026,9.145635173085672,12.27003043565415,9.022996473193855,9.85221546116771,13.053295331228174,8.86621976452008,5.6339565121766615,5.014279860603425,11.4026391572041
52,6.748456223439949,6.6719636582246435,5.669018093308182,7.980549274015464,7.859622668525158,9.344278950858378,12.038371435779618,9.160080073044703,9.979697587528467,12.963021577912437,9.012757674189912,6.1590311310370085,5.071273330039783,11.56468929834036
53,8.023036699286187,7.03318627433328,6.120801305967313,8.002120787069828,7.4119885344707255,9.21860635675728,11.708586134648188,8.860849080832965,9.103383443332085,13.011610098079437,8.59723236868779,6.911739255183634,5.288309067186314,11.289908624239743
54,6.824442812369547,6.2014712007431445,5.485141337171205,8.0380733088271,7.7198010225333284,9.305766381698364,12.367145125557883,9.255220183388948,9.851211664897152,13.037364668878338,9.138218213290793,6.333044299522519,4.969375914986902,11.674400263457457
55,6.797280185557609,6.623198605049978,5.513810293773207,7.678548091254386,7.613270244634791,9.436506419109993,12.372203182323702,8.988214067261552,10.375193318127979,13.030992403938404,9.178365585803075,5.855519790655305,4.8680541915444895,11.689498102693754
56,7.095381419050647,6.711698145996594,5.9547190746177865,7.897344866520066,8.012760661754305,9.55103063792793,12.231589204233922,9.068520504487608,10.887129416112117,13.012141120157764,9.252638224950797,6.605192801398113,4.7491738739827944,11.668361127762937
57,7.544768168964602,6.753238746849087,5.4633924735421004,7.727854406807216,7.23477868277412,9.002733271728777,12.007011483831537,8.645505067634431,8.394703276318745,12.820176638842245,9.089037681963246,5.871707062142329,5.224119452619105,11.414717428593137
58,5.959364723017205,6.5103165375160295,5.14012527323677,7.824926215551848,7.586125382958721,9.406101759246821,11.985767645415097,8.977983947869697,9.975682402446235,13.016920318862716,9.211487168125707,5.677459804298039,5.185260268912497,11.49523923785339
59,7.214346847872551,6.356796925669858,5.373431264894441,8.732470586196111,7.8002112731586655,9.768930700280642,12.383330907208506,9.8905105976231,10.080077214584179,13.41173523409948,9.423264558127997,5.671389577490404,4.855101130308954,11.885770012765626
60,7.796452255373948,6.871539153624665,5.790614012689086,7.7571300316667084,7.448352405772632,9.277388699159406,11.983744422708767,8.842946371897222,8.857453357045586,13.064977816951387,9.281745070022202,6.1398087461461675,5.234194055802299,11.573748001882139
61,8.471048126323591,7.316746027978559,6.293803630289738,8.29949950274783,7.860647002928029,9.405088270584717,12.280146549185789,9.434758778715992,9.418575472287024,13.15578259234545,9.45337508751221,6.860142327318744,4.807318726640089,11.695537238388274
62,6.270875354556641,5.609969166865253,4.905830696868687,7.700119604308749,7.653731453548177,9.178066810273053,12.012069540597357,9.070055022396387,9.374408436382513,12.96514566622575,9.226542432817814,5.253555632231592,4.939439951242553,11.622061087438292
63,8.017191577060835,6.2944860243911185,4.912750789841585,8.093029306370358,7.928253073517485,9.524679932713182,12.183031859282055,8.825555168931068,9.925492588918381,13.0023172117087,9.315870336657643,5.641038443452234,4.948651017010045,11.576767569729398
64,7.20128128054529,6.702667580593878,5.557308021031417,7.670330371995582,7.712630681713234,9.105095626601447,11.941256745875885,9.140131340230589,9.399503343146439,12.777429361536852,9.223531379879393,6.361372024624812,5.237648205465108,11.718687258550597
65,6.609892443627152,5.651509767717745,4.730851203125436,7.534738004225302,7.996371311308376,9.165904946327785,12.181008636575726,8.770312524215054,10.14632776844095,12.967269754539062,9.206468746561674,5.362819714769006,4.944621175736767,11.500271850932156
66,6.118902176697445,5.904365598993791,4.765451667989921,6.840854334309967,6.716465474921624,8.436193109611724,11.220989462423193,8.656246692995879,7.99318476809589,12.84619672068031,8.766855017552182,5.212075749046093,4.7871695202737,10.474625305479666
67,6.426630670326359,6.0009926488028515,4.569711895327977,6.820310036162954,7.227608341954028,8.559838726388612,11.829979497027857,8.441925691736532,8.038355600270961,12.793625534925852,8.236909700390056,5.093706326297228,5.060910881051354,10.51991882318856
68,5.9022888236402204,5.556688830989229,4.608266699034118,6.717074937974217,7.027863133394272,8.582135476954937,11.368684719985122,8.340647509757176,8.926715299714028,12.7373371946231,7.8876275595332,5.320328127115567,5.2837035343025684,10.559173205202933
69,7.633132663783185,5.889013637809174,4.558837463513425,7.037052381613932,7.5041786307290765,8.515245225255963,11.526496091078688,8.270059685953381,9.770907963252581,12.487491306769842,7.613621742136874,5.515587089427797,5.21893822812489,10.738334230807
70,7.3560051041575925,6.359506095290674,5.0066663373309,6.833150222504837,7.27831289489612,8.4858540540549,11.413195619524332,8.184126683061805,9.829128146944894,12.802652910257425,8.120482320104438,5.241415178616324,5.377541266808894,10.802751678215204
71,5.82458308111493,5.6433822588553015,4.539065769305148,7.071464081010177,7.084713692753587,8.406801938410661,11.394986615167383,8.60918814379335,8.909650763114557,12.599536965297018,8.023124941762154,5.086624395021655,5.562338273769202,10.579303657517999
72,7.083347343880799,6.615071096187533,5.45054087230672,6.996991000227258,7.651682784742435,8.845642529102403,11.51637997754705,8.638855490029728,9.318195845231312,12.974438552596487,7.733060175360913,5.9920998938270715,4.608417275223307,10.800738632983697
73,6.424567686011528,5.573846905254389,4.82180099648351,7.052974212677866,6.9413068763517085,8.243630263811653,11.058120034563807,8.048577601119733,9.049178444722,12.648656507542347,8.239920753328477,5.549985041337723,5.748286663950449,10.869182170854913
74,5.864123613815853,5.505214608193748,4.131768868614641,6.742241703204307,7.149246760134432,8.42301775700435,11.278651309553535,8.278755287436455,9.026091130499184,12.733620040074804,7.981973884937063,5.627886285369027,5.216059770072548,10.325659958348195
75,5.635476185588784,5.820381340748534,4.8079608105377165,6.606135727980352,6.850653281697666,8.07437765724001,11.021702025849907,8.03630145784951,8.231084484217932,12.603254119845314,7.832424922328812,5.571230835164442,5.204833783668418,10.252183807398215
76,5.681549501953335,5.871855563544014,4.6804333828943285,7.11922957420198,7.596880894188861,8.798008561983437,11.77939892936966,8.692563616836964,9.884336941825538,12.824955837547195,8.21783969844672,5.418463460505651,5.10523913505741,10.840999537613824
77,6.79934316987244,6.103941094393813,4.881116079108342,7.365247544512451,7.428890052118091,8.3601814599538,11.523461257019196,8.705862772046373,10.278828876154492,12.91045039215798,8.786928703808323,5.8484378593797315,5.425035824672525,11.019154040602137
78,6.380901184680946,6.040727136574802,4.150551978112504,6.830068577782784,7.184074129832029,8.42301775700435,11.343394436156025,8.373895397780702,8.8454078017989,12.506608101589643,8.28006812584076,4.880236683562097,5.459865167105854,10.88428001009121
79,6.7395166247423495,5.6677647854426345,4.546974446988459,6.937412535600923,6.837336934460348,8.268967480364292,10.911436388355042,8.437322138010197,8.500101884727245,12.406510439824842,8.350326027737255,5.712869460675904,5.357104214637271,10.807784291293968
80,6.738141301865796,6.205083426904231,4.872218816714616,7.368329189234502,7.227096174752593,8.585175942941254,11.179513396943474,8.544226885655075,10.015834253268523,12.058690978520094,8.24594285920532,5.9344327391545475,5.505632650138081,11.224484654215786
81,6.202453041448089,5.730075686721374,4.011161533944151,6.761245178990293,7.244509859601393,8.37639727854749,10.474420283788241,8.396913166412373,9.516947506801625,12.358983963814499,7.712986489104773,4.700153288268953,5.450366255533128,10.537029707656362
82,5.961771538051173,5.725560404020016,4.772371760962817,7.084304267352059,7.271142554076027,8.663214569923388,11.65699395563683,8.17389656366995,9.635395466727367,12.770791585557754,7.761163336119512,4.949032587381949,5.3001107452009135,10.420273084228995
83,5.879939826896222,5.529597134781081,4.14956339340209,7.550659835289236,7.298287415752097,8.753415060850788,11.550774763554623,8.585658869192086,10.052974715279134,12.93408087464357,9.054912415327808,4.949032587381949,5.307882581942236,11.436860926139705
84,5.545736367893648,4.958865401329436,4.043784829387807,6.326733273180986,6.788168883122562,8.075391145902117,11.302929982029468,7.617378068753076,8.529211976573402,12.387128133965875,6.754467970374034,4.553456140417795,5.34242407857033,9.719733343664782
85,5.677423533323675,5.501602382032662,3.7551180939469626,6.396070279427152,7.225047505946852,8.296331674241145,11.77130603854435,8.205098427815106,8.977908909512442,12.846993253797802,7.776218600811617,4.896423955049121,4.7986833524830645,10.134420661355092
86,6.116151530944337,5.2659046250217765,4.1001341578813975,6.870129959169458,7.12671140327128,8.09768789646844,11.494124527777444,7.897171834120291,7.507347373146237,12.625822558174248,7.3074980267307215,5.146314958630057,4.986358817495716,10.219975083694113
87,6.766335420835149,5.9468092563865556,4.682410552315156,7.342135209097062,7.770505575475419,8.477746144758056,12.248786597237707,8.351900641088214,9.139520109072143,12.832655657682949,7.985988622188291,5.274801426058311,4.895399543041731,10.626610220458396
88,6.475454632444019,5.982028461457149,4.766440252700335,7.200379551882679,7.3874045088018345,8.569973613009669,11.70352807788237,8.344228051544324,8.216027540159574,12.70016564914015,8.34129286892199,5.310211082436177,5.268735552430393,10.944671367036403
89,6.227896514664335,6.099425811692455,4.72195394073171,6.54398922608564,6.827605757633079,8.002419962230508,10.932680226771483,8.344739557513915,8.595462530430172,12.334291437172254,8.12650442598128,5.263672676910983,5.254055416363453,10.604466722911827
90,5.691864423527489,5.340858317864319,3.7768669575760674,6.621030344136935,6.881895480985218,8.000392984906298,10.897273829410747,7.991800438494943,8.157807356467261,12.616264160764347,7.822388079200742,4.7598438518773545,5.486922672797863,10.151531545822897
91,5.596279483606998,5.5747499617946605,3.931086172400628,6.6410610348302725,7.144125088120078,8.568960124347564,11.43848590335343,8.375941421659071,8.81328632114107,12.664852680931345,7.76818912630916,5.217134271385788,4.966209611129327,10.50482098395226
92,6.0786739825582465,6.165348939132281,4.679444798183916,6.37552598128014,7.1400277505085965,7.997352518919982,11.14006055417008,7.900240869937847,7.9992075457192335,12.459081625579302,7.4299475128931824,5.318304718179689,5.277083080782183,9.938148751283222
93,6.212080301583966,5.432970084972021,3.9933670091567013,6.926113171620066,6.964354400416297,8.297345162903252,11.257407471137093,7.81788840883342,7.16605664115681,12.553869066560823,7.545371208865994,4.649568064872002,5.340697003738925,10.414233948534475
94,5.878220673300528,5.607259997244438,4.526214168069768,6.816201176533551,7.004815609329684,8.01154136018946,11.003493021492956,8.438345149949383,8.261198372334647,12.434123587897892,7.724027016545651,5.102811666508679,5.341848386959862,10.420273084228995
95,6.1501907721390445,5.832121075772064,4.407584002820106,6.990314103329479,7.189707969047817,8.748347617540261,11.893711012277182,8.46596647230739,9.668520743655753,12.5982094101012,8.114460214227595,5.049191329707912,5.106390518278346,10.88428001009121
96,7.111541462850153,6.158124486810108,5.1796686616533245,7.129501723275485,7.293677910939178,8.590243386251782,11.545716706788802,8.557014534894892,9.130485942637128,12.865313515500112,8.359359186552517,6.2025344231583865,5.184684577302029,10.961782251504205
97,6.192138119873936,6.385694734958549,4.670547535790191,7.022157765457347,7.196366142666476,8.733145287608677,11.236163632720652,8.51149050360114,10.01984943835075,12.56979972891066,7.7551412302426685,4.997594401843022,5.102360677005068,10.51991882318856
98,6.978478974543574,6.323383833679809,5.539513496243967,7.60818387010087,7.232217846766946,8.628755955411796,11.6438430080457,8.830670228626996,10.151346749793735,12.939922117505176,8.289101284656024,5.493329591133138,5.114162355019667,11.57072843403488
99,7.4041414048369765,6.266491271642699,5.182634415784566,7.044756493419061,7.027350966192835,8.516258713918068,11.014620746377759,8.4020282261083,9.681570095172995,12.335087970289747,7.231218018957385,5.974900917872108,5.185260268912497,10.76651686404809
100,6.966101068654589,5.5512704917476,4.236558847918509,7.293342500997908,7.269093885270285,8.389572631154863,11.777375706663335,8.69051759295859,8.8313546540111,12.789642869338392,8.083346000530577,4.586842387859783,5.061774418467057,10.360888249899558
101,7.252512057696919,6.287261572068946,4.530168506911423,7.140801087256342,6.871139969755077,8.507137315959119,11.5710069906179,8.42044244101364,8.370612165825376,12.545107202268413,8.434635510013047,5.795829227046903,5.259812332468136,10.791679929441917
102,5.517886079643432,5.359822505210023,3.71854045966165,6.84034072685629,7.128760072077021,8.550717328429661,11.598320497153324,7.794359134232154,9.272021216785683,12.638567088054115,7.858520714461795,4.848873845055988,5.334652241829009,9.887822620495562
103,5.032053273500801,5.621708901888784,4.120894436800088,6.970283412636142,6.897772664229711,8.09768789646844,11.462764575829365,8.100751210018192,8.713910490355914,12.269506743616256,7.6858870126589816,4.988489061631571,5.026369384423259,9.811326901698322
104,6.573790218117617,6.311644098656278,5.027426616249591,7.274852632665597,6.788681050323998,8.46963823546121,11.006527855552449,8.627602358698688,8.82131669130553,12.532893694466873,8.895326609591486,5.134174505014789,4.940015642853021,9.986461836839375
105,6.152597587173013,5.648800598096931,4.2078898913165075,7.303614650071414,7.322359274219554,8.510177781945437,11.301918370676304,8.25317998895682,9.480810841061569,12.711317112785032,8.013088098634082,5.418463460505651,4.990964350379461,10.43134483300228
106,6.028818528283171,5.722851234399202,4.720965356021297,7.12693368600711,7.876012018971087,8.670308990558127,11.408137562758514,8.853176491289075,10.210570729756606,12.750347235542131,8.193751274939352,5.684541735573612,5.051411969478628,10.729275527265221
107,7.0214578144358795,6.222241501169392,4.997769074937176,7.241468148176702,7.5984173957931676,8.708821559718142,11.248302968958617,8.4301610544359,9.267002235432898,12.649453040659838,8.062268629961627,5.795829227046903,5.149279543258231,10.895351758864496
108,6.523934763842541,6.3333174556227965,4.890013341502066,7.334431097291933,7.594320058181684,8.843615551778191,11.74298092065576,8.65420066911751,9.099368258249855,12.647859974424854,8.395491821813572,5.92229228553928,4.941742717684425,11.25468033268838
109,7.3876375303183295,7.812524068587662,6.545892731445271,7.708337323567554,7.5835645469515445,8.823345778536078,11.834025942440512,8.879263295738303,10.337049059846807,12.904609149296373,8.251964965082163,7.573393977215748,5.037307525022156,11.230523789910304
110,6.098272333549137,6.22133844462912,4.997769074937176,6.813633139265175,6.651420240339344,8.220320024583222,10.938749894890467,7.698707517918318,7.465187929782837,12.516963032117037,7.603584899008803,5.650143783663686,5.210878545578334,10.163609817211935
111,6.276376646062856,7.0927880059912045,5.394191543813132,7.000072644949309,7.857061832517981,8.750374594864473,11.397009837873709,8.287962394889126,9.517951303072183,12.813273351823982,7.45102488346213,6.764030402864538,4.959589157608942,10.602453677680321
112,6.077298659681692,5.717432895157572,4.074430955410637,7.168022282301134,7.254753203630098,8.623688512101268,11.461752964476199,8.313537693368762,9.631380281645137,12.620777848430134,8.302149180722516,5.319316422647629,5.288884758796782,10.739340753422752
113,5.980682227603787,6.472388162824623,4.9493284241268976,6.831095792690134,7.064739171897611,8.880101143613993,11.508287086721738,8.830670228626996,8.754062341178201,12.801325355061605,7.796292287067759,6.093270340620973,5.032989837943644,10.58031018013375
114,5.86687425956896,6.014538496906925,4.665604612238122,6.7586771417219165,6.791241886331173,8.175726523450574,11.11375865898782,8.321721788882243,8.775142062859901,12.405979417746515,8.201780749441808,5.064366896726997,5.418991062762609,10.901390894559015
115,6.127497944675907,5.988349857239049,4.383857969770173,6.582509785111288,7.094444869580856,8.392613097141181,11.19671078994726,8.212259511389403,8.8454078017989,12.545638224346742,7.857517030148989,5.793805818111025,5.258660949247199,10.166629385059196
116,6.584792801130046,6.140063356004677,4.939442577022759,7.373465263771256,6.937721705941663,8.145321863587405,10.832530702808258,8.464943460368202,7.959055694896949,12.566879107479856,8.60325447456463,5.871707062142329,5.090846844795704,10.637681969231682
117,5.806703883719731,5.921523673258951,4.074430955410637,6.785898336766707,6.791241886331173,8.230454911204278,11.19165273318144,7.7631572700869995,7.924926621698006,12.555196621756641,7.400840667821778,5.493329591133138,5.042776595321604,9.9149987311209
118,6.364053479443162,6.203277313823688,4.778303269225301,8.026773944846243,8.064489549099267,9.501369693484753,12.298355553542738,8.887958897221381,9.771911759523137,12.787253269985916,8.936477666416575,5.413404938165956,4.842148069073418,11.19126940789593
119,5.979650735446373,6.249333197377538,4.616175376717429,7.255849156879611,7.386380174398964,8.838548108467664,11.791538265607628,8.728880540678045,11.373970607332328,12.721406532273264,8.241928121954091,5.672401281958344,5.104951289252176,11.020160563217889
120,7.129764490964491,5.462770950800984,4.243478940891405,6.7817894771373055,7.088811030365068,8.445314507570675,11.33732476803704,8.374918409719886,8.633606788711344,12.872747824596702,8.50188235897112,4.977360312484242,5.266720631793755,10.860123467313135
121,5.995123117807604,5.474510685824514,3.497097484528947,7.119743181655656,7.487277113081713,8.928748599395064,11.377789222163596,8.680287473566738,9.64442963316238,12.749019680346311,8.358355502239709,4.908564408664389,5.239663126101747,10.765510341432336
122,6.594420061265923,6.182507013397441,4.870241647293789,7.5403876862157295,7.510836804347735,8.42301775700435,11.605401776625472,8.854711009197851,10.130267028112035,12.990369214946323,7.756144914555477,5.961748759788901,5.327456096698156,11.466050081996547
123,6.13334306690126,6.208695653065317,5.197463186440775,7.735558518612345,7.871914681359605,8.4858540540549,11.230093964601668,8.815325049539213,9.980701383799023,12.990369214946323,7.906697561476534,6.033579777012571,5.424747978867291,11.563682775724608
124,6.56416295798174,5.581974414116833,4.316634209462031,7.0062359343934135,7.001742606121073,8.218293047259012,10.874006768287977,8.17594258754832,9.382438806546968,12.74556803683718,7.923760194794254,4.804358848466671,5.168277366403683,10.929573527800104
125,6.5861681240065995,6.355893869129587,5.276549963273882,7.659544615468398,7.226071840349722,9.312860802333104,11.909896793927803,9.065451468670052,9.91846601502448,13.106928561139288,8.890308188027449,6.091246931685095,4.808182264055791,11.006069246597345
126,6.95681763923785,6.543729629506077,5.08081019061194,6.969769805182467,7.2931657437377435,8.468624746799104,11.239198466780143,8.580032303526565,8.726959841873157,12.962756066873274,8.552066574611471,5.773571728752245,5.249449883479708,10.811810381756983
127,6.418378733067036,6.173476447994726,4.634958486215292,7.276393455026623,7.076006850329187,8.874020211641362,11.375765999457268,8.427092018618342,8.307373000780276,13.053029820189009,8.81503186456692,5.355737783493432,5.271038318872267,10.965808341967218
128,7.1521134877084895,6.119293055578431,5.072901512928629,7.154154881051902,7.019668458171307,8.457476371515941,11.135002497404264,8.725811504860488,9.155580849401057,12.75512643424708,8.599239737313404,5.94252637489806,5.479438681861775,10.748399456964531
129,6.291505197704948,6.329705229461711,5.028415200960006,7.332890274930906,7.602002566203215,9.096987717304602,11.429381401174954,8.865452634559299,9.815074999157094,12.904874660335537,8.741762909732005,5.9061050140522555,5.189865801796243,11.019154040602137
130,6.561068481509494,5.904365598993791,4.647810087450672,7.166481459940108,6.86755479934503,8.662201081261282,11.259430693843422,8.028628868305619,8.297335038074705,12.853896540816063,7.828410185077584,5.182736319475862,5.183533194081092,10.496768803026237
131,6.463420557274173,5.925135899420038,4.850469953085512,7.83673918698638,7.837087311662004,9.08786631934565,11.57909988144321,8.615837721398055,9.83414712829768,13.064181283833895,8.508908149160769,5.565160608356808,5.1789276611973465,11.319097780096584
132,6.441415391249313,5.968482613353074,4.556860294092597,7.0694096511954765,6.9710125740349556,8.527407089201231,11.229082353248504,8.520186105084218,8.669743454451403,12.68396947575115,8.385454978685502,4.828639755697207,5.061774418467057,10.75745816050631
133,6.086925919817569,5.488959590468859,4.640889994477774,7.347784891087491,7.203024316285135,9.017935601660362,11.484008414245805,8.960592744903543,9.43062102753371,13.000458634434553,8.449690774705154,4.997594401843022,5.311048885799811,11.208380292363735
134,6.410814457245991,5.748136817526806,4.353211843747344,7.214246953131912,7.309555094183672,8.90442487150453,11.437474292000266,8.572359713982673,8.304361611968604,12.982403883771404,8.684552903902004,5.097753144168984,5.121646345955755,10.864149557776148
135,6.29528733561547,5.72194817785893,4.566746141196735,7.0540014275852165,6.7077586324972245,8.650039217316015,11.055085200504315,7.970828693741642,6.716355911947213,12.773446695949392,7.698934908725474,5.417451756037712,5.320547797372536,10.183740269526998
136,7.561959704921525,6.205986483444502,4.7753375150940585,7.859337914948093,7.598929562994602,8.992598385107721,11.842118833265824,9.33092306688867,10.21960489619162,12.950011536993404,8.998706093810611,5.4953530000690165,4.912670291355779,11.441893539218473
137,6.797967846995886,6.171670334914182,4.661650273396465,7.345216853819115,7.750531054619445,9.183134253583582,11.939233523169557,8.89972353452201,10.39526924353912,13.016389296784387,9.141229266229214,5.575277653036198,5.157627071610021,11.478128353385586
138,6.441759221968452,6.365827491072574,5.4564723805692035,7.519843388068717,7.468839093830042,9.091920273994074,11.842118833265824,8.975426418021735,9.798010462557624,13.068163949421354,9.163310321110968,6.327985777182824,4.991827887795163,11.409684815514371
139,6.425599178168944,6.5058012548146715,5.457460965279618,7.373465263771256,7.64348810951947,9.08786631934565,11.7895150429013,8.922229797184091,9.745813056488652,13.242073680073728,8.971606617364822,5.697693893656819,4.813651334355239,10.96983443243023
140,6.076267167524277,5.919717560178409,4.490625118494869,7.248145045074482,7.376648997571693,8.582135476954937,11.676214571346943,8.693586628776147,9.951591291952866,12.870092714205065,8.833098182197448,5.463990161562907,5.354801448195397,10.718203778491937
141,6.64186870050703,6.0840738505078376,5.128262256711805,7.463346568164433,7.215828496321017,9.179080298935158,11.816828549436726,8.937574976271874,9.510924729178281,13.099494252042698,9.07498610158395,6.334056003990458,5.194759180485224,11.37143695611575
142,6.619175873043891,5.910686994775692,5.35267098597575,6.938953357961949,7.081640689544974,9.061515614130904,11.60236694256598,8.5774747736786,8.752054748637086,12.930894742173603,8.43363182570024,5.234333247340751,4.813651334355239,10.723236391570701
143,7.813299960611733,6.308031872495192,5.421871915704719,7.436125373119643,7.723386192943375,9.133473309140404,11.642831396692536,8.932971422545538,8.486048736939445,13.012672142236093,8.774884492054639,5.446791185607943,4.717798681212275,11.105714985556912
144,7.438524476750821,6.5979130219223725,5.542479250375209,7.329808630208855,7.533884328412323,8.47470567877174,11.472880689361002,8.549341945351003,9.76789657444091,13.030461381860077,8.525970782478488,5.928362512346913,5.374950654561787,11.050356241690485
145,7.314057756422702,6.3387357948644265,5.316093351690436,7.662626260190452,7.487277113081713,8.565919658361246,11.616529501510275,8.163666444278094,7.879755789522934,13.092059942946108,9.013761358502718,5.7148928696117824,5.374374962951318,11.317084734865077
146,7.641384601042508,6.38027639571692,5.43768927107134,7.268689343221494,7.1615387729688775,8.62571548942548,11.842118833265824,8.89000492109975,9.478803248520453,12.932222297369421,8.778899229305868,6.210628058901898,5.031262763112239,11.184223749585659
147,7.070625607272679,7.369123307314312,6.202853836931663,7.808490777034239,7.531835659606582,8.783819720713959,11.627657226395076,8.946270577754948,10.811844695820332,13.036568135760847,9.152269793670092,6.632508822032467,5.270174781456565,11.635145881443083
148,7.69811666970035,6.537408233724176,5.5365477421127265,7.395036776825619,7.735166038576385,8.765576924796058,11.560890877086262,9.002024728440556,9.768900370711465,13.146489705974714,8.826072392007799,6.03560318594845,5.101784985394601,11.307019508707546
149,6.676595603140013,6.137354186383861,4.655718765133983,7.37962855321536,7.345918965485577,8.596324318224415,11.450625239591396,8.540646343867927,9.975682402446235,12.846993253797802,8.712656064660601,5.203982113302581,5.089407615769534,10.753432070043297
150,6.184917674772028,5.737300139043548,4.391766647453484,7.488513333394525,7.59175922217451,8.743280174229733,11.645866230752027,8.770824030184647,9.706665001936924,12.978155707144783,9.01576872712833,5.116975529059825,5.356240677221569,11.3402347550274
151,6.2010777185715344,6.1084563770951705,5.170771399259601,7.541928508576755,7.86679300934525,8.730104821622358,11.660028789696321,9.045502735855935,10.80883330700866,13.056746974737305,9.073982417271143,5.583371288779711,5.018885393487172,11.322117347943845
152,6.781807803196378,5.680407577006436,5.366511171921543,7.8552290553186905,8.747208428612488,9.2763752104973,12.01813920871634,8.606119107975793,10.283847857507277,13.061260662403093,8.988669250682541,5.548973336869784,4.861433738024104,11.380495659657528
153,5.861029137343607,5.525081852079723,4.702182246523434,7.681629735976438,7.541054669232415,8.736185753594993,11.575053436030554,9.129389714869141,9.668520743655753,12.948152959719259,9.090041366276054,5.722986505355294,5.279961538834525,11.221465086368527
154,6.721293596628011,6.3775672260961045,5.311150428138367,6.9471710772207524,7.205072985090876,8.47673265609595,11.167374060705505,8.75036379140094,8.660709288016388,12.952135625306717,7.94584124967601,5.860578312995,5.4388524233237625,11.078538874931574
155,6.251620834284887,5.590101922979278,4.6804333828943285,7.357543432707321,6.943867712358887,8.303426094875885,11.103642545456182,8.623510310941946,9.144539090424926,12.659542460148066,8.406532349254448,5.155420298841508,5.465909929015771,11.026199698912409
156,7.403797574117838,6.94829895954775,5.4900842607232745,7.696524352133023,7.417110206485081,8.636863864708642,11.470857466654675,8.530927730445663,9.310165475066855,12.975500596753143,9.127177685849915,6.335067708458396,5.500163579838632,11.370430433499997
157,6.942376749034034,6.033502684252628,5.0452211410370404,7.805409132312187,7.2726790556803325,8.875033700303467,11.591239217681178,8.670057354174883,10.318980726976777,12.782739582320131,8.910381874283592,5.296047219885031,5.567231652458184,11.512350122321195
158,7.64069693960423,6.6222955485097055,5.246892421961467,7.796164198146031,7.186122798637771,8.74429366289184,11.647889453458356,8.538600319989555,8.909650763114557,12.766012386852802,8.768862386177796,6.127668292530899,5.189290110185775,11.144969367571285
159,6.432819623270852,6.2701034978037855,4.92955672991862,7.615374374452324,7.836062977259136,8.86489881368241,11.8623510603291,9.404068420540428,11.360921255815086,13.076394791635435,8.973613985990434,6.052802161903412,5.005932332251636,11.606963248201993
160,6.370242432387652,6.402852809223709,5.2528239302239506,7.476186754506316,7.815064122000289,8.742266685567628,11.434439457940774,8.879263295738303,10.359132577799064,13.030195870820911,8.652435005892178,5.7675015019446105,5.1780641237816445,11.2134129054425
161,6.162568678028029,6.213210935766675,5.148033950920081,6.977473916987596,7.0401551462287175,8.47673265609595,10.797124305447522,8.540646343867927,8.534230957926187,12.885226843437406,7.98297756924987,5.529750951978944,5.144674010374485,10.860123467313135
162,5.725903664722195,5.871855563544014,4.708113754785917,7.049892567955814,7.072421679919139,8.644971774005485,11.380824056223087,8.818905591326363,10.245703599226106,12.713441201098345,8.526974466791296,5.069425419066692,5.168277366403683,11.325136915791104
163,7.096069080488923,6.415495600787511,4.670547535790191,7.339567171828685,7.169221280990406,8.208158160637955,10.936726672184138,8.667499824326919,5.946444172429889,12.604050652962806,8.359359186552517,5.927350807878975,5.453820405195938,10.836973447150811
164,7.284832145295932,6.672866714764915,5.286435810378022,7.252767512157559,7.441182064952538,8.69767318443498,11.0358645847942,8.64703958554321,6.300784255936557,12.744771503719688,8.469764460961294,6.203546127626325,5.345590382427905,11.08961062370486
165,6.02675554396834,5.691244255489696,4.232604509076854,7.266634913406793,7.108785551221045,8.487881031379112,11.48805485965846,8.806117942086544,9.532004450859983,12.989838192867994,8.425602351197783,4.977360312484242,5.169716595429855,11.059414945232263
166,6.0367266348233555,6.3875008480390925,5.060049911693249,7.277420669933973,7.010449448545471,8.604432227521261,11.189629510475111,8.39230961268604,9.180675756164984,12.912308969432129,8.222858120010757,5.441732663268248,5.1786398153921125,11.080551920163082
167,5.999249086437264,6.106650264014628,4.643855748609017,6.972337842450843,6.967939570826344,8.333830754739054,11.16838567205867,8.54729592147263,8.951810206477957,12.620777848430134,8.396495506126378,5.458931639223212,5.282264305276398,11.015127950139124
168,6.271906846714056,6.642162792395681,5.555330851610589,7.474132324691616,7.398160020031976,8.869966256992937,11.578088270090047,8.951897143420469,9.173649182271085,12.991962281181307,8.643401847076914,6.09630545402479,4.964194690492687,11.028212744143916
169,6.76599159011601,6.264685158562156,4.912750789841585,6.665714192606687,6.791241886331173,8.080458589212643,11.259430693843422,8.271082697892565,8.814290117411629,12.434123587897892,8.305160233660937,5.57325424410032,5.320259951567303,11.012108382291865
170,6.2320224832939966,6.334220512163069,5.068947174086973,7.113066284757876,7.1784402906162414,8.28112934430956,11.22807074189534,8.676706931779588,8.492071514562788,12.927708609703636,8.559092364801122,5.310211082436177,5.189577955991009,11.255686855304134
171,6.393279090569929,6.189731465719614,4.941419746443587,7.128474508368136,7.48113110666449,8.456462882853836,11.299895147969975,8.61686073333724,9.318195845231312,12.922132877881193,8.417572876695328,5.652167192599563,4.897702309483604,10.711158120181663
172,7.886535903788222,6.679188110546816,5.635406213154111,7.0668416139270995,6.990474927689496,8.362208437278012,11.020690414496741,8.654200669117508,9.807044628992637,13.089404832554468,8.551062890298665,6.524256443962992,4.949226708620513,10.806777768678216
173,5.859309983747915,6.155415317189294,4.896933434474963,7.356002610346295,7.484716277074536,8.670308990558127,11.796596322373448,8.732972588434786,9.534012043401097,12.9537286915417,8.520952360914453,5.371925054980457,5.142946935543081,11.007075769213099
174,6.268124708803532,5.963967330651716,4.72195394073171,7.000072644949309,7.031448303804318,8.646998751329697,11.440509126059759,8.460339906641869,8.77915724794213,12.883633777202423,8.554073943237086,5.55403185920948,5.245132196401196,10.797719065136437
175,6.056668816533385,6.544632686046349,5.153965459182564,7.135665012719589,7.396111351226234,8.62571548942548,11.495136139130608,8.789749751059578,9.626361300292354,12.716627333568312,8.540022362857789,5.486247659857566,5.496421584370588,11.220458563752771
176,6.4641082187124494,6.252945423538626,4.6537415957131545,6.858830595188601,6.809167738381408,8.32774982276642,10.831519091455094,8.773381560032611,9.972671013634564,12.686359075103624,8.430620772761818,5.216122566917849,4.982616822027672,10.988958362129543
177,6.933780981055573,6.9410745072255775,5.5978399941583845,7.4566696712666545,7.361283981528635,8.710848537042352,11.407125951405348,8.661361752691807,9.176660571082756,12.995944946768766,8.718678170537443,6.089223522749217,4.978586980754394,10.980906181203515
178,6.690005001186412,5.998283479182037,4.676479044052674,7.542442116030431,7.504178630729077,8.589229897589675,11.268535196021897,8.80151438836021,9.849204072356038,12.802387399218262,8.274046019963917,5.629909694304905,5.077318091949699,11.283869488545223
179,6.352019404273314,6.172573391454454,4.840584105981373,7.182403291004043,6.991499262092367,8.204104205989532,11.364638274572465,8.688471569080221,8.608511881947415,12.949215003875914,8.256983386646198,5.236356656276629,5.097179452510854,10.877234351780938
180,6.853324592777176,7.192124225421081,5.67593818628108,7.78537844161885,7.513909807556347,8.654093171964437,11.650924287517848,8.897677510643641,10.438432483173077,13.082501545536207,8.711652380347793,6.56775973608437,5.143522627153549,11.315071689633573
181,6.470641002376081,6.9753906557558985,5.791602597399501,7.34008077928236,7.378185499175999,8.342952152698004,11.281686143613028,8.359573230632106,9.084311314191499,12.879651111614963,8.570132892241999,6.301681461016409,5.242253738348854,11.363384775189726
182,6.183886182614613,6.09129830283001,4.587506420115427,6.948711899581778,6.884968484193829,8.400721006438026,11.288767423085174,8.520186105084218,9.01003039017027,12.608829851667757,8.272038651338303,5.129115982675095,5.564641040211077,11.010095337060358
183,6.123715806765384,5.998283479182037,4.475796347838662,7.107416602767448,7.177928123414807,8.306466560862201,11.333278322624386,8.702282230259224,9.09434927689707,12.874340890831686,8.488834462904627,5.039074285028522,5.228724985502851,10.924540914721339
184,6.452417974261743,5.861018885060755,5.2874243950884345,7.383223805391086,7.259874875644451,8.711862025704459,11.409149174111677,8.789238245089985,9.382438806546968,12.953197669463373,8.515933939350418,5.669366168554527,5.080484395807274,10.973860522893244
185,6.092427211323784,6.308934929035464,4.712068093627572,7.184971328272419,7.166148277781795,8.440247064260147,11.62057594692293,8.727346022769266,8.995977242382471,12.705210358884264,8.60024342162621,5.629909694304905,5.06407718490893,10.834960401919306
186,6.536312669731525,5.6334486369123145,4.732828372546263,6.9651473380993885,7.386892341600398,8.969288145879291,11.64890106481152,8.679775967597143,9.650452410785723,12.843010588210342,8.251964965082163,4.963196449933096,4.8856127856637706,10.787653838978905
187,6.396717397761314,5.872758620084285,4.489636533784456,7.3364855271066345,7.22095016833537,8.582135476954937,11.401056283286367,8.700747712350445,8.969878539347986,12.92531901035116,8.428613404136204,5.5145753849598576,5.426475053698695,11.08357148801034
188,5.715244912428904,6.262879045481613,4.483705025521973,6.6708502671434395,7.179464625019112,8.365248903264328,10.732381178845031,8.618395251246017,8.849422986881128,12.243221150739025,7.9468449339888165,5.566172312824747,5.394236323512473,10.888306100554223
189,6.0893327348515385,6.262879045481613,4.958225686520622,8.446904841952641,8.456297458197254,9.74156650640379,12.002965038418882,9.542686538300055,11.417133846966284,12.781677538163473,9.185391375992724,5.831238883424769,5.208000087525992,12.029702746818328
190,6.376087554613006,6.8480596835776035,5.835100324657709,7.250713082342858,7.079079853537799,8.165591636829516,11.222001073776356,8.582589833374529,9.276036401867913,12.448461184012745,8.440657615889888,6.297634643144653,5.378980495835064,11.197308543590449
191,6.152941417892151,5.792386588000114,4.623095469690326,6.842908764124667,6.747707674209176,8.04194602005263,10.58873236669576,8.197937344240806,8.11665170937442,12.539265959406807,7.906697561476534,5.641038443452234,5.34731745725931,10.613525426453606
192,6.522215610246849,5.572943848714117,4.522259829228112,7.7186094726410595,7.898035208632804,8.886182075586628,11.916978073399951,9.362636437003419,11.003569783496745,13.104804472825975,8.754810805798497,5.387100621999543,4.858267434166529,11.489200102158872
193,7.864530737763362,6.292679911310575,4.876173155556272,7.573258563250949,8.05988004428635,9.198336583515164,12.023197265482159,9.363147942973011,10.585990534944976,13.088342788397812,9.109111368219388,5.888906038097292,4.785442445442295,11.528454484173245
194,7.040712334707632,6.598816078462645,5.48612992188162,7.278961492294999,7.32389577582386,8.260859571067448,10.952912453834761,8.553433993107744,9.809052221533753,12.617591715960167,8.402517612003221,6.121598065723266,5.374087117146084,10.944671367036403
195,6.77252437377964,6.541923516425535,4.763474498569093,7.76123889129611,7.690095324850081,8.517272202580175,11.43342784658761,9.022484967224264,10.60205127527389,12.937532518152702,8.837112919448677,5.623839467497271,5.312775960631216,11.563682775724608
196,6.726794888134226,6.290873798230032,4.639901409767361,7.317995658774323,7.655780122353919,8.941923952002439,11.524472868372362,8.819928603265549,9.807044628992637,12.84964836418944,8.619313423569544,5.37900698625603,5.034429066969816,11.183217226969905
197,6.418034902347896,6.114777772877072,5.013586430303798,6.895810331853223,6.820947584014419,8.424031245666455,10.937738283537303,8.446017739493273,8.816297709952742,12.641753220524082,8.226872857261984,5.3091993779682385,5.164823216740873,11.136917186645258
198,6.876017420240315,6.156318373729565,4.73183978783585,7.5804490676024034,7.613782411836225,9.144621684423567,11.791538265607628,9.285910541564512,11.069820337353516,13.156313614423778,8.768862386177796,5.3516909656216765,4.866614962518319,11.050356241690485
199,6.278439630377687,5.189144819098692,4.305759777647479,7.329808630208855,7.566150862102745,8.945977906650862,11.554821208967278,8.759570898853609,9.851211664897152,12.861596360951816,8.50188235897112,4.898447363984999,4.946060404762938,10.94064527657339
200,6.140219681284028,5.674989237764808,4.719976771310883,7.63335063533096,7.431963055326703,8.661187592599177,11.713644191414009,8.980541477717662,10.250722580578893,12.945763360366783,8.734737119542356,5.061331783323181,5.081060087417743,11.118799779561702
201,6.636023578281676,6.030793514631814,4.91176220513117,7.702687641577126,7.591247054973074,9.22975473204044,11.919001296106279,9.022484967224264,9.493860192578811,13.107194072178451,9.04688294082535,5.749290821521709,4.585677456609811,11.087597578473353
202,5.834898002689084,5.9910590268598645,4.8079608105377165,7.281529529563376,7.702899504885964,8.885168586924523,11.700493243822878,8.635786454212171,9.71469537210138,12.968331798695717,8.45069445901796,5.41036982476214,4.985495280080014,11.139936754492517
203,6.463420557274173,6.009120157665295,4.785223362198197,7.667762334727206,7.599953897397473,9.243943573309918,12.017127597363178,9.086934719392945,10.387238873374661,13.107725094256779,9.035842413384474,5.525704134107187,4.964770382103155,11.275817307619196
204,5.795013639269024,6.691830902110619,5.074878682349456,7.384251020298437,6.994060098099543,8.436193109611724,11.053061977797986,8.590262422918418,8.723948453061485,12.786987758946752,8.076320210340926,5.688588553445368,5.706549022191501,11.096656282015132
205,6.281877937569072,6.286358515528674,4.544008692857217,7.26252605377739,6.911601178668464,8.704767605069717,11.44152073741292,8.770312524215054,9.790983888663723,12.702820759531788,8.232894963138827,5.281883357333885,5.563777502795374,11.189256362664425
206,6.719230612313181,5.99467125302095,5.064004250534904,7.597911721027364,7.248607197212874,8.810170425928705,11.528519313785017,9.053175325399826,6.671185079772142,12.657949393913082,8.849157131202361,5.176666092668228,4.753491561061307,11.510337077089687
207,7.3346875995710095,6.097619698611912,4.742714219650402,7.055028642492567,7.1784402906162414,8.591256874913888,11.210873348891553,8.531439236415258,9.926496385188937,12.685297030946968,8.256983386646198,5.02086360460562,5.062925801687993,11.050356241690485
208,6.130936251867291,5.4474189896163665,4.654730180423569,6.823391680885004,7.140539917710032,8.599364784210731,11.066212925389117,8.49409930063499,8.56133345723123,12.753533368012098,7.862535451713024,4.913622931004085,5.252328341532049,10.862136512544641
209,5.6031560979897685,5.503408495113205,4.57564340359046,7.024725802725724,7.39969652163628,8.366262391926433,11.239198466780143,8.251133965078449,9.499882970202155,12.734682084231459,8.205795486693038,4.98039542588806,5.3001107452009135,10.718203778491937
210,5.607625897338568,5.889916694349446,4.570700480038392,7.1171751443872795,7.368966489550164,8.639904330694959,11.371719554044613,8.688983075049814,10.105172121348108,12.82946952521298,8.482812357027786,5.3567494879613715,5.165398908351342,10.882266964859703
211,5.94458000209425,5.980222348376604,4.621118300269498,7.503407949551108,7.172294284199017,9.03009746560563,11.564937322498917,8.746271743644199,10.014830456997966,13.070288037734667,8.596228684374982,5.527727543043064,5.212605620409739,11.120812824793207
212,6.835789226101116,5.966676500272531,4.650775841581914,7.247117830167131,6.9868897572794495,9.001719783066672,11.583146326855866,8.704839760107186,9.32221103031354,12.880978666810783,8.848153446889553,5.4660135704987844,5.21404484943591,11.441893539218473
213,6.6490891456089365,6.128323620981146,4.812903734089786,7.35446178798527,7.400720856039151,8.615580602804423,11.351487326981335,8.526324176719331,9.361359084865269,12.693527873161049,8.446679721766731,5.452861412415578,5.354225756584929,11.144969367571285
214,5.912947575933513,6.168961165293368,4.9167051286832395,7.503921557004783,7.688558823245776,8.814224380577128,11.568983767911572,9.111487005933396,10.41233378013859,12.927177587625307,8.56310710205235,5.60461708260643,5.344726845012203,11.497252283084897
215,5.7675071817379475,5.465480120421798,4.560814632934253,6.897351154214249,7.124662734465538,8.770644368106586,11.29787192526365,8.33246341424369,8.624572622276329,12.584402836064676,8.059257577023207,5.160478821181203,5.4558353258325765,11.043310583380212
216,6.42628683960722,5.695759538191054,4.552905955250942,6.758677141721917,7.019668458171307,8.152416284222143,11.215931405657372,8.53399676626322,8.630595399899672,12.65157712897315,8.384451294372694,5.37900698625603,5.315078727073089,10.9919779299768
217,5.909853099461267,5.660540333120462,4.920659467524896,7.502380734643757,7.377161164773129,8.884155098262418,11.678237794053272,8.809186977904101,10.16439610131098,12.744240481641361,8.59723236868779,5.283906766269763,5.012840631577255,10.870188693470666
218,5.8768453504239755,6.509413480975757,5.502935861958655,6.807983457274746,6.843482940877572,8.276061900999032,11.050027143738495,8.576963267709008,7.856668475300121,12.8536310297769,8.393484453187957,5.6815066221697945,5.191592876627648,11.021167085833644
219,6.4933338298392185,5.740009308664361,4.3907780627430695,6.979528346802298,7.225559673148287,8.442274041584358,11.449613628238234,8.908930641974681,10.445459057066977,12.659807971187231,8.486827094279013,5.092694621829289,5.302989203253255,10.897364804096002
220,6.198327072818428,5.825799679990163,4.519294075096871,7.390414309742542,7.848867157295017,9.051380727509848,11.7895150429013,9.135527786504253,9.607289171151768,12.971783442204847,8.940492403667802,5.261649267975105,5.155612150973382,11.740830756097168
221,6.009220177292279,5.686728972788338,4.274125066914236,6.928681208888443,7.061666168688999,8.435179620949617,11.31911576368009,8.14576373534235,8.097579580233834,12.595819810748724,8.060261261336013,5.008723150990352,4.993554962626568,10.67190373816729
222,5.815299651698192,5.414005897626318,4.185152442976989,6.913786592731859,6.96076923000625,8.259846082405343,10.908401554295551,8.162131926369316,8.300346426886376,12.538203915250152,8.42660603551059,4.751750216133843,5.5433404506237505,10.834960401919306
223,7.257669518483994,6.5843671738183,5.31708193640085,7.313886799144921,7.626586591872107,8.9530723272856,11.979697977296112,8.992817620987886,10.21659350737995,12.806370064805721,8.869230817458503,6.0113222787179135,4.966497456934561,11.557643640030088
224,5.791919162796778,6.271909610884329,4.9641571947831045,6.876806856067237,7.340797293471224,8.442274041584358,11.217954628363701,8.640390007938505,9.534012043401097,12.607236785432773,8.401513927690415,5.469048683902602,5.3861766409659175,11.08357148801034
225,6.347205774205377,5.854697489278854,4.50347671973025,7.152614058690875,6.925941860308652,8.391599608479076,11.11375865898782,8.546272909533446,8.573379012477917,12.56794115163651,8.530989204042523,5.028957240349132,5.321987026398708,11.043310583380212
226,5.8813151497727745,5.6370608630734,4.866287308452134,7.1171751443872795,7.308018592579367,8.289237253606407,10.893227383998092,8.738087648130714,9.246926310021756,12.807963131040704,8.302149180722516,5.159467116713264,5.259236640857668,10.791679929441917
227,6.159130370836644,5.967579556812803,5.0452211410370404,7.114093499665228,6.693417950857037,8.006473916878933,10.801170750860178,8.508421467783585,9.089330295544285,12.771057096596916,8.446679721766731,5.506481749216345,5.551975824780774,10.80476472344671
228,6.086238258379293,6.101231924772998,4.7753375150940585,7.663139867644127,7.079592020739233,8.486867542717006,11.368684719985122,8.80867547193451,9.26298705035067,12.967269754539062,8.838116603761483,5.759407866201099,5.327456096698156,11.184223749585659
229,5.90916543802299,6.050660758517789,4.8692530625833745,6.662632547884635,6.940794709150275,8.384505187844336,11.20480368077257,8.57338272592186,8.881544467538957,13.113566337118385,8.32121918266585,5.443756072204128,5.258373103441966,10.73229509511248
230,7.459841981337403,6.280940176287045,4.870241647293789,6.943062217591351,7.089323197566504,8.439233575598042,11.014620746377759,8.367245820175995,8.529211976573402,12.697510538748508,8.256983386646198,5.642050147920173,5.235921130633703,10.944671367036403
231,6.319355485955162,6.525668498700646,5.135182349684701,7.103307743138046,6.624275378663274,8.177753500774784,10.724288288019721,8.65266615120873,8.863476134668929,12.56050684253992,8.330252341481112,6.075059660198071,5.382434645497874,10.721223346339196
232,7.679893641586014,5.9486153694671,4.739748465519161,7.384251020298437,7.3500163030970596,8.554771283078082,11.759166702306384,8.816859567447992,9.993750735316265,12.908060792805504,8.861201342956045,5.588429811119406,5.015431243824362,11.501278373547908
233,6.064576923073569,6.021762949229098,5.208337618255326,7.01650808346692,7.167684779386101,8.3601814599538,11.291802257144665,8.680287473566738,9.311169271337413,12.772119140753572,8.363373923803746,5.203982113302581,5.292338908459592,10.983925749050776
234,6.458263096487096,6.475097332445436,4.772371760962817,6.715534115613192,6.95103805317898,8.058161838646319,11.222001073776356,8.839877336079665,9.370393251300282,12.22251128968424,8.123493373042859,5.755361048329343,5.152445847115806,10.864149557776148
235,6.963694253620622,5.916105334017322,4.399675325136795,7.036025166706581,7.5405425020309815,8.448354973556992,11.391951781107892,8.368780338084775,9.857234442520495,12.702555248492624,8.414561823756905,5.135186209482728,5.224407298424338,10.932593095647363
236,7.3917634989479915,6.631326113912421,5.309173258717539,7.552200657650261,7.585613215757286,8.431125666301195,11.44152073741292,8.485403699151913,9.428613434992597,12.735478617348951,8.345307606173218,6.200511014222508,5.252616187337282,11.25468033268838
237,5.804297068685763,5.7851621356779415,4.5519173705405285,6.942035002684,6.867042632143595,8.341938664035899,11.075317427567592,8.707397289955152,9.31518445641964,12.644673841954887,7.99702914962917,5.075495645874326,5.323426255424878,10.73229509511248
238,7.233257537425165,5.786065192218213,4.792143455171095,7.052974212677867,6.890602323409617,8.656120149288647,11.353510549687662,8.660338740752621,9.372400843841397,13.01320316431442,8.630353951010424,5.382042099659848,5.224119452619105,11.157047638960323
239,5.984808196233449,5.542239926344884,4.628038393242394,7.240440933269352,7.339260791866918,8.593283852238098,11.694423575703894,8.788215233150801,9.890359719448881,12.796811667395819,8.66146816470744,5.002652924182717,5.015719089629597,11.425789177366422
240,6.533905854697555,5.935972577903297,5.228109312463603,6.928681208888443,7.116468059242574,8.143294886263194,10.945831174362613,8.54166935580711,10.052974715279134,12.6306017568792,8.481808672714976,5.113940415656009,5.191592876627648,10.748399456964531
241,5.896443701414866,5.896238090131346,4.71898818660047,6.816714783987226,7.11134638722822,8.212212115286377,11.028783305322055,8.441414185766938,7.980135416578648,12.887616442789882,8.47779393546375,5.4710720928384795,5.378980495835064,10.810803859141227
242,6.4599822500827875,5.860115828520483,4.458001823051212,7.010858401476492,7.190220136249253,8.720983423663409,11.559879265733098,8.450621293219607,10.023864623432978,13.028868315625093,8.344303921860412,5.6673427596186485,4.933970880943104,11.145975890187037
243,6.625364825988384,5.947712312926828,4.919670882814481,7.00880397166179,7.200975647479394,8.628755955411796,11.34744088156868,8.519163093145032,9.044159463369214,12.937001496074373,8.225869172949178,5.496364704536956,5.376389883587958,11.144969367571285
244,6.671781973072075,5.58558664027792,4.557848878803012,7.52497946260547,7.219925833932498,8.827399733184501,11.521438034312869,8.858291550985001,9.528993062048311,12.963552599990766,8.192747590626546,5.377995281788091,5.080196550002041,11.287895579008236
245,8.800781785977366,6.110262490175714,5.406054560338097,7.614860766998649,7.6358056014979425,9.025030022295102,12.035336601720125,8.702793736228816,9.93954573670618,12.875137423949178,8.852168184140783,4.977360312484242,4.585677456609811,11.683458966999236
246,6.489895522647835,6.496770689411955,5.242938083119811,7.528574714781198,7.380746335183174,8.398694029113814,11.253361025724438,8.907396124065903,10.351102207634606,12.70574138096259,8.435639194325853,5.786723886835452,5.051124123673394,11.109741076019922
247,6.655965759991705,6.124711394820059,4.83959552127096,7.460778530896058,7.690607492051517,8.931789065381382,11.84920011273797,8.894608474826086,9.91445082994225,12.99833454612124,8.93447029779096,5.364843123704884,5.217786844903953,11.555630594798581
248,6.8127525679188405,6.261975988941341,5.035335293932902,6.963092908284688,6.9868897572794495,8.320655402131681,10.971121458191712,8.344739557513915,9.518955099342739,12.523069786017807,7.868557557589867,6.171171584652276,5.637178183130076,11.013114904907617
249,8.401250490338484,6.372148886854475,5.014575015014211,7.560418376909066,7.482155441067361,8.593283852238098,11.690377130291239,8.862895104711336,10.411329983868034,12.888678486946537,8.831090813571834,6.098328862960668,5.260388024078604,11.433841358292446
250,6.4678903566229735,6.114777772877072,5.117387824897252,6.995450177866232,7.02581446458853,8.278088878323244,11.362615051866138,8.106377775683711,8.595462530430172,12.649984062738167,8.322222866978656,5.75839616173316,5.31795718512543,11.047336673843226
251,6.4259430088880825,6.09129830283001,4.697239322971365,7.3287814153015045,7.379722000780305,8.843615551778191,11.795584711020284,8.771335536154242,9.470772878355996,13.016389296784387,8.895326609591486,5.760419570669038,4.974844985286351,11.37143695611575
252,6.074548013928585,5.854697489278854,4.837618351850131,7.386305450113137,6.9868897572794495,8.489908008703322,11.17647856288398,8.646528079573617,9.651456207056283,12.715299778372492,8.406532349254448,5.053238147579668,5.262978636325712,10.982919226435023
253,6.506399397166479,6.594300795761287,5.501947277248242,7.241468148176702,7.127735737674149,8.630782932736007,11.677226182700108,8.680287473566738,9.720718149724723,12.845931209641146,8.892315556653063,6.306739983356104,4.2474586354597115,10.880253919628199
254,6.809658091446594,6.818258817748641,5.888483899020057,7.236845681093625,6.999693937315331,8.862871836358199,11.539647038669818,8.606119107975793,9.362362881135827,12.753002345933771,8.262001808210233,6.500987241200395,5.259236640857668,11.207373769747981
255,6.897334924826899,5.839345528094237,4.798074963433577,7.51419370607829,7.318774103809507,8.754428549512896,11.647889453458356,8.691540604897776,10.014830456997966,12.87407537979252,8.508908149160769,5.366866532640762,5.080772241612509,11.363384775189726
256,6.654246606396015,5.93777869098384,4.843549860112614,7.068896043741801,6.490087571887233,8.533488021173866,11.34541765886235,8.6337404303338,8.904631781761772,12.71583080045082,8.391477084562343,5.2090406356422765,5.132008794944184,11.186236794817166
257,6.4933338298392185,6.259266819320526,4.251387618574716,7.0694096511954765,7.133881744091373,8.329776800090631,11.102630934103018,8.286427876980348,9.569144912870597,12.758843588795376,8.254976018020583,5.268731199250678,5.046230744984413,10.888306100554223
258,7.204031926298397,6.7261470506409395,5.271607039721813,6.827500540514408,7.226071840349722,8.475719167433844,11.00753946690561,8.5565030289253,8.74402437847263,12.58466834710384,8.157618639678299,5.6622842372789535,4.8165297924075805,10.933599618263116
259,6.010939330887972,5.907074768614606,4.327508641276583,6.9687425902751166,7.0877866959621985,8.471665212785421,11.393975003814218,8.389240576868483,9.397495750605326,12.561303375657413,8.546044468734628,5.27682483499419,4.922744894538973,10.9597692062727
260,7.838399603108838,6.780330443057234,5.263698362038502,7.146450769246772,7.902132546244285,9.0605021254688,12.15875318680612,8.89972353452201,9.43764760142761,13.118080024784174,8.679534482337969,5.2667077903148,4.710890381886656,11.50429794139517
261,6.736078317550964,6.288164628609217,4.823778165904338,7.023698587818373,7.353601473507106,8.166605125491623,11.325185431799074,8.290008418767496,8.78618382183603,12.5562586659133,8.408539717880064,5.759407866201099,5.414961221489331,10.978893135972008
262,7.128732998807076,7.139746946085328,5.731298930064256,6.964120123192038,7.129784406479891,8.558825237726507,11.31102287285478,8.472104543942502,9.534012043401097,12.949480514915079,8.434635510013047,6.253119646555337,5.0917103822114065,10.9124626433323
263,6.361646664409191,5.9612581610309014,4.716022432469228,7.10176692077702,6.681125938022589,8.492948474689639,11.377789222163596,8.250110953139265,8.952814002748513,12.71583080045082,8.27705707290234,5.4285805051850415,5.310473194189342,10.985938794282282
264,6.4740793095674665,6.174379504534997,5.0106206761725565,6.741214488296956,6.409677321261894,7.980123211664185,10.41473521395157,8.165200962186873,7.215242658414109,12.48669477365235,7.583511212752661,5.455896525819395,5.615014056127048,10.512873164878288
265,7.350847643370514,6.094910528991098,4.80400647169606,7.0062359343934135,6.65398107634652,7.772358035932529,10.609976205112202,7.868527499823099,8.58943975280683,12.165957438342323,7.730049122422493,5.792794113643087,5.470515461899517,10.496768803026237
266,7.004953939917234,6.290873798230032,5.262709777328089,6.681122416216946,6.571009989714005,8.429098688976985,10.739462458317181,8.063411274237923,7.054635255124968,12.797077178434982,8.072305473089699,5.3810303951919085,5.38704017838162,10.396116541450919
267,6.630866117494598,5.728269573640831,4.713056678337987,7.14747798415412,6.949501551574674,8.433152643625407,11.313046095561106,8.298192514280979,8.746031971013743,12.773712206988556,8.488834462904627,4.991524175035389,5.389342944823493,11.12785848310348
268,6.9750406673521885,5.99467125302095,4.771383176252404,7.4320165134902405,7.712118514511798,8.564906169699139,11.594274051740669,8.852153479349889,8.514155032515045,12.989838192867994,8.65845711176902,5.451849707947639,5.140068477490739,11.129871528334986
269,6.072828860332893,6.124711394820059,4.958225686520622,7.3909279171962154,7.4258170489094795,8.713889003028669,11.577076658736884,8.982075995626438,9.250941495103984,12.936470473996046,8.309174970912165,5.678471508765977,4.949802400230981,10.800738632983697
270,6.391559936974237,5.691244255489696,4.809937979958544,7.0206169430963214,6.768706529468021,7.808843627768331,10.86389065475634,8.49256478272621,9.018060760334729,12.227290488389189,7.7712001792475816,4.619216930833832,5.456698863248279,10.478651395942679
271,6.664561527970167,6.506704311354942,5.380351357867337,7.008290364208115,7.402257357643458,8.699700161759191,11.16535083799918,8.643459043756062,7.99318476809589,12.637239532858297,7.864542820338638,5.864625130866756,4.674046118816688,10.528977526730339
272,6.405656996458914,6.1183899990381585,4.846515614243856,7.596884506120012,7.0457889854445055,8.575041056320197,11.577076658736884,8.976449429960919,10.176441656557664,12.735213106309788,7.984984937875485,5.774583433220184,5.218650382319655,11.096656282015132
273,7.374915793710207,5.796901870701472,5.01951793856628,7.389900702288866,7.4780581034558775,8.634836887384429,11.682284239465927,8.975937923991326,9.153573256859941,12.836903834309572,8.737748172480778,5.5955117423949785,5.406901538942774,11.06444755831103
274,7.143861550449167,6.351378586428229,4.771383176252404,6.990827710783154,7.087274528760762,8.470651724123314,11.447590405531905,8.67875295565796,9.468765285814882,12.925053499311996,8.41656919238252,5.162502230117081,4.978874826559627,11.010095337060358
275,6.767366912992564,6.2312720665721075,4.836629767139718,7.668789549634556,7.578442874937191,8.803076005293967,11.70352807788237,9.022996473193855,9.22082760698727,12.881244177849947,8.978632407554471,5.110905302252191,4.876401719896279,11.203347679284969
276,6.652527452800321,6.360409151830945,5.466358227673342,7.406336140806475,7.218389332328192,8.42504473432856,10.969098235485383,8.279778299375641,9.26298705035067,12.599005943218692,8.267020229774268,5.753337639393465,4.846753601957165,10.632649356152916
277,6.4953968141540495,6.38659779149882,4.36507486027231,7.348812105994841,6.973061242840696,8.653079683302332,11.524472868372362,8.48489219318232,8.613530863300202,12.633256867270838,8.374414451244622,5.579324470907954,5.206273012694588,10.887299577938471
278,6.026411713249202,6.131935847142232,4.139677546297952,7.454101633998278,7.0027669405239426,8.379437744533808,11.737922863889942,8.679775967597143,9.163611219565512,12.586261413338823,8.047213365269522,5.035027467156765,5.0747274797025925,10.381018702214622
279,6.162568678028029,5.9711917829738885,4.642867163898603,7.481836436496746,7.477545936254442,8.86489881368241,11.852234946797463,9.088980743271316,10.199528970780477,12.84221405509285,8.727711329352706,4.9986061063109615,4.8332248491111605,11.018147517986383
280,6.564506788700879,6.2800371197467735,4.597392267219566,7.315427621505947,7.417622373686515,8.273021435012716,11.328220265858565,8.75803638094483,9.775926944605366,12.437309720367859,8.707637643096566,5.068413714598753,5.270174781456565,10.8651560803919
281,7.490442915340727,6.521153215999288,4.957237101810208,6.970283412636142,6.629909217879062,7.854450617563085,10.457222890784454,8.283870347132384,8.759081322530985,12.335618992368072,7.312516448294757,5.640026738984296,5.076742400339231,10.39309697360366
282,6.627083979584076,6.128323620981146,4.338383073091135,7.568122488714196,7.392526180816186,8.411869381721187,11.563925711145753,8.766220476458313,9.345298344536353,12.55971030942243,8.589202894185334,5.212075749046093,4.863736504465977,10.837979969766565
283,6.790403571174839,6.253848480078897,4.35222325903693,7.6949835297719975,7.506739466736253,8.66726852457181,11.634738505867226,8.85982606889378,9.908428052318909,12.83876241158372,8.11646758285321,4.786148168043769,5.215196232656847,11.029219266759668
284,7.4484955676058355,6.256557649699712,5.050164064589111,7.158777348134978,7.244509859601393,8.312547492834836,11.0722825935081,8.232719750173112,8.515158828785601,12.50979423405961,8.339285500296375,5.760419570669038,5.004205257420231,10.724242914186457
285,6.961631269305789,6.056982154299691,4.481727856101145,7.383223805391087,6.878310310575171,8.493961963351746,11.172432117471326,8.667499824326919,9.71469537210138,12.668304324440475,8.552066574611471,5.5530201547415405,5.406325847332306,10.752425547427544
286,5.988934164863111,6.304419646334106,4.682410552315156,7.376546908493308,7.476521601851572,8.774698322755007,11.616529501510275,8.533996766263222,9.453708341756524,12.79229797973003,8.731726066603935,5.0846009860857775,4.619643261627438,10.89031914578573
287,6.367147955915408,6.174379504534997,4.208878476026921,6.8013065603769665,7.085225859955022,8.486867542717006,11.185583065062456,8.566733148317153,8.519174013867831,12.582809769829693,7.975951779060221,5.6764480998300995,4.994706345847505,10.474625305479666
288,6.042227926329571,6.126517507900603,5.003700583199659,6.737105628667554,6.629909217879062,8.027757178783151,11.02271363720307,8.026582844427246,8.500101884727245,12.58121670359471,7.207129595450016,5.246473700956019,5.159929838051894,9.8999008918846
289,6.701351414917982,5.901656429372976,4.96020285594145,7.223491887298066,7.211731158709535,8.743280174229733,11.328220265858565,8.871590706194413,9.202759274117241,12.722468576429918,8.343300237547604,4.991524175035389,4.829770699448351,10.84603215069259
290,6.457919265767957,6.112068603256257,5.191531678178292,7.539360471308379,7.216852830723887,8.700713650421296,11.61248305609762,8.936551964332688,10.386235077104105,12.664852680931345,8.209810223944265,5.085612690553717,5.002478182588826,11.016134472754878
291,6.403250181424943,6.372148886854475,5.158908382734634,7.259958016509014,7.132345242487067,8.568960124347564,11.363626663219302,8.351900641088214,9.485829822414354,12.631663801035854,8.022121257449347,5.432627323056798,5.079620858391572,10.71317116541317
292,6.41975405594359,6.095813585531368,4.182186688845747,7.513680098624614,7.606099903814696,8.650039217316015,11.326197043152236,8.990771597109514,10.029887401056321,12.612547006216051,8.481808672714976,5.396205962210993,5.056881039778076,11.0865910558576
293,6.6635300358127525,6.488643180549511,5.624531781339559,6.9250859567127145,6.992011429293801,8.118971158372657,10.843658427693061,8.521209117023403,8.215023743889018,12.202597961746944,7.679864906782139,6.1731949935881545,4.978874826559628,10.316601254806418
294,5.356973303086637,6.151803091028207,4.824766750614751,6.851640090837147,7.160514438566007,8.173699546126363,10.938749894890467,8.821463121174327,9.384446399088084,12.443947496346956,7.879598085030745,4.808405666338428,5.079620858391572,10.610505858606345
295,6.589606431197985,6.402852809223709,4.682410552315156,7.221951064937041,7.110834220026786,8.758482504161318,11.31911576368009,8.45624785888513,9.492856396308254,12.404651862550695,8.599239737313404,5.208028931174336,5.245132196401196,11.037271447685695
296,6.6635300358127525,6.345960247186599,5.043243971616213,7.155182095959251,7.026326631789965,8.530447555187548,11.285732589025683,8.762639934671164,8.322429944838632,12.737071683583935,8.11947863579163,5.405311302422445,4.93713718480068,10.71921030110769
297,6.623301841673553,6.105747207474356,4.844538444823029,7.2255463171127685,6.9766464132507435,8.587202920265463,11.484008414245805,8.380033469415814,9.126470757554898,12.708130980315065,7.900675455599693,5.176666092668228,5.096028069289918,10.725249436802208
298,7.6585761369994305,6.055176041219147,4.971077287756002,7.500839912282732,7.391501846413316,8.443287530246463,11.260442305196584,8.56622164234756,8.996981038653027,12.73335452903564,8.15360390242707,5.769524910880489,4.714344531549465,10.43436440084954
299,6.1398758505648905,5.305639112793727,4.725908279573367,7.2178422053076385,7.2045608178894405,8.837534619805558,11.448602016885069,8.90688461809631,9.419579268557584,12.78008447192849,8.746781331296042,5.149350072033874,5.16798952059845,11.118799779561702
300,5.916042052405759,6.125614451360331,4.767428837410748,6.521904105577602,7.009937281344037,8.042959508714736,11.498170973190101,8.301261550098536,7.9219152328863345,12.749816213463802,7.810343867447058,5.584382993247649,5.392221402875834,10.442416581775564
301,6.00028057859468,5.833927188852607,4.453058899499143,6.952820759211182,6.77536470308668,7.937556687855748,11.614506278803946,8.463408942459427,7.964074676249734,12.685828053025297,7.807332814508636,4.8650611165430115,4.878992332143386,10.20990985753658
302,6.482331246826788,5.7309787432616455,4.5716890647488055,7.37962855321536,7.329017447838213,9.138540752450933,11.647889453458356,8.895119980795677,9.384446399088084,13.160827302089567,8.37541813555743,4.9601613365292785,4.9187150532656965,11.190262885280177
303,6.904211539209667,6.215017048847219,4.759520159727437,7.342135209097062,7.270630386874591,8.836521131143453,11.340359602096532,8.446529245462866,10.25473776566112,12.855489607051046,8.355344449301288,5.301105742224727,5.121070654345287,10.927560482568598
304,6.603015829244384,6.5148318202173865,4.405606833399278,7.603047795564117,7.753604057828056,8.622675023439161,11.77939892936966,9.106371946237468,10.074054436960836,12.706006892001755,8.957555036985521,5.582359584311772,5.22728575647668,11.258706423151393
305,6.094834026357754,5.9079778251548785,4.7071251700755035,7.386819057566814,6.965378734819167,8.748347617540261,11.658005566989996,8.757013369005644,9.33325278928967,12.863720449265129,8.632361319636036,5.3567494879613715,5.328607479919093,11.114773689098689
306,6.048760709993202,6.699958410973063,5.14012527323677,6.761758786443968,6.68215027242546,8.283156321633772,10.89525060670442,8.405097261925857,8.69885354629756,12.522804274978643,7.833428606641619,5.192853364155252,5.424460133062056,10.473618782863914
307,6.787652925421733,6.695443128271705,5.1519882897617375,7.406336140806475,6.8916266578124885,8.163564659505306,11.062166479976462,8.535531284172,9.387457787899756,12.64281526468074,8.072305473089699,5.811004794065989,5.493543126318247,10.902397417174768
308,6.278095799658549,6.047951588896974,4.646821502740258,6.786411944220383,6.955135390790462,8.024716712796833,10.967075012779057,8.434764608162235,8.636618177523015,12.535814315897676,8.345307606173218,5.174642683732349,5.411219226021287,10.70713202971865
309,5.961771538051173,6.085879963588381,4.820812411773097,7.264580483592091,7.116980226444009,8.357140993967484,11.399033060580038,8.235277280021075,8.09858337650439,12.731230440722328,8.046209680956716,5.039074285028522,5.108117593109751,10.271307737097525
310,6.509837704357865,6.284552402448131,4.845527029533442,7.165454245032757,7.215316329119582,8.117957669710552,11.387905335695237,8.668011330296512,9.54003482102444,12.48403966326071,7.770196494934775,5.360796305833127,5.055441810751906,10.83999301499807
311,6.289786044109255,6.09671664207164,4.734805541967091,7.532683574410599,8.021467504178705,8.880101143613993,11.601355331212815,9.121205619355656,9.700642224313581,12.942577227896816,8.669497639209897,5.550996745805662,5.192456414043351,11.207373769747981
312,5.9865273498291405,6.722534824479853,5.4633924735421004,6.319029161375856,6.395336639621706,8.035865088079996,10.943807951656288,8.017375736974579,7.6388446845892215,12.219590668253437,7.094716952415626,5.113940415656009,5.005356640641168,9.808307333851063
313,6.319355485955162,5.972997896054432,4.953282762968552,6.9107049480098075,6.7087829669000945,7.911205982641001,10.907389942942386,8.274151733710122,7.686023109305407,12.142592466895897,7.788262812565302,5.384065508595725,5.480302219277477,10.498781848257744
314,5.947330647847357,5.805932436104188,4.04180765996698,6.907623303287755,6.747707674209176,7.5645928602008725,11.242233300839635,8.167246986065244,8.733986415767058,12.262868967637155,7.635702797018629,4.643497838064368,5.721517004063675,10.496768803026237
315,5.280299052718763,6.186119239558528,3.6829514100867513,7.773565470184318,7.466790425024302,9.704067425905881,12.273065269713642,8.691540604897776,9.973674809905123,13.011875609118603,8.760832911675339,5.448814594543822,5.218650382319655,11.52040230324722
316,5.77816593403124,6.150900034487935,4.736782711387919,7.338539956921334,7.411476367269292,8.582135476954937,11.459729741769872,8.969799852356214,10.95940274759223,12.729371863448181,8.104423371099525,5.244450292020142,4.853661901282782,11.257699900535641
317,7.458810489179989,6.5933977392210155,5.082787360032767,7.187025758087121,7.145661589724384,8.30443958353799,11.023725248556234,8.398959190290745,9.433632416345382,12.60219207568866,7.385785403129672,4.83572168697278,5.076454554533997,10.764503818816582
318,7.3897005146331605,6.445296466616474,4.429332866449211,7.105875780406422,7.310067261385107,8.884155098262418,11.379812444869923,8.692563616836964,9.461738711920983,12.658214904952247,7.888631243846008,6.036614890416388,5.223543761008636,10.079061917488668
319,6.342735974856577,6.0055079315042095,4.263250635099683,7.018048905827945,7.523128817182183,8.875033700303467,11.399033060580038,8.229650714355556,7.803467272960591,12.446602606738596,7.433962250144411,5.316281309243811,4.912958137161013,9.59190497146413
320,6.131623913305567,6.004604874963937,4.367052029693137,7.22092385002969,7.2091703227023585,9.178066810273053,12.10109133967578,8.806629448056137,9.674543521279096,12.814069884941473,9.017776095753947,5.067402010130814,5.04594289917918,11.119806302177455
321,6.606110305716631,5.915202277477051,4.81685807293144,6.88861982750177,6.718514143727365,8.668282013233915,11.243244912192798,8.32121028291265,7.4410968192894655,12.68954520757359,7.954874408491273,5.678471508765977,5.374087117146085,10.094159756724965
322,5.991684810616219,5.600938601462537,4.6735132899214324,7.118715966748305,7.106736882415304,8.848682995088721,11.558867654379933,8.932459916575946,9.816078795427652,12.574578927615608,8.397499190439184,4.958137927593401,5.3847374119397475,11.028212744143916
323,6.503304920694234,6.251139310458083,4.685376306446398,6.9107049480098075,6.695978786864212,8.698686673097086,11.411172396818005,7.837837141647536,8.367600777013704,12.42323763529217,7.278391181659318,4.9176697488758405,5.404886618306136,10.197831586147542
324,7.276580208036609,6.5202501594590165,4.977997380728899,7.232223214010547,7.350528470298495,8.592270363575993,11.577076658736884,8.808163965964916,10.228639062626636,12.751940301777115,8.183714431811282,5.705787529400331,5.616453285153219,11.045323628611719
325,7.451590044078081,6.323383833679809,4.897922019185377,7.564527236538469,7.282922399709038,8.824359267198185,11.7166790254735,8.562641100560413,9.050182240992557,12.542717602915937,8.164644429867948,5.612710718349942,5.121646345955755,10.869182170854913
326,7.533077924513895,6.359506095290674,5.0422553869058,7.147991591607798,6.994060098099543,9.024016533632997,11.741969309302599,8.466989484246577,8.885559652621186,12.759374610873705,7.502212783415291,5.386088917531603,5.305867661305596,10.54206232073513
327,6.335859360473808,6.149093921407393,4.070476616568982,7.4022272811770735,7.31314026459372,9.298671961063624,11.915966462046786,8.550364957290187,9.061223999968684,12.646001397150707,8.377425504183044,5.4923178866652,5.369481584262338,10.833953879303552
328,6.064920753792708,5.419424236867947,4.3700177838243786,7.341107994189712,7.422744045700868,9.098001205966709,11.623610780982421,8.615326215428462,9.435640008886498,12.930894742173603,8.343300237547604,4.908564408664389,5.230164214529021,10.93460614087887
329,6.291505197704948,6.439878127374845,5.069935758797387,7.030375484716152,7.3679421551472934,9.16489145766568,11.861339448975938,8.073129887660185,9.716702964642495,12.82601788170385,7.657783851900385,5.063355192259058,5.0588959604147155,10.424299174692008
330,5.438461183522451,5.85830971543994,4.203935552474851,7.645677214219167,7.779212417899819,9.335157552899428,12.19517119552002,9.18974741928108,10.913228119146604,12.8212386829989,8.527978151104103,5.424533687313286,4.981753284611969,11.316078212249325
331,6.5015857670985415,5.802320209943102,4.716022432469228,7.272284595397221,6.8235084200215965,8.273021435012716,10.55231435798186,7.668017159742755,8.742016785931515,12.150557798070816,8.145574427924615,5.300094037756787,5.740226981403894,10.27634035017629
332,6.123715806765384,6.207792596525046,5.331910707057058,7.564527236538469,7.459107917002773,9.286510097118358,11.942268357229047,9.123251643234028,4.995849104212279,12.834514234957098,8.381440241434271,5.434650731992676,5.357104214637271,10.927560482568598
333,6.067327568826677,6.289970741689761,4.582563496563357,6.93330367597152,7.272166888478897,8.520312668566493,10.813310087098143,8.081313983173668,8.515158828785601,12.421379058018022,7.687894381284596,5.541891405594211,5.536719997103366,10.142472842281117
334,6.904899200647945,5.804126323023645,4.907807866289516,7.244036185445079,6.869091300949336,8.764563436133951,11.284720977672519,8.56571013637797,8.374627350907604,12.595023277631233,7.608603320572839,5.500411522408712,5.255494645389624,10.237085968161916
335,6.097928502829999,6.332414399082525,5.149022535630495,7.153641273598225,7.429402219319527,8.907465337490848,11.370707942691448,8.629136876607467,9.658482780950182,12.747692125150492,8.251964965082163,5.666331055150709,5.413234146657926,10.57024495397622
336,6.328638915371901,6.401046696143166,4.832675428298062,7.202947589151055,7.373063827161646,8.759495992823423,11.190641121828277,8.53399676626322,7.101813679841153,12.322077929370714,7.211144332701244,5.359784601365189,5.388191561602557,10.473618782863914
337,6.684503709680198,5.945003143306013,4.39572098629514,7.3390535643750106,7.4247927145066095,8.83246717649503,11.208850126185226,8.543203873715889,9.163611219565512,12.467577978832546,7.971937041808993,5.162502230117081,5.495558046954885,10.251177284782461
338,6.471328663814358,6.358603038750402,5.043243971616213,7.242495363084053,7.307506425377931,9.226714266054124,11.413195619524332,8.964173286690693,10.277825079883934,12.394296932023302,8.129515478919702,5.094718030765168,4.969375914986902,10.704112461871391
339,6.45310563570002,5.823090510369348,4.4510817300783145,7.029861877262477,7.20148781468083,8.901384405518213,11.45366007365089,8.728880540678045,8.762092711342657,12.480588019751577,8.133530216170929,4.770972601024684,5.199940404979438,10.52998404934609
340,6.15569206364526,5.7607796090906085,4.573666234169633,7.61691519681335,7.809942449985936,9.565219479197408,11.901803903102493,9.071589540305164,10.926277470663845,12.950011536993404,7.833428606641619,5.756372752797281,4.963043307271752,10.603460200296073
341,6.56416295798174,6.385694734958549,4.689330645288054,6.787439159127733,6.720562812533107,8.563892681037034,11.0722825935081,8.243461375534558,7.942994954568035,12.473684732733316,7.765178073370739,5.318304718179689,5.224695144229573,10.119322822118795
342,6.029850020440587,6.041630193115073,4.629026977952809,7.252767512157559,6.990474927689495,9.135500286464616,11.951372859407522,8.74115668394827,10.387238873374661,12.480588019751577,8.179699694560055,4.7213990820956715,5.310185348384109,10.781614703284387
343,6.086582089098431,5.9124931078562355,4.8781503249771,6.35806332785518,6.5966183497857696,8.512204759269647,11.159281169880195,8.185661200970582,7.2784818234592095,12.360046007971153,7.000370627011763,5.134174505014789,4.79695627765166,9.677459393803149
344,6.430068977517743,6.051563815058061,4.794120624591923,7.151586843783525,7.112882888832527,8.91151929213927,11.243244912192798,8.58310133934412,9.35031732588914,12.508997700942118,8.052231786833557,6.135761928274411,5.228437139697617,10.15958372674892
345,6.329670407529316,6.260169875860798,4.543020108146803,7.231195999103196,7.0442524838402,9.006787226377199,11.393975003814218,8.857268539045817,9.175656774812198,12.734151062153131,8.502886043283926,5.370913350512518,5.152733692921041,10.759471205737816
346,6.0889889041324,6.355893869129587,4.671536120500605,7.162886207764381,6.751292844619222,8.604432227521261,10.97314468089804,8.465454966337797,8.879536874997843,12.358983963814499,7.985988622188291,5.082577577149899,5.393372786096771,10.250170762166709
347,6.345486620609685,5.895335033591076,4.93449965347069,7.0683824362881245,7.184074129832029,8.11593069238634,11.373742776750941,8.495633818543768,9.004007612546927,12.608033318550266,7.78224070668846,5.2232044981934225,5.17288289928743,10.343777365431754
348,5.983776704076034,5.572943848714117,4.504465304440663,7.818762926107746,7.891377035014143,8.822332289873973,11.906861959868312,8.895119980795677,10.652241088801748,12.956118290894176,8.311182339537778,5.284918470737702,5.256646028610561,10.942658321804895
349,6.270875354556641,6.021762949229098,4.5459858622780445,7.034997951799231,7.207633821098052,8.52538011187702,11.259430693843422,8.695632652654517,8.895597615326757,12.517759565234527,7.4781243599079215,5.082577577149899,5.326304713477219,10.125361957813313
350,6.450011159227774,6.2502362539178105,4.82970967416682,7.342648816550738,7.041691647833024,8.128092556331609,10.950889231128434,8.790772762998762,9.700642224313581,12.795218601160835,8.040187575079873,5.285930175205641,5.464470699989601,10.816842994835747
351,5.690832931370073,6.058788267380233,4.756554405596195,7.370383619049204,7.889840533409839,8.76253645880974,11.333278322624386,9.06340544479168,10.042936752573564,12.835841790152916,8.484819725653399,5.180712910539984,4.993267116821335,10.881260442243951
352,6.103085963617077,6.304419646334106,4.867275893162547,6.857803380281251,6.422993668499211,8.498015918000169,10.888169327232271,8.161620420399725,8.7610889150721,12.455895493109333,7.629680691141787,5.456908230287334,5.362573284936719,10.302509938185873
353,7.5303272787607884,6.165348939132281,4.693284984129709,7.606643047739843,7.831453472446217,9.10205516061513,11.926082575578425,8.580543809496158,9.513936117989953,12.967535265578226,8.09639389659707,5.322351536051445,5.026369384423259,10.802751678215204
354,6.336890852631224,5.038334376873336,4.228650170235198,6.751486637370463,6.762048355849363,8.235522354514806,11.02271363720307,7.76520329396537,7.240337565178038,12.353673743031221,7.3185385541715995,4.469484669578858,5.779949702526203,9.835483444476397
355,6.868453144419268,6.429041448891586,4.564768971775908,7.172131141930537,7.088298863163634,8.81625135790134,11.271570030081389,8.221978124811665,9.188706126329441,12.737071683583935,7.272369075782475,5.1513734809697524,5.330046708945263,10.540049275503623
356,6.116839192382614,5.749039874067078,4.4214241887659,7.233764036371573,7.439133396146797,8.632809910060217,11.265500361962404,8.653689163147916,10.390250262186333,12.596616343866216,7.817369657636706,5.161490525649142,5.378980495835064,10.836973447150811
357,6.316948670921193,5.423939519569305,4.801040717564819,6.897351154214249,6.456796703793939,8.329776800090631,11.075317427567592,8.731949576495602,8.835369839093328,12.708130980315065,7.859524398774603,5.468036979434664,5.009962173524914,10.23507292293041
358,6.6532151142385985,5.7707132310335965,4.386823723901415,7.682656950883789,7.357186643917153,8.958139770596128,11.408137562758514,8.57542874980023,9.468765285814882,12.785660203750933,7.935804406547939,4.565596594033064,5.0937253028480445,10.76349729620083
359,7.0214578144358795,6.000089592262579,5.171759983970014,6.862425847364328,6.9402825419488385,8.069310213929482,10.556360803394515,8.553945499077336,9.146546682966042,12.262072434519665,7.896660718348464,4.885295205901792,5.431080586582442,10.203870721842062
360,6.498491290626296,5.738203195583818,4.420435604055486,7.247631437620806,7.30545775657219,8.606459204845471,11.553809597614114,8.522743634932182,9.182683348706098,12.92877065386029,7.959892830055308,4.844827027184231,5.2327548267761275,10.794699497289177
361,6.401874858548391,6.081364680887023,5.0066663373309,7.209624486048835,7.1830497954291594,8.530447555187548,11.259430693843422,8.224024148690036,9.130485942637128,12.587057946456314,7.724027016545651,5.879800697885842,5.425323670477758,10.484690531637199
362,5.810142190911115,5.963064274111445,5.0244608621183495,7.120256789109331,7.448864572974067,8.737199242257098,11.482996802892641,8.393844130594816,8.921696318361244,12.764684831656982,7.868557557589867,5.6764480998300995,5.276507389171715,10.758464683122064
363,7.2528558884160566,6.224950670790206,4.780280438646128,7.124879256192409,7.142588586515772,8.223360490569538,10.798135916800687,7.931954240052595,7.830569772265635,12.539796981485134,7.455039620713359,5.362819714769006,5.374374962951318,10.126368480429067
364,5.645791107162936,5.795998814161201,5.074878682349456,6.622571166497962,7.199439145875088,8.089579987171595,10.782961746503227,8.382079493294183,8.416786794271003,12.528380006801084,7.5604264735581,5.974900917872108,5.575291335004739,10.058931465173604
365,6.681065402488813,6.070528002403764,4.879138909687514,6.668282229875063,6.674467764403932,8.166605125491623,10.29233024021874,8.061876756329145,8.231084484217932,11.688303078886415,7.083676424974748,5.436674140928553,5.8533503828609055,9.672426780724383
366,6.606110305716631,6.2556545931594405,5.383317111998579,6.689853742929427,6.702636960482872,8.392613097141181,10.949877619775268,8.2966579963722,8.370612165825376,12.222776800723404,7.25329907383914,5.244450292020142,5.209727162357398,9.979416178529103
367,6.758771145014102,6.746014294526915,5.134193764974288,7.07557294063958,6.925941860308652,8.815237869239233,11.28269775496619,8.28540486504116,8.745028174743187,12.671490456910444,7.747111755740212,5.845402745975915,5.378404804224596,10.290431666796835
368,7.569867811461709,5.77884073989604,4.3087255317787205,7.541928508576755,7.703411672087399,8.49497545201385,11.672168125934288,8.8373198062317,8.730975026955388,12.707334447197573,8.797969231249201,5.101799962040741,5.117616504682477,11.02318013106515
369,7.67404851936066,5.988349857239049,4.941419746443587,7.676493661439686,7.492910952297501,8.577068033644407,11.46478779853569,9.164683626771037,9.898390089613336,12.783801626476786,8.9545439840471,5.449826299011761,5.0931496112375765,11.373450001347257
370,6.119246007416584,5.524178795539451,4.481727856101145,8.015988188319062,7.956422269596424,9.410155713895247,12.0080230951847,9.201000550612122,9.622346115210124,12.959304423364143,9.282748754335008,4.486683645533821,5.085665620301489,11.492219670006133
371,7.965616969190067,6.616877209268076,5.704607142883082,8.004175216884528,7.8253074660289945,9.084825853359334,12.060626885549224,9.537059972634534,10.414341372679706,12.979748773379766,9.522629305095895,6.753913358185148,4.976284214312521,11.764987298875242
372,5.817018805293886,5.507923777814563,3.887588445142419,6.371930729104413,6.913649847474205,8.100728362454758,10.73136956749187,8.114561871197195,8.521181606408945,12.345708411856304,7.606595951947225,4.683966016781929,5.686687661630346,10.363907817746817
373,6.793498047647086,6.411883374626425,4.759520159727437,7.41558107497263,7.2726790556803325,8.170659080140046,11.18659467641562,8.344228051544324,9.692611854149122,12.768667497244442,8.225869172949178,5.3425856254102255,4.844738681320525,10.49475575779473
374,6.524622425280818,5.823090510369348,4.081351048383534,6.769462898249098,7.0775433519334925,8.316601447483258,11.112747047634658,8.080290971234483,9.019064556605285,12.41580332619558,7.415895932513884,4.8458387316521705,5.226134373255743,10.469592692400902
375,6.741235778338042,5.8926258639702604,4.599369436640393,6.4345908384528006,6.921844522697169,7.9416106425041715,10.722265065313394,8.226581678537999,9.049178444722,12.774243229066885,7.412884879575462,5.57325424410032,5.243117275764557,9.912985685889392
376,6.652183622081182,6.708085919835507,5.504913031379483,7.407363355713826,7.442206399355409,8.428085200314879,11.141072165523244,8.512002009570734,10.088107584748636,13.068694971499681,8.25899075527181,6.617333255013381,5.2983836703695095,11.217438995905512
377,6.605422644278353,5.921523673258951,4.48073927139073,7.181376076096693,7.221462335536804,8.583148965617042,11.224024296482686,8.659315728813436,9.123459368743228,12.806370064805721,8.360362870865325,5.2232044981934225,5.4561231716378105,10.71619073326043
378,7.056184717068864,6.315256324817365,4.851458537795925,7.114607107118901,6.799436561554139,8.154443261546355,10.7809385237969,8.628625370637872,8.139739023597233,12.790173891416721,8.445676037453923,5.555043563677418,5.803553058555401,10.628623265689903
379,6.942032918314897,6.7107950894563215,5.756013547824601,7.231195999103196,7.261411377248756,8.355114016643272,11.03282975073471,8.772358548093425,9.323214826584099,12.713972223176674,8.49485656878147,5.7624429796049155,5.440003806544699,10.822882130530267
380,6.037414296261631,6.077752454725937,4.792143455171095,6.953847974118532,6.994572265300977,8.488894520041217,10.927622170005664,8.574405737861046,9.084311314191499,12.658480415991411,8.342296553234798,5.035027467156765,5.313351652241684,10.597421064601555
381,5.812549005945084,6.099425811692455,4.242490356180992,7.005722326939738,6.888553654603877,8.589229897589675,11.588204383621685,8.29256594861546,8.577394197560146,12.914964079823767,8.455712880581993,4.8508972539918656,5.633436187662032,10.47563182809542
382,6.249557849970057,6.6764789409260015,5.370465510763199,7.295910538266285,7.590222720570203,9.213538913446751,11.825933051615202,9.103814416389504,9.998769716669052,13.247914922935333,9.337951391539399,6.29055271186908,5.101497139589366,11.15000198065005
383,6.674532618825182,5.851085263117767,4.7140452630483995,7.4422886625637465,7.065251339099046,8.659160615274963,11.482996802892641,8.759570898853607,10.00981147564518,12.858941250560179,8.746781331296042,5.506481749216345,5.201955325616076,11.152015025881557
384,6.599921352772139,6.095813585531368,4.616175376717429,6.69704424728088,6.810704239985714,8.305453072200097,10.846693261752554,8.065457298116293,8.064454303305448,12.799997799865785,8.138548637734965,5.412393233698017,5.24542004220643,10.344783888047507
385,6.291505197704948,5.80683549264446,4.496556626757352,6.644142679552323,6.860384458524936,8.510177781945437,10.9266105586525,8.143206205494387,7.774357181114435,12.8793856005758,8.026135994700574,5.07144882800257,5.453532559390703,10.325659958348195
386,6.215174778056212,6.187022296098799,4.976020211308072,7.179835253735667,7.679851980821375,8.659160615274963,11.45366007365089,9.04652574779512,10.63718414474339,12.977624685066454,8.74377027835762,5.793805818111025,4.876977411506747,10.95674963842544
387,7.5939359618014,6.494964576331411,5.176702907522083,7.302073827710388,7.4304265537223975,8.996652339756142,11.394986615167383,8.722742469042934,10.099149343724765,12.904609149296373,8.69258237840446,5.801899453854537,5.274492468535076,11.109741076019922
388,5.690832931370073,5.840248584634509,4.583552081273772,7.489026940848199,7.993810475301201,9.206444492812011,11.616529501510275,8.942178529998207,9.191717515141113,13.190564538475925,8.90034503115552,4.842803618248354,5.298671516174743,11.129871528334986
389,6.8340700725054235,5.921523673258951,4.296862515253754,7.369356404141853,7.695729164065869,8.970301634541396,11.583146326855866,9.113021523842175,9.954602680764538,13.098963229964369,8.898337662529906,5.318304718179689,5.028384305059898,11.214419428058253
390,6.568976588049678,6.121099168658973,5.1519882897617375,7.707310108660202,7.896498707028497,9.625015310261642,11.992848924887243,8.731949576495602,9.265998439162342,12.839824455740375,9.344977181729046,6.354290093349238,5.251176958311112,11.308026031323298
391,6.639805716192201,6.493158463250869,4.597392267219566,7.082763444991033,6.740025166187647,8.501056383986485,11.018667191790415,8.81072149581288,9.805037036451523,12.743178437484705,8.193751274939352,5.347644147749921,5.604939452943854,10.685995054787835
392,5.578744116930938,5.678601463925894,4.505453889151077,6.98260999152435,6.965378734819167,8.699700161759191,11.250326191664946,8.296146490402608,8.889574837703414,12.690872762769411,8.523963413852876,5.090671212893412,5.473393919951858,10.743366843885765
393,7.39210732966713,5.860115828520483,4.749634312623299,7.198838729521652,7.492910952297501,8.570987101671774,11.252349414371274,8.807652459995323,9.934526755353394,12.67520761145874,8.82908344494622,5.196900182027007,5.305291969695128,11.158054161576075
394,7.825677866500717,7.017834313148662,5.664075169756113,7.1120390698505265,6.804046066367056,7.969988325043128,10.467339004316093,8.629136876607465,6.852872204742984,12.719016932920788,8.252968649394969,6.046731935095778,5.0931496112375765,10.53904275288787
395,5.8410869556335765,6.165348939132281,4.982940304280968,7.065300791566074,7.4780581034558775,8.77672530007922,11.437474292000266,8.642436031816876,9.605281578610652,13.098166696846878,8.611283949067088,5.05121473864379,5.448639180701723,10.946684412267906
396,6.718542950874904,6.337832738324155,5.313127597559196,7.2075700562341325,6.957696226797638,8.504096849972802,11.130956051991607,8.824532156991882,9.012037982711385,12.99886556819957,8.60325447456463,6.017392505525547,5.418991062762609,11.088604101089105
397,6.450698820666052,5.82399356690962,4.600358021350807,7.366788366873477,7.465766090621431,8.757469015499213,11.77130603854435,9.147803929774478,9.809052221533753,13.247914922935333,9.124166632911495,5.445779481140005,5.011977094161552,11.274810785003444
398,6.2997571349642705,6.081364680887023,4.670547535790191,7.295910538266285,7.127735737674149,8.632809910060217,11.372731165397777,8.814813543569622,9.233876958504512,13.092325453985271,9.181376638741497,5.069425419066692,5.365451742989061,11.233543357757563
399,6.3815888461192225,5.9612581610309014,4.7881891163294386,7.244549792898755,6.862433127330676,8.435179620949617,11.149165056348556,8.675683919840402,8.115647913103862,13.106132028021795,8.779902913618674,5.766489797476672,5.399417548006688,11.021167085833644
400,7.846307709649024,7.431434208593052,5.923084363884543,6.943062217591351,6.886504985798134,8.713889003028669,11.476927134773657,8.65113163329995,8.122674486997761,13.17330632093027,8.224865488636372,7.440860691915737,4.981177593001501,10.967821387198725
401,6.911775815030714,6.112068603256257,5.090696037716078,7.416608289879981,7.270630386874591,8.644971774005485,11.46984585530151,8.764685958549535,9.474788063438226,12.953463180502535,8.918411348786048,5.871707062142329,5.442594418791807,11.199321588821956
402,5.947330647847357,5.747233760986534,4.454047484209556,7.2656076984994415,7.389453177607575,8.980436521162453,11.484008414245805,8.78668071524202,9.860245831332167,12.980014284418928,8.840123972387097,5.26569608584686,5.15129446389487,11.271791217156185
403,6.392591429131652,6.271006554344057,4.987883227833037,7.163399815218058,7.567175196505616,8.479773122082266,11.327208654505402,8.922229797184091,10.02687601224465,12.802387399218262,8.785925019495515,5.7482791170537695,5.29780797875904,11.334195619332883
404,7.184433575307506,6.354087756049044,5.345750893002852,7.630782598062583,7.5016177947219,8.561865703712822,11.66205201240265,9.02555400304182,9.815074999157094,13.023823605880978,8.68555658821481,5.8636134263988176,5.192456414043351,11.315071689633573
405,8.074955137876094,7.635524986694431,6.1840707274338,7.342135209097062,7.150783261738738,9.183134253583582,11.580111492796375,8.620952781093983,8.595462530430172,12.927708609703636,9.117140842721845,6.152960904229374,4.995282037457973,11.36841738826849
406,6.798655508434164,6.440781183915116,4.991837566674693,7.357543432707322,7.467814759427172,8.561865703712822,11.36059182915981,8.86187209277215,10.505686833300405,12.94496682724929,8.505897096222347,5.412393233698017,5.130569565918012,11.059414945232263
407,7.463280288528788,6.077752454725937,5.001723413778831,7.66622151236618,7.772554244281161,8.820305312549761,11.867409117094919,9.097164838784801,10.52174757362932,12.98824512663301,8.750796068547269,5.285930175205641,4.8700691121811275,11.369423910884242
408,6.109962577999846,6.45974537126082,4.861344384900064,7.191134617716523,7.442718566556843,8.529434066525441,10.93976150624363,8.532973754324034,10.082084807125293,12.8050425096099,8.515933939350418,5.141256436290362,5.82859564361077,11.056395377385003
409,6.2093296558308575,6.200568144202873,4.779291853935715,7.298478575534661,7.161026605767443,8.649025728653909,11.423311733055971,8.730926564556416,7.9992075457192335,12.956118290894176,8.779902913618674,5.8342739968285855,5.498148659201993,11.329163006254117
410,6.91040049215416,6.278231006666229,5.030392370380833,6.87321160389151,7.375112495967388,7.9487050631389105,10.334817917051623,8.28898540682831,9.320203437772427,12.499439303532219,8.086357053468998,5.111917006720131,5.597167616202533,10.84603215069259
411,6.2849724140413175,6.083170793967566,4.56773472590715,6.860371417549627,7.206609486695181,8.484840565392796,11.16332761529285,8.693075122806556,8.917681133279014,12.776101806341032,8.393484453187957,5.255579041167471,5.4731060741466235,10.93158657303161
412,6.075579506086001,5.847473036956681,4.521271244517699,6.7299151243161,6.875237307366559,8.036878576742101,11.30596481608896,8.59026242291842,8.731978823225944,12.636177488701643,8.100408633848296,5.099776553104862,5.365451742989061,10.631642833537164
413,7.183745913869228,7.066599366323328,5.604760087131282,7.065814399019748,7.318774103809507,8.32774982276642,10.941784728949958,8.42095394698323,8.644648547687474,12.524662852252792,8.344303921860412,6.892516870292793,5.147264622621593,10.66284503462551
414,6.835789226101116,5.798707983782015,4.210855645447749,7.328267807847829,7.428377884916657,8.785846698038169,11.448602016885069,8.842946371897222,9.802025647639852,12.891333597338178,8.49786762171989,5.558078677081236,4.837830381994905,11.063441035695277
415,6.497115967749741,5.9910590268598645,4.544008692857217,7.1459371617930945,7.685485820037165,8.691592252462344,11.486031636952132,8.738087648130714,8.9859392796769,12.813273351823982,8.716670801911828,5.504458340280467,5.212605620409739,10.830934311456293
416,7.284488314576795,6.654805583959484,5.150999705051323,7.162886207764381,7.359235312722894,8.354100527981167,11.052050366444822,8.751386803340125,9.151565664318827,12.778756916732672,8.353337080675676,6.17825351592785,5.092861765432342,11.069480171389797
417,5.385855083494267,5.2659046250217765,3.5722299225203997,6.887079005140744,7.228632676356899,8.227414445217963,11.435451069293938,8.087452054808782,8.159814949008375,12.691403784847738,7.724027016545651,4.925763384619352,5.175185665729303,10.029742309316761
418,6.848167131990101,6.0940074724508255,4.596403682509151,7.571204133436248,7.63939077190799,9.228741243378336,11.693411964350732,8.473127555881687,10.132274620653149,12.613343539333542,9.048890309450965,5.058296669919363,5.582775325940826,11.395593498893827
419,6.3331087147207,5.777937683355769,4.203935552474851,6.674445519319167,7.453474077786985,8.636863864708642,11.240210078133307,8.71660439740782,8.341502073979218,12.810618241432342,8.46775709233568,5.052226443111729,5.205409475278886,10.712164642797417
420,6.203828364324643,6.0696249458634925,5.086741698874423,6.838286297041589,7.092396200775116,8.205117694651639,11.268535196021897,8.49256478272621,9.173649182271085,13.096573630611895,8.412554455131291,5.430603914120919,5.4549717884168745,10.852071286387108
421,6.237523774800211,6.350475529887957,5.011609260882969,6.755081889546189,6.607373861015911,8.28619678762009,10.789031414622212,8.319675765003872,8.535234754196745,12.50156339184553,8.128511794606895,5.404299597954505,5.567231652458184,10.614531949069358
422,6.20898582511172,6.066012719702407,4.32652005656617,7.079681800268982,7.300336084557836,8.436193109611724,11.164339226646016,8.67312638999244,9.609296763692882,12.922929410998686,8.588199209872526,5.198923590962886,5.286294146549675,10.809797336525476
423,5.606594405181152,5.703887047053499,3.9587665442922164,6.88861982750177,7.245022026802827,8.189915364720052,11.17647856288398,8.751898309309718,10.37720091066909,12.476870865203285,7.985988622188291,4.892377137177364,5.205409475278886,10.744373366501518
424,6.6047349828400765,6.506704311354942,5.2350294054365,6.94973911448913,7.440157730549668,8.062215793294742,11.026760082615725,8.645505067634431,8.512147439973932,12.578827104242233,8.210813908257073,5.677459804298039,5.253767570558219,10.906423507637781
425,6.704445891390228,6.2258537273304775,4.710090924206745,7.188052972994471,7.530811325203711,8.820305312549761,11.330243488564895,8.703305242198411,9.387457787899756,12.79229797973003,7.932793353609518,5.561113790485052,5.1449618561797195,10.619564562148124
426,7.07234476086837,6.455230088559462,5.081798775322354,6.65441482862583,7.160002271364572,8.331803777414843,11.200757235359916,8.495122312574173,8.778153451671571,12.738133727740589,7.8876275595332,6.166113062312582,5.226422219060978,10.38705783790914
427,5.542298060702263,6.345960247186599,4.813892318800199,6.629761670849415,7.131320908084197,8.059175327308425,10.970109846838549,8.349854617209843,9.41355649093424,12.259151813088861,6.85784745459316,5.3567494879613715,5.3694815842623385,10.105231505498251
428,5.7001163607868115,5.432067028431749,4.189106781818644,7.044242885965386,7.744897215403656,8.317614936145363,11.462764575829365,8.381056481355,10.109187306430336,12.553072533443332,8.196762327877774,5.062343487791119,5.302989203253254,10.853077809002862
429,6.291505197704948,6.344154134106056,4.861344384900064,6.876806856067238,7.089323197566504,8.701727139083403,11.284720977672519,7.861366416248801,9.923484996377265,12.728309819291525,7.532323312799503,6.1165395433835705,4.661380903386386,10.380012179598868
430,6.062170108039601,5.830314962691521,4.767428837410748,7.206542841326781,7.226584007551158,9.017935601660362,11.388916947048399,8.563152606530005,9.240903532398413,12.887350931750719,8.244939174892513,4.842803618248354,5.254055416363453,10.623590652611137
431,6.075579506086001,5.570234679093303,4.388800893322243,6.882970145511341,7.177928123414807,8.560852215050717,11.43848590335343,8.496656830482952,8.890578633973972,12.680252321202854,7.869561241902673,5.169584161392654,5.512828795268934,10.439397013928305
432,6.057012647252525,6.075946341645394,4.521271244517699,6.996477392773583,6.648347237130732,8.609499670831788,11.16838567205867,8.674149401931624,8.981924094594671,12.677597210811214,7.92877861635829,5.470060388370541,5.73159160724687,10.577290612286491
433,6.7539575149461655,6.243011801595638,4.8346525977188906,7.356002610346295,7.632732598289331,9.067596546103537,11.559879265733098,8.874659742011968,10.95940274759223,12.894785240847309,7.439984356021253,5.881824106821719,4.845890064541462,10.856097376850121
434,6.146408634228521,6.020859892688827,4.490625118494869,7.305669079886116,7.069348676710527,8.748347617540261,11.609448222038129,8.361619254510476,9.823105369321551,12.564755019166544,6.845803242839476,5.611699013882003,5.295217366511934,10.679955919093317
435,6.081768459030493,6.128323620981146,4.175266595872849,6.730942339223451,7.465253923419996,8.987530941797193,11.21491979430421,8.692052110867369,9.711683983289708,12.757781544638721,7.463069095215816,4.869107934414767,5.079908704196806,10.21896856107836
436,6.583073647534356,6.009120157665295,4.803017886985647,5.926633066767924,6.080353810739012,7.858504572211508,10.221517445497268,7.9452533952620055,9.068250573862585,11.790259317925363,7.103750111230889,5.2950355154170925,5.116752967266775,9.705642027044238
437,6.171852107444767,6.2312720665721075,4.977008796018485,6.456162351507163,6.461918375808291,8.508150804621225,10.901320274823401,8.387706058959704,8.830350857740543,12.379428313830122,7.951863355552852,5.712869460675904,5.163959679325171,10.2159489932311
011_PD,6.42009186612893,6.024300803920317,4.688156593322166,6.862533296782321,6.60779083919988,8.076100387418572,10.809859163500837,8.389517978276293,8.813183460474743,12.261508549624011,7.848119897389044,5.337040585353161,4.971837171456261,10.531116664245785
012_PD,7.072805810586049,6.038653305339656,4.96569689500986,7.6389106943767455,7.302634258006956,8.528051469989668,11.173256531226016,8.401183912962315,8.214258913107734,12.699053494443168,8.194444583911785,5.784275192591016,5.880013201293885,10.600185782552963
015_PD,6.786235920965399,6.076267656753609,4.853180092611635,7.1001367270848155,6.917102079360199,8.540031861508359,11.499515961261752,8.628871316358259,9.204154866781442,12.62178894043118,8.337811721247295,5.621534708001807,5.21990079608696,10.915588617040905
016_PD,6.384070695993,6.010536224518449,4.686433871259057,7.425616505711087,7.36600621335051,8.728227616350061,11.503564072736387,8.745117877782311,9.436466934912929,12.973734610257175,8.559069700380926,5.298770594141346,5.508737184380871,10.95804239329628
022_PD,6.211190148222262,6.024135914192138,4.902103990662412,7.579578645869539,7.863931753091319,8.731645976479948,11.552181719115772,8.748909392970754,10.022029877040273,13.041786004583674,8.37094633917223,5.443320540875729,5.611541937847719,10.85181833933336
024_PD,7.125734685322593,6.026216838666592,4.88754358212852,7.268376462506336,7.255636190405654,8.61225000834216,11.295580229750147,8.644569618176241,9.054522336205295,12.672016269216762,8.340224975614396,5.618327409564053,5.003252580497105,10.866655892300988
028_PD,6.804379358277579,6.019437334362966,4.776177816342862,7.771303620588538,7.749612093481085,8.736936305237103,11.259875230421045,8.858798546284389,9.888952107197483,12.906612918567461,8.842513854115234,5.712449393040828,5.513305027681893,10.983441293713273
031_PD,7.511261873447351,6.0676750241091355,4.996686928456149,7.800205584612374,7.750931006816751,8.982903473580297,11.637172382265508,8.920899905169787,8.816903796805565,12.815077828706032,8.915558646718695,5.652971669376239,5.615119400420548,11.088676298329862
045_PD,6.442965123941722,6.0674550836158145,4.807244358388206,7.46442424388362,7.620031548399168,8.929016017299228,11.71482000693225,8.929697012661517,9.950191905194975,12.977400257633185,8.682478981226561,5.543092336231508,5.29203336365848,11.103304070131502
049_PD,6.5655906480404305,6.120017548629993,5.035931744284523,7.4100873046871545,7.248417506922403,8.706269257876933,11.479564041139344,8.675329527897471,9.483410425417533,12.784565969125934,8.481740669885037,5.316856915423154,4.901085683672355,10.994208445261652
050_PD,7.678881076799301,6.05813334545999,4.982993756469248,7.107669165175739,7.675759226716951,9.016165233673252,11.947246405241785,8.909588872039777,9.70326745087393,13.258372697061072,8.657986657941976,5.46230259766801,4.9566732931654105,11.272096640609435
051_PD,7.082163135719411,6.041761516159891,4.844741622906985,7.405446009087459,7.346631149902805,8.860061846926696,11.603272782776616,8.85402975862388,9.959380431436959,13.129680130375624,8.738218212315461,5.63740588534628,5.285002732351503,11.121129015562852
021_CC,6.228375406441696,6.004890224393186,4.636426604524486,7.008219826140623,6.969058291748055,8.588203852752024,11.478316911182137,8.605494188650566,8.886917371208877,12.582643063586797,7.9032738381266485,5.635445531670614,4.977838137778232,10.842841602093072
023_CC,6.207350022302609,5.989476651229708,4.653314457447903,7.4695691366869825,7.136907991116254,8.520551676402608,11.038992156481605,8.599692490789895,8.903233744817644,12.702834125031652,8.354321230060668,5.407085261568664,5.130323249973105,10.751228019885243
025_CC,6.665926727550922,6.013487979051448,4.693287448484917,7.26171912144205,7.26486703504764,8.657861121730662,11.358734237202212,8.661940307923357,9.714670555404865,12.824709714411004,8.401066738806739,5.438954559308947,5.046412694161324,10.92251571684459
026_CC,7.744022252162631,6.019962684831268,4.898548736207531,7.439396897433357,7.187815976901508,8.757571516168003,11.435484011708214,8.583737983833457,8.733005258028555,12.754886335804104,8.318201315220408,5.5716761733917375,5.186320065602976,10.984012718183966
027_CC,6.268261475079756,6.049071951122688,4.786732629964706,6.984248564335889,7.244277028271421,8.876309477544448,11.566500672837174,8.821682363665612,9.111061433118506,12.674694524158749,8.548143075217071,5.357205762756194,5.039914248800151,11.113138640240981
029_CC,6.279555884776023,6.141760484072565,5.028072341046261,7.2154662776060015,7.624440010129065,9.146586824766626,11.953619593500528,9.054630076746255,10.003374610787022,13.255105837558181,8.911917592302824,5.704438004675323,5.058583283777954,11.419372065358997
030_CC,6.734497322672485,6.034300845449981,4.799744911815139,7.286541591247124,7.4615256506980705,8.72662910487785,11.563367797702167,8.568725240362411,9.05085898700502,12.803056756259915,8.359459607115447,5.585464130171266,5.240005613552479,10.966492972226222
036_CC,5.375939028898236,6.016524975992626,4.8327536302672955,7.035788536148818,6.584613452393848,8.319186764732354,11.24835879822677,8.424153286230732,8.375975254151365,12.53587285206279,8.020798026559664,5.639526942664602,4.71683456206672,10.692858342753677
038_CC,6.291385516787523,5.989476651229708,4.714080800127386,6.858052019815997,6.773045181648371,8.180209118898754,11.11180154370521,8.356002473856469,8.415946249794583,12.29942672881414,7.831243526580153,5.3594343051965305,4.755161229613542,10.668029894095415
039_CC,6.570888525874668,5.996903204234077,4.91498787488736,6.835202866234727,7.064059322861036,8.511951378793293,11.529533572341178,8.655041035114987,8.928790332734772,12.471115119654893,8.41026570684082,5.30011306231106,4.61882512690481,10.989586496833235
040_CC,5.111410075251852,5.989476651229708,4.818298321983572,7.090646747563516,7.513909403576214,8.414278310927301,11.612300013023098,8.657546422442703,9.696843807142509,12.550619047319636,8.425444512822637,5.35207932437418,5.162514748740592,10.765205972634616
041_CC,5.656396592614422,6.019231917092244,4.690537098455003,7.130740459701952,7.480703291104584,8.725434310868154,11.449406538013642,8.707572705050122,9.204219022146106,12.82152800843297,8.398002253406478,5.166347295757717,5.476159452751198,10.879195481899089
043_CC,7.339532927304767,6.082244450271766,4.992256476197293,7.638758337916137,7.5791377864146625,8.823336200200572,11.47432650255895,8.717849730618537,9.501097051679118,12.809238701769575,8.459329002692613,5.270480334908229,5.304147425429404,10.951225039222349
047_CC,7.172462902096749,6.055828827365631,4.889076133780718,7.35260857488135,7.391371667098804,8.881848580977978,11.637331691825901,8.867319091000024,10.170291720287334,12.982847936415382,8.590959792293035,5.26872207708083,4.92276313958395,11.148590631598578
